strategy_id,symbol,timeframe,stage_reached,status,error,counts_as_attempt,tradable,tradability_judged,spread_atr_ratio,spread_stop_share,tradability_reason,gate_passed,gate_signals,gate_best_net_points,gate_best_p_value,gate_verdict,expected_ambiguous_share,ambiguity_flag,run_id,bars,trades,net_pnl,final_equity,sharpe_per_trade,sharpe_annualized,mean_r,win_rate,max_drawdown_pct,p_value,ambiguous_share,band_money,signals,gate_rejected,gate_rejected_share,structural_rejected_share,discretionary_rejected_share,equity_rejected_share,gates_materially_altered,top_gate,top_gate_share,gate_warnings,spread_charged_median,spread_zero_share,spread_trustworthy,spread_measured_share,spread_assumed_bars,relaxed_trades,relaxed_net_pnl,relaxed_sharpe_per_trade,relaxed_verdict,permutation_p_value,permutation_kind,permutation_iterations
ma-crossover,XTIUSD,H1,permutation,ok,,True,True,True,0.09936100937431996,0.04968050468715998,"spread is 9.9% of one ATR (30 of 302 points), 5.0% of a 2x ATR stop. The spread was measured from 2025-04-02, after this series begins (2025-01-01): for the earlier bars it is an assumption, not a measurement",True,34.0,1070.7437913022231,0.022212052778880942,"PASSES on 1 of 15 combinations. Best: both at 30 bars, net +605.35 pt (p=0.0164). Caution: with 15 parallel tests some positives at the 5% level are expected by chance; confirm out-of-sample.",0.02840909090909091,False,8a225d1c5f2d77e1,5897.0,32.0,95.4316030003628,195.43160300036274,0.3307362353198561,1.8898459808686425,0.5992164089535609,0.53125,0.2025393915560354,0.07082100233845412,0.0,0.0,34.0,2.0,0.058823529411764705,0.058823529411764705,0.0,0.0,False,position_open,0.058823529411764705,[],30.0,0.0,True,0.7490249279294556,1480.0,,,,,0.014925373134328358,random_entries,200.0
ma-crossover,EURUSD.r,H1,permutation,ok,,True,True,True,0.007084351436781753,0.0035421757183908766,"spread is 0.7% of one ATR (1 of 141 points), 0.4% of a 2x ATR stop. The spread was measured from 2025-05-01, after this series begins (2025-01-01): for the earlier bars it is an assumption, not a measurement",True,40.0,206.42499593957865,0.18217309526538805,"PASSES on 1 of 15 combinations. Best: both at 30 bars, net +142.36 pt (p=0.0494). Caution: with 15 parallel tests some positives at the 5% level are expected by chance; confirm out-of-sample.",0.030664395229982964,False,2d53dbf7c53bd7aa,6217.0,40.0,37.11399343245124,137.11399343245125,0.24315649859953545,1.6392524541023328,0.29349565951461826,0.425,0.11023750877231392,0.1321583202389045,0.0,0.0,40.0,0.0,0.0,0.0,0.0,0.0,False,,,[],1.0,0.0,True,0.6702589673475953,2050.0,,,,,0.06467661691542288,random_entries,200.0
rsi-mean-reversion,AUDUSD.r,H1,permutation,ok,,True,True,True,0.029514020877138194,0.014757010438569097,"spread is 3.0% of one ATR (3 of 102 points), 1.5% of a 2x ATR stop. The spread was measured from 2025-05-01, after this series begins (2025-01-01): for the earlier bars it is an assumption, not a measurement",True,178.0,349.8159324257838,1.1240208098728388e-05,"PASSES on 7 of 15 combinations. Best: both at 120 bars, net +277.59 pt (p=0.0000). Caution: with 15 parallel tests some positives at the 5% level are expected by chance; confirm out-of-sample.",0.052580331061343716,False,3b213baf407a2e53,6217.0,146.0,38.37640019264755,138.37640019264757,0.19466955282869164,2.3542401270566007,0.12574560685535296,0.7534246575342466,0.07997805449821176,0.020007179285858268,0.00684931506849315,2.8203152582415782,178.0,32.0,0.1797752808988764,0.1797752808988764,0.0,0.0,False,position_open,0.1797752808988764,[],3.0,0.0,True,0.6707415152002574,2047.0,,,,,0.004975124378109453,random_entries,200.0
donchian-breakout,GBPUSD.r,H1,permutation,ok,,True,True,True,0.01833031074831257,0.009165155374156285,"spread is 1.8% of one ATR (3 of 164 points), 0.9% of a 2x ATR stop. The spread was measured from 2025-04-30, after this series begins (2025-01-01): for the earlier bars it is an assumption, not a measurement",True,460.0,77.19109708211784,0.037746798131096826,"PASSES on 1 of 15 combinations. Best: long at 30 bars, net +77.19 pt (p=0.0377). Caution: with 15 parallel tests some positives at the 5% level are expected by chance; confirm out-of-sample.",0.015037593984962407,False,b9d3e44b447861ec,6217.0,209.0,61.67848705300728,161.67848705300753,0.06389334132614534,1.2314347628783373,0.08170057804583655,0.36363636363636365,0.32839901820765904,0.3567152662164297,0.0,0.0,460.0,251.0,0.5456521739130434,0.5456521739130434,0.0,0.0,True,position_open,0.5456521739130434,"['signal while already in a position rejected 251 of 460 signals (55%): above 20%, this gate is selecting the trades rather than trimming the tail']",3.0,0.0,True,0.6717066109055815,2041.0,,,,"55% of the signals were rejected, 55% of them because a position was already open. That is structural to a one-position engine and cannot be relaxed; the discretionary gates rejected 0%, so there is nothing to open",0.11940298507462686,random_entries,200.0
rsi-mean-reversion,EURUSD.r,H1,permutation,ok,,True,True,True,0.007084351436781753,0.0035421757183908766,"spread is 0.7% of one ATR (1 of 141 points), 0.4% of a 2x ATR stop. The spread was measured from 2025-05-01, after this series begins (2025-01-01): for the earlier bars it is an assumption, not a measurement",True,189.0,374.69821223552515,0.00809309150780213,"PASSES on 4 of 15 combinations. Best: long at 15 bars, net +116.33 pt (p=0.0052). Caution: with 15 parallel tests some positives at the 5% level are expected by chance; confirm out-of-sample.",0.06621880998080615,False,7e748f6d701c94f6,6217.0,158.0,17.832000637788862,117.83200063778898,0.05483782540449608,0.8064803296166357,0.04857541884612978,0.6962025316455697,0.20693126603184017,0.491651490201253,0.012658227848101266,8.812256592705172,189.0,31.0,0.164021164021164,0.164021164021164,0.0,0.0,False,position_open,0.164021164021164,[],1.0,0.0,True,0.6702589673475953,2050.0,,,,,0.15920398009950248,random_entries,200.0
atr-volatility-breakout,GBPUSD.r,H1,permutation,ok,,True,True,True,0.01833031074831257,0.009165155374156285,"spread is 1.8% of one ATR (3 of 164 points), 0.9% of a 2x ATR stop. The spread was measured from 2025-04-30, after this series begins (2025-01-01): for the earlier bars it is an assumption, not a measurement",True,320.0,86.22598552025107,0.039286034087625876,"PASSES on 1 of 15 combinations. Best: long at 30 bars, net +86.23 pt (p=0.0393). Caution: with 15 parallel tests some positives at the 5% level are expected by chance; confirm out-of-sample.",0.01759530791788856,False,b5486dbbac999253,6217.0,174.0,42.808809584811456,142.80880958481137,0.051822944720689205,0.9665339750927979,0.0546738629758573,0.3563218390804598,0.3237972594351109,0.49514764604852424,0.005747126436781609,7.537310864523619,320.0,146.0,0.45625,0.45625,0.0,0.0,True,position_open,0.45625,"['signal while already in a position rejected 146 of 320 signals (46%): above 20%, this gate is selecting the trades rather than trimming the tail']",3.0,0.0,True,0.6717066109055815,2041.0,,,,"46% of the signals were rejected, 46% of them because a position was already open. That is structural to a one-position engine and cannot be relaxed; the discretionary gates rejected 0%, so there is nothing to open",0.263681592039801,random_entries,200.0
bollinger-breakout,XAUUSD.r,M5,permutation,ok,,True,True,True,0.026065765377050437,0.013032882688525219,"spread is 2.6% of one ATR (7 of 269 points), 1.3% of a 2x ATR stop. The spread was measured from 2025-04-02, after this series begins (2025-01-01): for the earlier bars it is an assumption, not a measurement",True,4327.0,106.53851286607582,0.054827781152506305,"PASSES on 1 of 15 combinations. Best: both at 120 bars, net +80.93 pt (p=0.0305). Caution: with 15 parallel tests some positives at the 5% level are expected by chance; confirm out-of-sample.",0.03050743522918902,False,ff898b3218152b52,70861.0,2186.0,4716.787166906498,4816.787166906492,0.051357898162721904,3.0021341661246064,0.08189454587222787,0.36825251601097897,0.6133736099165321,0.016423502945416724,0.0,0.0,4327.0,2141.0,0.49480009244280104,0.49480009244280104,0.0,0.0,True,position_open,0.49480009244280104,"['signal while already in a position rejected 2141 of 4327 signals (49%): above 20%, this gate is selecting the trades rather than trimming the tail']",7.0,0.0,True,0.7504127799494785,17686.0,,,,"49% of the signals were rejected, 49% of them because a position was already open. That is structural to a one-position engine and cannot be relaxed; the discretionary gates rejected 0%, so there is nothing to open",0.004975124378109453,random_entries,200.0
rsi-mean-reversion,GBPUSD.r,M5,permutation,ok,,True,True,True,0.06908527196296996,0.03454263598148498,"spread is 6.9% of one ATR (3 of 43 points), 3.5% of a 2x ATR stop. The spread was measured from 2025-04-30, after this series begins (2025-01-01): for the earlier bars it is an assumption, not a measurement",True,1945.0,10.432079750890495,0.13502271136092325,"PASSES on 1 of 15 combinations. Best: long at 15 bars, net +9.65 pt (p=0.0396). Caution: with 15 parallel tests some positives at the 5% level are expected by chance; confirm out-of-sample.",0.042836726022635094,False,b2a461d8c8abf344,74575.0,1607.0,45.33780926718242,145.33780926718222,0.042612559741298316,1.7846302349963445,0.004792337323280093,0.6720597386434349,0.20213620110219765,0.08778748540640091,0.0043559427504667085,6.3324409618897946,1945.0,338.0,0.1737789203084833,0.1737789203084833,0.0,0.0,False,position_open,0.1737789203084833,[],3.0,0.0,True,0.6717934964800536,24476.0,,,,,0.004975124378109453,random_entries,200.0
rsi-mean-reversion,AUDUSD.r,M15,permutation,ok,,True,True,True,0.061809654362676575,0.030904827181338287,"spread is 6.2% of one ATR (3 of 49 points), 3.1% of a 2x ATR stop. The spread was measured from 2025-05-01, after this series begins (2025-01-01): for the earlier bars it is an assumption, not a measurement",True,616.0,51.41617354879438,0.036957588373013994,"PASSES on 4 of 15 combinations. Best: both at 5 bars, net +8.76 pt (p=0.0207). Caution: with 15 parallel tests some positives at the 5% level are expected by chance; confirm out-of-sample.",0.054138145612943375,False,ee786325a75d40ee,24862.0,528.0,15.397953338580649,115.39795333858073,0.03846829192046512,0.9470970060612214,0.035339951832336215,0.6912878787878788,0.1543640673689457,0.37713488590280164,0.00946969696969697,6.360971021042932,616.0,88.0,0.14285714285714285,0.14285714285714285,0.0,0.0,False,position_open,0.14285714285714285,[],3.0,0.0,True,0.6707022765666479,8187.0,,,,,0.03482587064676617,random_entries,200.0
bollinger-mean-reversion,AUDUSD.r,M15,permutation,ok,,True,True,True,0.061809654362676575,0.030904827181338287,"spread is 6.2% of one ATR (3 of 49 points), 3.1% of a 2x ATR stop. The spread was measured from 2025-05-01, after this series begins (2025-01-01): for the earlier bars it is an assumption, not a measurement",True,1484.0,22.52919817784993,0.020871573238699703,"PASSES on 9 of 15 combinations. Best: both at 60 bars, net +21.58 pt (p=0.0040). Caution: with 15 parallel tests some positives at the 5% level are expected by chance; confirm out-of-sample.",0.05908683974932856,False,692fbbecaaf5b92c,24862.0,1269.0,31.38940862294601,131.3894086229461,0.035184324534142164,1.1918846159572987,0.0331211656958324,0.6887312844759653,0.19940149519516406,0.21030136930154586,0.006304176516942475,10.831644603828433,1484.0,215.0,0.14487870619946092,0.14487870619946092,0.0,0.0,False,position_open,0.14487870619946092,[],3.0,0.0,True,0.6707022765666479,8187.0,,,,,0.004975124378109453,random_entries,200.0
bollinger-mean-reversion,AUDUSD.r,H1,permutation,ok,,True,True,True,0.029514020877138194,0.014757010438569097,"spread is 3.0% of one ATR (3 of 102 points), 1.5% of a 2x ATR stop. The spread was measured from 2025-05-01, after this series begins (2025-01-01): for the earlier bars it is an assumption, not a measurement",True,401.0,83.95255242270217,0.06028178095611825,"PASSES on 1 of 15 combinations. Best: both at 120 bars, net +83.90 pt (p=0.0173). Caution: with 15 parallel tests some positives at the 5% level are expected by chance; confirm out-of-sample.",0.05351170568561872,False,6115e8666a8903bb,6217.0,341.0,18.098853375886474,118.09885337588655,0.035143680858910974,0.7025492500476992,0.028356029284858395,0.6862170087976539,0.3653982901538917,0.5167960582258093,0.005865102639296188,5.340611307112553,401.0,60.0,0.14962593516209477,0.14962593516209477,0.0,0.0,False,position_open,0.14962593516209477,[],3.0,0.0,True,0.6707415152002574,2047.0,,,,,0.18407960199004975,random_entries,200.0
bollinger-mean-reversion,USDJPY.r,H1,permutation,ok,,True,True,True,0.012680335786393626,0.006340167893196813,"spread is 1.3% of one ATR (3 of 237 points), 0.6% of a 2x ATR stop. The spread was measured from 2025-05-01, after this series begins (2025-01-01): for the earlier bars it is an assumption, not a measurement",True,369.0,224.8228637034601,0.03720567486341997,"PASSES on 1 of 15 combinations. Best: short at 120 bars, net +224.82 pt (p=0.0372). Caution: with 15 parallel tests some positives at the 5% level are expected by chance; confirm out-of-sample.",0.045556051808843236,False,644ac78be37179b1,6217.0,316.0,22.113904164377452,122.11390416437727,0.03413827674481753,0.7928150341179824,-0.005066007136744777,0.6645569620253164,0.2134315843895917,0.5443840973063541,0.0189873417721519,22.65197924747688,369.0,53.0,0.14363143631436315,0.14363143631436315,0.0,0.0,False,position_open,0.14363143631436315,[],3.0,0.0,True,0.6702589673475953,2050.0,,,,,0.19402985074626866,random_entries,200.0
ma-crossover,USDJPY.r,M15,permutation,ok,,True,True,True,0.026588597351210812,0.013294298675605406,"spread is 2.7% of one ATR (3 of 113 points), 1.3% of a 2x ATR stop. The spread was measured from 2025-05-01, after this series begins (2025-01-01): for the earlier bars it is an assumption, not a measurement",True,145.0,274.02100566737636,0.004995070587092254,"PASSES on 4 of 15 combinations. Best: short at 120 bars, net +274.02 pt (p=0.0050). Caution: with 15 parallel tests some positives at the 5% level are expected by chance; confirm out-of-sample.",0.02355316285329744,False,269d0b903757b761,24862.0,143.0,9.753458383490697,109.75345838349071,0.03159995121962719,0.464014971969363,0.035477177532416505,0.34965034965034963,0.33688667388409255,0.7060836553149485,0.006993006993006993,2.2470165600290244,145.0,2.0,0.013793103448275862,0.013793103448275862,0.0,0.0,False,position_open,0.013793103448275862,[],3.0,0.0,True,0.6702196122596734,8199.0,,,,,0.31840796019900497,random_entries,200.0
rsi-mean-reversion,EURUSD.r,M5,permutation,ok,,True,True,True,0.027474659058689503,0.013737329529344752,"spread is 2.7% of one ATR (1 of 36 points), 1.4% of a 2x ATR stop. The spread was measured from 2025-05-01, after this series begins (2025-01-01): for the earlier bars it is an assumption, not a measurement",True,2003.0,14.317080868573857,0.016822660531983225,"PASSES on 3 of 15 combinations. Best: long at 30 bars, net +14.32 pt (p=0.0168). Caution: with 15 parallel tests some positives at the 5% level are expected by chance; confirm out-of-sample.",0.0600398820877406,False,59994cdd529fd916,74572.0,1651.0,32.26008002685673,132.26008002685668,0.03129091924434099,1.266963374395039,0.0204483968129378,0.6807995154451847,0.17600126468012542,0.2037555282429402,0.0036341611144760752,11.785676142943984,2003.0,352.0,0.17573639540688968,0.17573639540688968,0.0,0.0,False,position_open,0.17573639540688968,[],1.0,0.0,True,0.6703320281070643,24584.0,,,,,0.01990049751243781,random_entries,200.0
ma-crossover,XBRUSD,H1,permutation,ok,,True,True,True,0.09835577978039388,0.04917788989019694,"spread is 9.8% of one ATR (30 of 305 points), 4.9% of a 2x ATR stop. The spread was measured from 2025-02-14, after this series begins (2025-01-02): for the earlier bars it is an assumption, not a measurement",True,32.0,845.1309166040554,0.07858292877373163,"PASSES on 2 of 15 combinations. Best: both at 15 bars, net +357.69 pt (p=0.0260). Caution: with 15 parallel tests some positives at the 5% level are expected by chance; confirm out-of-sample.",0.02868852459016393,False,06ff05e904c24b7c,5384.0,32.0,7.902244066623641,107.9022440666236,0.02574260512783038,0.4050042059054338,0.13881515155833912,0.40625,0.39734599193975517,0.8851624364105801,0.0,0.0,32.0,0.0,0.0,0.0,0.0,0.0,False,,,[],30.0,0.0,True,0.8776002971768202,659.0,,,,,0.20398009950248755,random_entries,200.0
rsi-mean-reversion,USDCAD.r,H1,permutation,ok,,True,True,True,0.039514386483911625,0.019757193241955812,"spread is 4.0% of one ATR (5 of 127 points), 2.0% of a 2x ATR stop. The spread was measured from 2025-05-01, after this series begins (2025-01-01): for the earlier bars it is an assumption, not a measurement",True,177.0,178.02189236965245,0.023057978256835643,"PASSES on 2 of 15 combinations. Best: long at 120 bars, net +178.02 pt (p=0.0231). Caution: with 15 parallel tests some positives at the 5% level are expected by chance; confirm out-of-sample.",0.06674020959735245,False,6bab447f7aa68c28,6217.0,136.0,3.447991076877827,103.44799107687786,0.017588044125987044,0.29327224266016083,-0.0291148849516807,0.6397058823529411,0.16185726542244663,0.8377950640751584,0.014705882352941176,7.095109060871639,177.0,41.0,0.23163841807909605,0.23163841807909605,0.0,0.0,True,position_open,0.23163841807909605,"['signal while already in a position rejected 41 of 177 signals (23%): above 20%, this gate is selecting the trades rather than trimming the tail']",5.0,0.0,True,0.6704198166318159,2049.0,,,,"23% of the signals were rejected, 23% of them because a position was already open. That is structural to a one-position engine and cannot be relaxed; the discretionary gates rejected 0%, so there is nothing to open",0.3333333333333333,random_entries,200.0
rsi-mean-reversion,EURUSD.r,M15,permutation,ok,,True,True,True,0.014945622219214697,0.007472811109607349,"spread is 1.5% of one ATR (1 of 67 points), 0.7% of a 2x ATR stop. The spread was measured from 2025-05-01, after this series begins (2025-01-01): for the earlier bars it is an assumption, not a measurement",True,692.0,21.05784076287805,0.04968441314116867,"PASSES on 2 of 15 combinations. Best: long at 5 bars, net +14.36 pt (p=0.0431). Caution: with 15 parallel tests some positives at the 5% level are expected by chance; confirm out-of-sample.",0.05896837739761535,False,8b44e8f4b55c2af0,24862.0,561.0,9.134640559380923,109.13464055938091,0.015182723756096956,0.4792549595014119,0.017205250929030014,0.6773618538324421,0.15722921699104225,0.7192747661401167,0.0071301247771836,7.572995666933032,692.0,131.0,0.1893063583815029,0.1893063583815029,0.0,0.0,False,position_open,0.1893063583815029,[],1.0,0.0,True,0.6702598342852546,8198.0,,,,,0.2736318407960199,random_entries,200.0
ema-trend-filter,USDCAD.r,H1,permutation,ok,,True,True,True,0.039514386483911625,0.019757193241955812,"spread is 4.0% of one ATR (5 of 127 points), 2.0% of a 2x ATR stop. The spread was measured from 2025-05-01, after this series begins (2025-01-01): for the earlier bars it is an assumption, not a measurement",True,239.0,117.18929059361282,0.046521453539922764,"PASSES on 1 of 15 combinations. Best: short at 60 bars, net +117.19 pt (p=0.0465). Caution: with 15 parallel tests some positives at the 5% level are expected by chance; confirm out-of-sample.",0.043478260869565216,False,0ac331955e859df4,6217.0,79.0,4.146849368070063,104.14684936807005,0.01468044014636181,0.2833507215933176,-0.008565467287940998,0.34177215189873417,0.24283506894829987,0.8965205512502741,0.0,0.0,239.0,160.0,0.6694560669456067,0.6694560669456067,0.0,0.0,True,position_open,0.6694560669456067,"['signal while already in a position rejected 160 of 239 signals (67%): above 20%, this gate is selecting the trades rather than trimming the tail']",5.0,0.0,True,0.6704198166318159,2049.0,,,,"67% of the signals were rejected, 67% of them because a position was already open. That is structural to a one-position engine and cannot be relaxed; the discretionary gates rejected 0%, so there is nothing to open",0.32338308457711445,random_entries,200.0
ema-trend-filter,EURUSD.r,M5,permutation,ok,,True,True,True,0.027474659058689503,0.013737329529344752,"spread is 2.7% of one ATR (1 of 36 points), 1.4% of a 2x ATR stop. The spread was measured from 2025-05-01, after this series begins (2025-01-01): for the earlier bars it is an assumption, not a measurement",True,3255.0,16.72834302129809,0.005680084366532445,"PASSES on 3 of 15 combinations. Best: short at 30 bars, net +15.98 pt (p=0.0003). Caution: with 15 parallel tests some positives at the 5% level are expected by chance; confirm out-of-sample.",0.03615960099750623,False,569f863356bc8221,74572.0,931.0,11.538970083424841,111.53897008342496,0.01018307726844381,0.4764168722722825,0.02776979753684332,0.3394199785177229,0.2484817536787149,0.7560914518316035,0.0021482277121374865,7.889243236983097,3255.0,2324.0,0.7139784946236559,0.7139784946236559,0.0,0.0,True,position_open,0.7139784946236559,"['signal while already in a position rejected 2324 of 3255 signals (71%): above 20%, this gate is selecting the trades rather than trimming the tail']",1.0,0.0,True,0.6703320281070643,24584.0,,,,"71% of the signals were rejected, 71% of them because a position was already open. That is structural to a one-position engine and cannot be relaxed; the discretionary gates rejected 0%, so there is nothing to open",0.15422885572139303,random_entries,200.0
bollinger-mean-reversion,EURUSD.r,M15,permutation,ok,,True,True,True,0.014945622219214697,0.007472811109607349,"spread is 1.5% of one ATR (1 of 67 points), 0.7% of a 2x ATR stop. The spread was measured from 2025-05-01, after this series begins (2025-01-01): for the earlier bars it is an assumption, not a measurement",True,1589.0,22.865738572054028,0.0734830727480289,"PASSES on 2 of 15 combinations. Best: both at 15 bars, net +12.06 pt (p=0.0234). Caution: with 15 parallel tests some positives at the 5% level are expected by chance; confirm out-of-sample.",0.06493506493506493,False,ba5d8a694c535c1f,24862.0,1317.0,11.309469597550915,111.30946959755063,0.008602890088763714,0.48729892100906036,0.004513897889060551,0.6689445709946849,0.20944175047672572,0.7549356074614613,0.00683371298405467,17.244550735141914,1589.0,272.0,0.17117684078036502,0.17117684078036502,0.0,0.0,False,position_open,0.17117684078036502,[],1.0,0.0,True,0.6702598342852546,8198.0,,,,,0.21393034825870647,random_entries,200.0
bollinger-breakout,USDJPY.r,M15,permutation,ok,,True,True,True,0.026588597351210812,0.013294298675605406,"spread is 2.7% of one ATR (3 of 113 points), 1.3% of a 2x ATR stop. The spread was measured from 2025-05-01, after this series begins (2025-01-01): for the earlier bars it is an assumption, not a measurement",True,1541.0,35.079447121756715,0.0959407855550708,"PASSES on 2 of 15 combinations. Best: long at 15 bars, net +29.29 pt (p=0.0173). Caution: with 15 parallel tests some positives at the 5% level are expected by chance; confirm out-of-sample.",0.024448419797257006,False,4978afd0534f34b4,24862.0,770.0,12.439480027631166,112.4394800276311,0.0077430721956736155,0.6263785938484892,0.0419163093224312,0.35064935064935066,0.7159895633941924,0.8299322420957671,0.0025974025974025974,5.722786194108359,1541.0,771.0,0.500324464633355,0.500324464633355,0.0,0.0,True,position_open,0.500324464633355,"['signal while already in a position rejected 771 of 1541 signals (50%): above 20%, this gate is selecting the trades rather than trimming the tail']",3.0,0.0,True,0.6702196122596734,8199.0,,,,"50% of the signals were rejected, 50% of them because a position was already open. That is structural to a one-position engine and cannot be relaxed; the discretionary gates rejected 0%, so there is nothing to open",0.2736318407960199,random_entries,200.0
bollinger-breakout,GBPUSD.r,H1,permutation,ok,,True,True,True,0.01833031074831257,0.009165155374156285,"spread is 1.8% of one ATR (3 of 164 points), 0.9% of a 2x ATR stop. The spread was measured from 2025-04-30, after this series begins (2025-01-01): for the earlier bars it is an assumption, not a measurement",True,405.0,75.58766790775721,0.044858208789362974,"PASSES on 1 of 15 combinations. Best: long at 30 bars, net +75.59 pt (p=0.0449). Caution: with 15 parallel tests some positives at the 5% level are expected by chance; confirm out-of-sample.",0.015113350125944584,False,98c36ae8d9e1ff9b,6217.0,204.0,6.474265301240274,106.4742653012402,0.007067076582478303,0.4190216002654324,0.030271534939893433,0.3480392156862745,0.524071451676916,0.9196992657992755,0.0,0.0,405.0,201.0,0.4962962962962963,0.4962962962962963,0.0,0.0,True,position_open,0.4962962962962963,"['signal while already in a position rejected 201 of 405 signals (50%): above 20%, this gate is selecting the trades rather than trimming the tail']",3.0,0.0,True,0.6717066109055815,2041.0,,,,"50% of the signals were rejected, 50% of them because a position was already open. That is structural to a one-position engine and cannot be relaxed; the discretionary gates rejected 0%, so there is nothing to open",0.44776119402985076,random_entries,200.0
donchian-breakout,USDJPY.r,H1,permutation,ok,,True,True,True,0.012680335786393626,0.006340167893196813,"spread is 1.3% of one ATR (3 of 237 points), 0.6% of a 2x ATR stop. The spread was measured from 2025-05-01, after this series begins (2025-01-01): for the earlier bars it is an assumption, not a measurement",True,486.0,57.87137661686228,0.10316875383927115,"PASSES on 1 of 15 combinations. Best: long at 5 bars, net +47.02 pt (p=0.0279). Caution: with 15 parallel tests some positives at the 5% level are expected by chance; confirm out-of-sample.",0.017031630170316305,False,a1bc6ea24494bf9d,6217.0,219.0,5.324146556104637,105.32414655610461,0.0058682640999524905,0.7071723599078013,0.05719644958437744,0.3561643835616438,0.8080757600144494,0.9308765148324603,0.0,0.0,486.0,267.0,0.5493827160493827,0.5493827160493827,0.0,0.0,True,position_open,0.5493827160493827,"['signal while already in a position rejected 267 of 486 signals (55%): above 20%, this gate is selecting the trades rather than trimming the tail']",3.0,0.0,True,0.6702589673475953,2050.0,,,,"55% of the signals were rejected, 55% of them because a position was already open. That is structural to a one-position engine and cannot be relaxed; the discretionary gates rejected 0%, so there is nothing to open",0.3383084577114428,random_entries,200.0
bollinger-mean-reversion,EURUSD.r,M5,permutation,ok,,True,True,True,0.027474659058689503,0.013737329529344752,"spread is 2.7% of one ATR (1 of 36 points), 1.4% of a 2x ATR stop. The spread was measured from 2025-05-01, after this series begins (2025-01-01): for the earlier bars it is an assumption, not a measurement",True,4422.0,10.652795213161095,0.029838899972115307,"PASSES on 5 of 15 combinations. Best: long at 15 bars, net +7.49 pt (p=0.0102). Caution: with 15 parallel tests some positives at the 5% level are expected by chance; confirm out-of-sample.",0.0682339874120696,False,63844c44b16fec12,74572.0,3802.0,6.6360825117472775,106.63608251174699,0.0030686747460662144,0.36009279578032133,-0.00511780310131056,0.6620199894792215,0.2843414413811779,0.8499339520246485,0.003682272488164124,17.9640354110932,4422.0,620.0,0.14020805065581185,0.14020805065581185,0.0,0.0,False,position_open,0.14020805065581185,[],1.0,0.0,True,0.6703320281070643,24584.0,,,,,0.13432835820895522,random_entries,200.0
bollinger-mean-reversion,EURUSD.r,H1,permutation,ok,,True,True,True,0.007084351436781753,0.0035421757183908766,"spread is 0.7% of one ATR (1 of 141 points), 0.4% of a 2x ATR stop. The spread was measured from 2025-05-01, after this series begins (2025-01-01): for the earlier bars it is an assumption, not a measurement",True,388.0,151.93884418217624,0.03528799236516411,"PASSES on 2 of 15 combinations. Best: both at 120 bars, net +135.68 pt (p=0.0125). Caution: with 15 parallel tests some positives at the 5% level are expected by chance; confirm out-of-sample.",0.0697350069735007,False,ec67599c5234a069,6217.0,340.0,0.09533877531758961,100.09533877531764,0.00014008299625415405,0.16613294952314858,-0.011902864164867051,0.6588235294117647,0.2783887975260418,0.9979405835268791,0.014705882352941176,17.204504975856583,388.0,48.0,0.12371134020618557,0.12371134020618557,0.0,0.0,False,position_open,0.12371134020618557,[],1.0,0.0,True,0.6702589673475953,2050.0,,,,,0.46766169154228854,random_entries,200.0
rsi-mean-reversion,AUDUSD.r,M5,backtest,negative net PnL: nothing to attack with a null,,True,True,True,0.11277434641895488,0.05638717320947744,"spread is 11.3% of one ATR (3 of 27 points), 5.6% of a 2x ATR stop. The spread was measured from 2025-05-01, after this series begins (2025-01-01): for the earlier bars it is an assumption, not a measurement",True,1860.0,14.056250285118747,0.00716737332829287,"PASSES on 7 of 15 combinations. Best: both at 15 bars, net +7.17 pt (p=0.0013). Caution: with 15 parallel tests some positives at the 5% level are expected by chance; confirm out-of-sample.",0.05429623386417069,False,2d9cf48546fc838a,74576.0,1552.0,-0.6907643239812966,99.30923567601894,-0.001036576268674928,0.06280442106617541,0.010036851538877544,0.6720360824742269,0.20896039999344124,0.9674316010303885,0.007087628865979381,8.855278825020672,1860.0,308.0,0.16559139784946236,0.16559139784946236,0.0,0.0,False,position_open,0.16559139784946236,[],3.0,0.0,True,0.6707117571336623,24557.0,,,,,,,
atr-volatility-breakout,XAUUSD.r,M5,backtest,negative net PnL: nothing to attack with a null,,True,True,True,0.026065765377050437,0.013032882688525219,"spread is 2.6% of one ATR (7 of 269 points), 1.3% of a 2x ATR stop. The spread was measured from 2025-04-02, after this series begins (2025-01-01): for the earlier bars it is an assumption, not a measurement",True,3345.0,106.22595047175503,0.08170984482290855,"PASSES on 1 of 15 combinations. Best: long at 30 bars, net +67.69 pt (p=0.0210). Caution: with 15 parallel tests some positives at the 5% level are expected by chance; confirm out-of-sample.",0.02840711049146044,False,57774bbb5efa49a5,70861.0,1287.0,-102.31785440510477,-2.3178544051048093,-0.005885614034214768,-0.01586371396500466,0.012283434324888818,0.3395493395493395,1.0040701765285542,0.8328074849948803,0.000777000777000777,7.654213901340043,3345.0,2058.0,0.6152466367713004,0.26905829596412556,0.0,0.34618834080717487,True,insufficient_equity,0.34618834080717487,"['equity too small for the minimum lot rejected 1158 of 3345 signals (35%): above 20%, this gate is selecting the trades rather than trimming the tail', 'signal while already in a position rejected 900 of 3345 signals (27%): above 20%, this gate is selecting the trades rather than trimming the tail']",7.0,0.0,True,0.7504127799494785,17686.0,,,,"62% of the signals never became trades, and 35% of them because the account no longer held enough equity for the broker's minimum lot. That is not a risk block choosing trades, it is a strategy that lost the money it needed to keep trading: the equity curve after that point is a flat line, not a result",,,
atr-volatility-breakout,USDJPY.r,H1,backtest,negative net PnL: nothing to attack with a null,,True,True,True,0.012680335786393626,0.006340167893196813,"spread is 1.3% of one ATR (3 of 237 points), 0.6% of a 2x ATR stop. The spread was measured from 2025-05-01, after this series begins (2025-01-01): for the earlier bars it is an assumption, not a measurement",True,328.0,68.30492731952224,0.1264054772508052,"PASSES on 1 of 15 combinations. Best: long at 5 bars, net +60.19 pt (p=0.0306). Caution: with 15 parallel tests some positives at the 5% level are expected by chance; confirm out-of-sample.",0.017094017094017096,False,d9fc4a96db923e79,6217.0,179.0,-17.954003248483488,82.04599675151651,-0.02367002052863318,0.24000249344519145,0.018899491709128986,0.3463687150837989,0.6370788912650627,0.7518550210888932,0.0,0.0,328.0,149.0,0.45426829268292684,0.45426829268292684,0.0,0.0,True,position_open,0.45426829268292684,"['signal while already in a position rejected 149 of 328 signals (45%): above 20%, this gate is selecting the trades rather than trimming the tail']",3.0,0.0,True,0.6702589673475953,2050.0,,,,"45% of the signals were rejected, 45% of them because a position was already open. That is structural to a one-position engine and cannot be relaxed; the discretionary gates rejected 0%, so there is nothing to open",,,
bollinger-mean-reversion,XAUUSD.r,H1,backtest,negative net PnL: nothing to attack with a null,,True,True,True,0.0069514518298570685,0.0034757259149285342,"spread is 0.7% of one ATR (7 of 1007 points), 0.3% of a 2x ATR stop. The spread was measured from 2025-04-02, after this series begins (2025-01-01): for the earlier bars it is an assumption, not a measurement",True,377.0,1074.9409110535398,0.05976690907275972,"PASSES on 1 of 15 combinations. Best: both at 120 bars, net +894.76 pt (p=0.0428). Caution: with 15 parallel tests some positives at the 5% level are expected by chance; confirm out-of-sample.",0.0729455216989843,False,04f1ad1edcdff3ad,5910.0,262.0,-101.55673352535618,-1.556733525356048,-0.02494833466408,0.44748946788421046,0.017552468547800237,0.6793893129770993,1.0053696191796289,0.6866727573568805,0.003816793893129771,39.90417522728035,377.0,115.0,0.3050397877984085,0.11140583554376658,0.0,0.19363395225464192,True,insufficient_equity,0.19363395225464192,[],7.0,0.0,True,0.7505922165820643,1474.0,,,,"31% of the signals never became trades, and 19% of them because the account no longer held enough equity for the broker's minimum lot. That is not a risk block choosing trades, it is a strategy that lost the money it needed to keep trading: the equity curve after that point is a flat line, not a result",,,
rsi-mean-reversion,USDJPY.r,H1,backtest,negative net PnL: nothing to attack with a null,,True,True,True,0.012680335786393626,0.006340167893196813,"spread is 1.3% of one ATR (3 of 237 points), 0.6% of a 2x ATR stop. The spread was measured from 2025-05-01, after this series begins (2025-01-01): for the earlier bars it is an assumption, not a measurement",True,205.0,301.9450632848039,0.032612182608206086,"PASSES on 3 of 15 combinations. Best: both at 120 bars, net +230.76 pt (p=0.0250). Caution: with 15 parallel tests some positives at the 5% level are expected by chance; confirm out-of-sample.",0.04399633363886343,False,3e09d0b151839a8d,6217.0,157.0,-8.454333936845053,91.54566606315493,-0.02501336039271835,-0.1504782192526693,-0.026307724300949756,0.6496815286624203,0.22536063403737253,0.7543829049096615,0.01910828025477707,13.012719926589092,205.0,48.0,0.23414634146341465,0.23414634146341465,0.0,0.0,True,position_open,0.23414634146341465,"['signal while already in a position rejected 48 of 205 signals (23%): above 20%, this gate is selecting the trades rather than trimming the tail']",3.0,0.0,True,0.6702589673475953,2050.0,,,,"23% of the signals were rejected, 23% of them because a position was already open. That is structural to a one-position engine and cannot be relaxed; the discretionary gates rejected 0%, so there is nothing to open",,,
ema-trend-filter,XAUUSD.r,M15,backtest,negative net PnL: nothing to attack with a null,,True,True,True,0.01439271090445955,0.007196355452229775,"spread is 1.4% of one ATR (7 of 486 points), 0.7% of a 2x ATR stop. The spread was measured from 2025-04-02, after this series begins (2025-01-01): for the earlier bars it is an assumption, not a measurement",True,875.0,500.6221818150017,0.02185360899338573,"PASSES on 3 of 15 combinations. Best: short at 60 bars, net +436.52 pt (p=0.0092). Caution: with 15 parallel tests some positives at the 5% level are expected by chance; confirm out-of-sample.",0.030096536059057353,False,b53ce782b30ba7da,23625.0,200.0,-111.89603752453556,-11.896037524535402,-0.029644040797248684,-1.225919605719293,0.046407414941602436,0.355,1.0352397038595482,0.6755001990181966,0.005,45.86376334251577,875.0,675.0,0.7714285714285715,0.504,0.0,0.2674285714285714,True,position_open,0.504,"['signal while already in a position rejected 441 of 875 signals (50%): above 20%, this gate is selecting the trades rather than trimming the tail', 'equity too small for the minimum lot rejected 234 of 875 signals (27%): above 20%, this gate is selecting the trades rather than trimming the tail']",7.0,0.0,True,0.7504338624338625,5896.0,,,,"77% of the signals were rejected, 50% of them because a position was already open. That is structural to a one-position engine and cannot be relaxed; the discretionary gates rejected 0%, so there is nothing to open",,,
bollinger-mean-reversion,AUDUSD.r,M5,backtest,negative net PnL: nothing to attack with a null,,True,True,True,0.11277434641895488,0.05638717320947744,"spread is 11.3% of one ATR (3 of 27 points), 5.6% of a 2x ATR stop. The spread was measured from 2025-05-01, after this series begins (2025-01-01): for the earlier bars it is an assumption, not a measurement",True,4490.0,7.752523382838351,0.02046999265509164,"PASSES on 6 of 15 combinations. Best: both at 60 bars, net +6.23 pt (p=0.0102). Caution: with 15 parallel tests some positives at the 5% level are expected by chance; confirm out-of-sample.",0.059350217446917375,False,6c8da68a616cef7a,74576.0,3794.0,-49.43225962333378,50.56774037666635,-0.03204771815806701,-1.6040395440294744,-0.02752876914932656,0.6505007907221929,0.6089843066826551,0.048454902975303416,0.005535055350553505,13.505010151738908,4490.0,696.0,0.155011135857461,0.155011135857461,0.0,0.0,False,position_open,0.155011135857461,[],3.0,0.0,True,0.6707117571336623,24557.0,,,,,,,
ema-trend-filter,USDJPY.r,M15,backtest,negative net PnL: nothing to attack with a null,,True,True,True,0.026588597351210812,0.013294298675605406,"spread is 2.7% of one ATR (3 of 113 points), 1.3% of a 2x ATR stop. The spread was measured from 2025-05-01, after this series begins (2025-01-01): for the earlier bars it is an assumption, not a measurement",True,940.0,102.55334421441982,0.015304171179326143,"PASSES on 3 of 15 combinations. Best: long at 120 bars, net +102.55 pt (p=0.0153). Caution: with 15 parallel tests some positives at the 5% level are expected by chance; confirm out-of-sample.",0.024830699774266368,False,dce374e806d8ecae,24862.0,286.0,-21.634347499851643,78.36565250014834,-0.03281434018064932,-0.252529024917975,-0.04704653902179034,0.32867132867132864,0.46020649052171436,0.5793703873908407,0.0,0.0,940.0,654.0,0.6957446808510638,0.6957446808510638,0.0,0.0,True,position_open,0.6957446808510638,"['signal while already in a position rejected 654 of 940 signals (70%): above 20%, this gate is selecting the trades rather than trimming the tail']",3.0,0.0,True,0.6702196122596734,8199.0,,,,"70% of the signals were rejected, 70% of them because a position was already open. That is structural to a one-position engine and cannot be relaxed; the discretionary gates rejected 0%, so there is nothing to open",,,
bollinger-breakout,USDJPY.r,M5,backtest,negative net PnL: nothing to attack with a null,,True,True,True,0.04875132052427126,0.02437566026213563,"spread is 4.9% of one ATR (3 of 62 points), 2.4% of a 2x ATR stop. The spread was measured from 2025-05-01, after this series begins (2025-01-01): for the earlier bars it is an assumption, not a measurement",True,4435.0,24.626489516124597,0.02725717775408043,"PASSES on 2 of 15 combinations. Best: short at 120 bars, net +24.63 pt (p=0.0273). Caution: with 15 parallel tests some positives at the 5% level are expected by chance; confirm out-of-sample.",0.0277624563338849,False,ca0189d4f46ab118,74575.0,2315.0,-97.44131724147125,2.5586827585286818,-0.03550103812974139,0.16505450265396915,-0.05708351504936468,0.32181425485961124,0.9953707672328369,0.08774953185897538,0.0021598272138228943,7.992642942792216,4435.0,2120.0,0.47801578354002255,0.47801578354002255,0.0,0.0,True,position_open,0.47801578354002255,"['signal while already in a position rejected 2120 of 4435 signals (48%): above 20%, this gate is selecting the trades rather than trimming the tail']",3.0,0.0,True,0.6702648340596715,24590.0,,,,"48% of the signals were rejected, 48% of them because a position was already open. That is structural to a one-position engine and cannot be relaxed; the discretionary gates rejected 0%, so there is nothing to open",,,
donchian-breakout,USDJPY.r,M5,backtest,negative net PnL: nothing to attack with a null,,True,True,True,0.04875132052427126,0.02437566026213563,"spread is 4.9% of one ATR (3 of 62 points), 2.4% of a 2x ATR stop. The spread was measured from 2025-05-01, after this series begins (2025-01-01): for the earlier bars it is an assumption, not a measurement",True,6048.0,17.236736098466853,0.049737564218081176,"PASSES on 2 of 15 combinations. Best: both at 120 bars, net +13.44 pt (p=0.0399). Caution: with 15 parallel tests some positives at the 5% level are expected by chance; confirm out-of-sample.",0.027963765261914138,False,4569bef1ef23d951,74575.0,2050.0,-100.12642793045156,-0.12642793045156947,-0.03885925420613092,-1.5090737938391787,-0.07554647127178608,0.3151219512195122,1.0012378547182765,0.07865413611302752,0.0034146341463414634,18.16054731099554,6048.0,3998.0,0.6610449735449735,0.4880952380952381,0.0,0.17294973544973544,True,position_open,0.4880952380952381,"['signal while already in a position rejected 2952 of 6048 signals (49%): above 20%, this gate is selecting the trades rather than trimming the tail']",3.0,0.0,True,0.6702648340596715,24590.0,,,,"66% of the signals were rejected, 49% of them because a position was already open. That is structural to a one-position engine and cannot be relaxed; the discretionary gates rejected 0%, so there is nothing to open",,,
bollinger-breakout,EURUSD.r,H1,backtest,negative net PnL: nothing to attack with a null,,True,True,True,0.007084351436781753,0.0035421757183908766,"spread is 0.7% of one ATR (1 of 141 points), 0.4% of a 2x ATR stop. The spread was measured from 2025-05-01, after this series begins (2025-01-01): for the earlier bars it is an assumption, not a measurement",True,388.0,87.18160542807703,0.034743317420187325,"PASSES on 1 of 15 combinations. Best: long at 30 bars, net +87.18 pt (p=0.0347). Caution: with 15 parallel tests some positives at the 5% level are expected by chance; confirm out-of-sample.",0.03023255813953488,False,8c08673df3c891b7,6217.0,197.0,-35.45413280560053,64.54586719439946,-0.04313286622331869,-0.18953899932108295,-0.04269147290854845,0.3248730964467005,0.4982153762344167,0.5456145047766356,0.0,0.0,388.0,191.0,0.49226804123711343,0.49226804123711343,0.0,0.0,True,position_open,0.49226804123711343,"['signal while already in a position rejected 191 of 388 signals (49%): above 20%, this gate is selecting the trades rather than trimming the tail']",1.0,0.0,True,0.6702589673475953,2050.0,,,,"49% of the signals were rejected, 49% of them because a position was already open. That is structural to a one-position engine and cannot be relaxed; the discretionary gates rejected 0%, so there is nothing to open",,,
ma-crossover,EURUSD.r,M15,backtest,negative net PnL: nothing to attack with a null,,True,True,True,0.014945622219214697,0.007472811109607349,"spread is 1.5% of one ATR (1 of 67 points), 0.7% of a 2x ATR stop. The spread was measured from 2025-05-01, after this series begins (2025-01-01): for the earlier bars it is an assumption, not a measurement",True,142.0,130.11927941425984,0.045506913788462944,"PASSES on 1 of 15 combinations. Best: long at 120 bars, net +130.12 pt (p=0.0455). Caution: with 15 parallel tests some positives at the 5% level are expected by chance; confirm out-of-sample.",0.03785103785103785,False,4aaf75e7cf569fb5,24862.0,136.0,-13.203748411711679,86.79625158828836,-0.04835841558841699,-0.5053879484325882,-0.0440165792152636,0.3235294117647059,0.37424554583667125,0.573723021049994,0.0,0.0,142.0,6.0,0.04225352112676056,0.04225352112676056,0.0,0.0,False,position_open,0.04225352112676056,[],1.0,0.0,True,0.6702598342852546,8198.0,,,,,,,
atr-volatility-breakout,XAUUSD.r,M15,backtest,negative net PnL: nothing to attack with a null,,True,True,True,0.01439271090445955,0.007196355452229775,"spread is 1.4% of one ATR (7 of 486 points), 0.7% of a 2x ATR stop. The spread was measured from 2025-04-02, after this series begins (2025-01-01): for the earlier bars it is an assumption, not a measurement",True,1173.0,253.7669280839168,0.11804611597809422,"PASSES on 1 of 15 combinations. Best: both at 60 bars, net +165.56 pt (p=0.0493). Caution: with 15 parallel tests some positives at the 5% level are expected by chance; confirm out-of-sample.",0.030186608122941824,False,87f25a2d80863ea0,23625.0,193.0,-102.12629355625381,-2.126293556253705,-0.05035827365453085,-0.4594038545046909,-0.011023266413978394,0.3316062176165803,1.012734360861498,0.4850241793346899,0.0,0.0,1173.0,980.0,0.835464620630861,0.11167945439045183,0.0,0.7237851662404092,True,insufficient_equity,0.7237851662404092,"['equity too small for the minimum lot rejected 849 of 1173 signals (72%): above 20%, this gate is selecting the trades rather than trimming the tail']",7.0,0.0,True,0.7504338624338625,5896.0,,,,"84% of the signals never became trades, and 72% of them because the account no longer held enough equity for the broker's minimum lot. That is not a risk block choosing trades, it is a strategy that lost the money it needed to keep trading: the equity curve after that point is a flat line, not a result",,,
atr-volatility-breakout,USDJPY.r,M5,backtest,negative net PnL: nothing to attack with a null,,True,True,True,0.04875132052427126,0.02437566026213563,"spread is 4.9% of one ATR (3 of 62 points), 2.4% of a 2x ATR stop. The spread was measured from 2025-05-01, after this series begins (2025-01-01): for the earlier bars it is an assumption, not a measurement",True,3658.0,24.435094194282744,0.04348809312017132,"PASSES on 1 of 15 combinations. Best: long at 120 bars, net +24.44 pt (p=0.0435). Caution: with 15 parallel tests some positives at the 5% level are expected by chance; confirm out-of-sample.",0.027699632114260984,False,94cc2397193038e0,74575.0,1335.0,-100.04716701684617,-0.04716701684627245,-0.056745997696401464,-0.8904628205706462,-0.10106855871861857,0.3056179775280899,1.0004602788907324,0.038329840997175735,0.00299625468164794,8.315408499033964,3658.0,2323.0,0.6350464734827774,0.2900492072170585,0.0,0.34499726626571897,True,insufficient_equity,0.34499726626571897,"['equity too small for the minimum lot rejected 1262 of 3658 signals (34%): above 20%, this gate is selecting the trades rather than trimming the tail', 'signal while already in a position rejected 1061 of 3658 signals (29%): above 20%, this gate is selecting the trades rather than trimming the tail']",3.0,0.0,True,0.6702648340596715,24590.0,,,,"64% of the signals never became trades, and 34% of them because the account no longer held enough equity for the broker's minimum lot. That is not a risk block choosing trades, it is a strategy that lost the money it needed to keep trading: the equity curve after that point is a flat line, not a result",,,
bollinger-breakout,XAUUSD.r,M15,backtest,negative net PnL: nothing to attack with a null,,True,True,True,0.01439271090445955,0.007196355452229775,"spread is 1.4% of one ATR (7 of 486 points), 0.7% of a 2x ATR stop. The spread was measured from 2025-04-02, after this series begins (2025-01-01): for the earlier bars it is an assumption, not a measurement",True,1446.0,224.63206904738044,0.01492818049050304,"PASSES on 3 of 15 combinations. Best: both at 30 bars, net +168.45 pt (p=0.0050). Caution: with 15 parallel tests some positives at the 5% level are expected by chance; confirm out-of-sample.",0.03148806500761808,False,8e6eb07a6b5430fc,23625.0,156.0,-102.73110258789609,-2.7311025878960393,-0.07845723291630582,0.8547979094229464,-0.10242265577933184,0.30128205128205127,1.020185993349483,0.3286474431956039,0.0,0.0,1446.0,1290.0,0.8921161825726142,0.06639004149377593,0.0,0.8257261410788381,True,insufficient_equity,0.8257261410788381,"['equity too small for the minimum lot rejected 1194 of 1446 signals (83%): above 20%, this gate is selecting the trades rather than trimming the tail']",7.0,0.0,True,0.7504338624338625,5896.0,,,,"89% of the signals never became trades, and 83% of them because the account no longer held enough equity for the broker's minimum lot. That is not a risk block choosing trades, it is a strategy that lost the money it needed to keep trading: the equity curve after that point is a flat line, not a result",,,
rsi-mean-reversion,XAUUSD.r,M15,backtest,negative net PnL: nothing to attack with a null,,True,True,True,0.01439271090445955,0.007196355452229775,"spread is 1.4% of one ATR (7 of 486 points), 0.7% of a 2x ATR stop. The spread was measured from 2025-04-02, after this series begins (2025-01-01): for the earlier bars it is an assumption, not a measurement",True,693.0,165.6948486380387,0.08223279048652454,"PASSES on 1 of 15 combinations. Best: long at 5 bars, net +143.05 pt (p=0.0424). Caution: with 15 parallel tests some positives at the 5% level are expected by chance; confirm out-of-sample.",0.06748626732932252,False,bf76c81789523f83,23625.0,197.0,-113.54922648319696,-13.549226483196923,-0.0803957326940654,1.0023526878432667,-0.09318628974944831,0.6040609137055838,1.1116299930703535,0.26052701355289987,0.0,0.0,693.0,496.0,0.7157287157287158,0.0735930735930736,0.0,0.6421356421356421,True,insufficient_equity,0.6421356421356421,"['equity too small for the minimum lot rejected 445 of 693 signals (64%): above 20%, this gate is selecting the trades rather than trimming the tail']",7.0,0.0,True,0.7504338624338625,5896.0,,,,"72% of the signals never became trades, and 64% of them because the account no longer held enough equity for the broker's minimum lot. That is not a risk block choosing trades, it is a strategy that lost the money it needed to keep trading: the equity curve after that point is a flat line, not a result",,,
roc-momentum,XAUUSD.r,M15,backtest,negative net PnL: nothing to attack with a null,,True,True,True,0.01439271090445955,0.007196355452229775,"spread is 1.4% of one ATR (7 of 486 points), 0.7% of a 2x ATR stop. The spread was measured from 2025-04-02, after this series begins (2025-01-01): for the earlier bars it is an assumption, not a measurement",True,3179.0,104.53781714722345,0.19050351241740926,"PASSES on 1 of 15 combinations. Best: short at 5 bars, net +40.65 pt (p=0.0451). Caution: with 15 parallel tests some positives at the 5% level are expected by chance; confirm out-of-sample.",0.03094688221709007,False,76c01a844e0c2035,23625.0,132.0,-101.22803867050035,-1.228038670500399,-0.0828090521445668,0.7766932257939513,-0.19102587407956417,0.2727272727272727,1.0069694919780954,0.3431516097700349,0.007575757575757576,10.992284029847042,3179.0,3047.0,0.9584775086505191,0.1528782636049072,0.0,0.8055992450456119,True,insufficient_equity,0.8055992450456119,"['equity too small for the minimum lot rejected 2561 of 3179 signals (81%): above 20%, this gate is selecting the trades rather than trimming the tail']",7.0,0.0,True,0.7504338624338625,5896.0,,,,"96% of the signals never became trades, and 81% of them because the account no longer held enough equity for the broker's minimum lot. That is not a risk block choosing trades, it is a strategy that lost the money it needed to keep trading: the equity curve after that point is a flat line, not a result",,,
stochastic-reversal,XAUUSD.r,M5,backtest,negative net PnL: nothing to attack with a null,,True,True,True,0.026065765377050437,0.013032882688525219,"spread is 2.6% of one ATR (7 of 269 points), 1.3% of a 2x ATR stop. The spread was measured from 2025-04-02, after this series begins (2025-01-01): for the earlier bars it is an assumption, not a measurement",True,5410.0,36.77735867437044,0.030316496295612838,"PASSES on 2 of 15 combinations. Best: long at 15 bars, net +36.78 pt (p=0.0303). Caution: with 15 parallel tests some positives at the 5% level are expected by chance; confirm out-of-sample.",0.07671863223451943,False,fa0225182e3c72d1,70861.0,445.0,-100.02847897356057,-0.02847897356061635,-0.09646740740089836,-2.0358569873196557,-0.08142428268109252,0.6134831460674157,1.0002470299072652,0.042446168578897714,0.0022471910112359553,3.0520687491958824,5410.0,4965.0,0.9177449168207024,0.01922365988909427,0.0,0.8985212569316081,True,insufficient_equity,0.8985212569316081,"['equity too small for the minimum lot rejected 4861 of 5410 signals (90%): above 20%, this gate is selecting the trades rather than trimming the tail']",7.0,0.0,True,0.7504127799494785,17686.0,,,,"92% of the signals never became trades, and 90% of them because the account no longer held enough equity for the broker's minimum lot. That is not a risk block choosing trades, it is a strategy that lost the money it needed to keep trading: the equity curve after that point is a flat line, not a result",,,
ema-trend-filter,XBRUSD,H1,backtest,negative net PnL: nothing to attack with a null,,True,True,True,0.09835577978039388,0.04917788989019694,"spread is 9.8% of one ATR (30 of 305 points), 4.9% of a 2x ATR stop. The spread was measured from 2025-02-14, after this series begins (2025-01-02): for the earlier bars it is an assumption, not a measurement",True,261.0,337.7644376899697,0.04654864969042949,"PASSES on 1 of 15 combinations. Best: short at 120 bars, net +337.76 pt (p=0.0465). Caution: with 15 parallel tests some positives at the 5% level are expected by chance; confirm out-of-sample.",0.029978586723768734,False,70ec1923911dcba6,5384.0,77.0,-81.44605288438768,18.553947115612296,-0.10192855796067428,-0.9058354965000442,-0.2636556904257626,0.3246753246753247,0.8779430783363521,0.3739213414916147,0.0,0.0,261.0,184.0,0.7049808429118773,0.7049808429118773,0.0,0.0,True,position_open,0.7049808429118773,"['signal while already in a position rejected 184 of 261 signals (70%): above 20%, this gate is selecting the trades rather than trimming the tail']",30.0,0.0,True,0.8776002971768202,659.0,,,,"70% of the signals were rejected, 70% of them because a position was already open. That is structural to a one-position engine and cannot be relaxed; the discretionary gates rejected 0%, so there is nothing to open",,,
rsi-mean-reversion,XAUUSD.r,H1,backtest,negative net PnL: nothing to attack with a null,,True,True,True,0.0069514518298570685,0.0034757259149285342,"spread is 0.7% of one ATR (7 of 1007 points), 0.3% of a 2x ATR stop. The spread was measured from 2025-04-02, after this series begins (2025-01-01): for the earlier bars it is an assumption, not a measurement",True,205.0,3346.278411053543,0.002722283315407692,"PASSES on 2 of 15 combinations. Best: long at 120 bars, net +3346.28 pt (p=0.0027). Caution: with 15 parallel tests some positives at the 5% level are expected by chance; confirm out-of-sample.",0.06894889103182257,False,1559481f684ce325,5910.0,60.0,-107.56987162271444,-7.56987162271442,-0.12567030193678785,-0.8626187040849751,-0.0943237227660923,0.6,1.0605936726373297,0.3343098885689191,0.0,0.0,205.0,145.0,0.7073170731707317,0.09268292682926829,0.0,0.6146341463414634,True,insufficient_equity,0.6146341463414634,"['equity too small for the minimum lot rejected 126 of 205 signals (61%): above 20%, this gate is selecting the trades rather than trimming the tail']",7.0,0.0,True,0.7505922165820643,1474.0,,,,"71% of the signals never became trades, and 61% of them because the account no longer held enough equity for the broker's minimum lot. That is not a risk block choosing trades, it is a strategy that lost the money it needed to keep trading: the equity curve after that point is a flat line, not a result",,,
macd-signal,XAUUSD.r,M5,backtest,negative net PnL: nothing to attack with a null,,True,True,True,0.026065765377050437,0.013032882688525219,"spread is 2.6% of one ATR (7 of 269 points), 1.3% of a 2x ATR stop. The spread was measured from 2025-04-02, after this series begins (2025-01-01): for the earlier bars it is an assumption, not a measurement",True,5584.0,29.15488479690714,0.2878393296161468,"PASSES on 2 of 15 combinations. Best: short at 5 bars, net +23.15 pt (p=0.0194). Caution: with 15 parallel tests some positives at the 5% level are expected by chance; confirm out-of-sample.",0.030480295566502464,False,e1ce59e1ead7e764,70861.0,178.0,-105.32902933743867,-5.3290293374386195,-0.13409995757401147,-0.04455159686755353,-0.18666483448294294,0.2808988764044944,1.0512963817441103,0.07530602686236332,0.0,0.0,5584.0,5406.0,0.9681232091690545,0.06017191977077364,0.0,0.9079512893982808,True,insufficient_equity,0.9079512893982808,"['equity too small for the minimum lot rejected 5070 of 5584 signals (91%): above 20%, this gate is selecting the trades rather than trimming the tail']",7.0,0.0,True,0.7504127799494785,17686.0,,,,"97% of the signals never became trades, and 91% of them because the account no longer held enough equity for the broker's minimum lot. That is not a risk block choosing trades, it is a strategy that lost the money it needed to keep trading: the equity curve after that point is a flat line, not a result",,,
ma-crossover,XAUUSD.r,M5,backtest,negative net PnL: nothing to attack with a null,,True,True,True,0.026065765377050437,0.013032882688525219,"spread is 2.6% of one ATR (7 of 269 points), 1.3% of a 2x ATR stop. The spread was measured from 2025-04-02, after this series begins (2025-01-01): for the earlier bars it is an assumption, not a measurement",True,425.0,327.9868615862325,0.04748755471907251,"PASSES on 1 of 15 combinations. Best: short at 120 bars, net +327.99 pt (p=0.0475). Caution: with 15 parallel tests some positives at the 5% level are expected by chance; confirm out-of-sample.",0.02933421226104153,False,ba24565eec946f95,70861.0,102.0,-103.32667988624505,-3.32667988624506,-0.19798506632032128,-0.4508878067509795,-0.20801095402440334,0.2647058823529412,1.0246342370106254,0.048234515715859905,0.0,0.0,425.0,323.0,0.76,0.02588235294117647,0.0,0.7341176470588235,True,insufficient_equity,0.7341176470588235,"['equity too small for the minimum lot rejected 312 of 425 signals (73%): above 20%, this gate is selecting the trades rather than trimming the tail']",7.0,0.0,True,0.7504127799494785,17686.0,,,,"76% of the signals never became trades, and 73% of them because the account no longer held enough equity for the broker's minimum lot. That is not a risk block choosing trades, it is a strategy that lost the money it needed to keep trading: the equity curve after that point is a flat line, not a result",,,
bollinger-breakout,USDJPY.r,H1,backtest,negative net PnL: nothing to attack with a null,,True,True,True,0.012680335786393626,0.006340167893196813,"spread is 1.3% of one ATR (3 of 237 points), 0.6% of a 2x ATR stop. The spread was measured from 2025-05-01, after this series begins (2025-01-01): for the earlier bars it is an assumption, not a measurement",True,369.0,95.36292657017759,0.04876265209010755,"PASSES on 2 of 15 combinations. Best: both at 15 bars, net +70.19 pt (p=0.0384). Caution: with 15 parallel tests some positives at the 5% level are expected by chance; confirm out-of-sample.",0.017857142857142856,False,c2a70c7c28487b1e,6217.0,86.0,-101.87533268377126,-1.8753326837712545,-0.2620892982735328,0.5953066390013918,-0.3154005317256976,0.23255813953488372,1.0183641110431378,0.01718027788137877,0.0,0.0,369.0,283.0,0.7669376693766937,0.16531165311653118,0.0,0.6016260162601627,True,insufficient_equity,0.6016260162601627,"['equity too small for the minimum lot rejected 222 of 369 signals (60%): above 20%, this gate is selecting the trades rather than trimming the tail']",3.0,0.0,True,0.6702589673475953,2050.0,,,,"77% of the signals never became trades, and 60% of them because the account no longer held enough equity for the broker's minimum lot. That is not a risk block choosing trades, it is a strategy that lost the money it needed to keep trading: the equity curve after that point is a flat line, not a result",,,
ma-crossover,XAUUSD.r,M15,gate,stopped at gate zero,,True,True,True,0.01439271090445955,0.007196355452229775,"spread is 1.4% of one ATR (7 of 486 points), 0.7% of a 2x ATR stop. The spread was measured from 2025-04-02, after this series begins (2025-01-01): for the earlier bars it is an assumption, not a measurement",False,138.0,341.5557478095044,0.15991493224952258,"DOES NOT PASS: no horizon beats the spread with significance. The best is short at 30 bars with net +341.56 pt over 69 observations, but p=0.160 (standard error 340.8 pt): indistinguishable from zero. No SL/TP combination can rescue a signal without an edge.",0.02978488692774407,False,,23625.0,,,,,,,,,,,,,,,,,,,,,[],,,,,,,,,,,,
ma-crossover,XAUUSD.r,H1,gate,stopped at gate zero,,True,True,True,0.0069514518298570685,0.0034757259149285342,"spread is 0.7% of one ATR (7 of 1007 points), 0.3% of a 2x ATR stop. The spread was measured from 2025-04-02, after this series begins (2025-01-01): for the earlier bars it is an assumption, not a measurement",False,29.0,890.8710884353842,0.1627448159122089,"DOES NOT PASS: no horizon beats the spread with significance. The best is long at 30 bars with net +890.87 pt over 14 observations, but p=0.163 (standard error 871.8 pt): indistinguishable from zero. No SL/TP combination can rescue a signal without an edge.",0.01714285714285714,False,,5910.0,,,,,,,,,,,,,,,,,,,,,[],,,,,,,,,,,,
ma-crossover,XAGUSD.r,M5,tradability,refused before testing: spread too large for the stop,,False,False,True,0.2747013429897955,0.13735067149489774,"spread is 27.5% of one ATR (13 of 47 points), 13.7% of a 2x ATR stop. The spread was measured from 2025-04-03, after this series begins (2025-01-01): for the earlier bars it is an assumption, not a measurement - above the 15% threshold: no realistic edge covers this, so nothing is tested here",,,,,,,,,,,,,,,,,,,,,,,,,,,,,,[],,,,,,,,,,,,
ma-crossover,XAGUSD.r,M15,tradability,refused before testing: spread too large for the stop,,False,False,True,0.1531519181613204,0.0765759590806602,"spread is 15.3% of one ATR (13 of 85 points), 7.7% of a 2x ATR stop. The spread was measured from 2025-04-03, after this series begins (2025-01-01): for the earlier bars it is an assumption, not a measurement - above the 15% threshold: no realistic edge covers this, so nothing is tested here",,,,,,,,,,,,,,,,,,,,,,,,,,,,,,[],,,,,,,,,,,,
ma-crossover,XAGUSD.r,H1,gate,stopped at gate zero,,True,True,True,0.07839288082149688,0.03919644041074844,"spread is 7.8% of one ATR (13 of 166 points), 3.9% of a 2x ATR stop. The spread was measured from 2025-04-03, after this series begins (2025-01-01): for the earlier bars it is an assumption, not a measurement",False,32.0,503.06733153754215,0.04282905868346287,"DOES NOT PASS: no horizon beats the spread with significance. The best is short at 60 bars with net +503.07 pt over 16 observations, but p=0.043 (standard error 273.4 pt): indistinguishable from zero. No SL/TP combination can rescue a signal without an edge.",0.08753315649867373,False,,5907.0,,,,,,,,,,,,,,,,,,,,,[],,,,,,,,,,,,
ma-crossover,XAUEUR.r,M5,gate,stopped at gate zero,,True,True,True,0.041319921661323644,0.020659960830661822,"spread is 4.1% of one ATR (10 of 242 points), 2.1% of a 2x ATR stop. The spread was measured from 2025-04-04, after this series begins (2025-01-01): for the earlier bars it is an assumption, not a measurement",False,431.0,200.30997260115527,0.08613567907350173,"DOES NOT PASS: no horizon beats the spread with significance. The best is short at 120 bars with net +200.31 pt over 215 observations, but p=0.086 (standard error 146.3 pt): indistinguishable from zero. No SL/TP combination can rescue a signal without an edge.",0.026924466931694972,False,,70858.0,,,,,,,,,,,,,,,,,,,,,[],,,,,,,,,,,,
ma-crossover,XAUEUR.r,M15,gate,stopped at gate zero,,True,True,True,0.0231828751392269,0.01159143756961345,"spread is 2.3% of one ATR (10 of 431 points), 1.2% of a 2x ATR stop. The spread was measured from 2025-04-04, after this series begins (2025-01-01): for the earlier bars it is an assumption, not a measurement",False,148.0,893.5861057415314,0.052114013955128935,"DOES NOT PASS: no horizon beats the spread with significance. The best is long at 120 bars with net +893.59 pt over 74 observations, but p=0.052 (standard error 543.1 pt): indistinguishable from zero. No SL/TP combination can rescue a signal without an edge.",0.02487864077669903,False,,23623.0,,,,,,,,,,,,,,,,,,,,,[],,,,,,,,,,,,
ma-crossover,XAUEUR.r,H1,gate,stopped at gate zero,,True,True,True,0.011421207978907643,0.005710603989453822,"spread is 1.1% of one ATR (10 of 876 points), 0.6% of a 2x ATR stop. The spread was measured from 2025-04-04, after this series begins (2025-01-01): for the earlier bars it is an assumption, not a measurement",False,35.0,956.5871279081553,0.2547590479430173,"DOES NOT PASS: no horizon beats the spread with significance. The best is long at 120 bars with net +956.59 pt over 17 observations, but p=0.255 (standard error 1417.9 pt): indistinguishable from zero. No SL/TP combination can rescue a signal without an edge.",0.016129032258064516,False,,5910.0,,,,,,,,,,,,,,,,,,,,,[],,,,,,,,,,,,
ma-crossover,EURUSD.r,M5,gate,stopped at gate zero,,True,True,True,0.027474659058689503,0.013737329529344752,"spread is 2.7% of one ATR (1 of 36 points), 1.4% of a 2x ATR stop. The spread was measured from 2025-05-01, after this series begins (2025-01-01): for the earlier bars it is an assumption, not a measurement",False,497.0,28.67049416508531,0.10737280581771325,"DOES NOT PASS: no horizon beats the spread with significance. The best is short at 120 bars with net +28.67 pt over 247 observations, but p=0.107 (standard error 23.1 pt): indistinguishable from zero. No SL/TP combination can rescue a signal without an edge.",0.03498764023578627,False,,74572.0,,,,,,,,,,,,,,,,,,,,,[],,,,,,,,,,,,
ma-crossover,GBPUSD.r,M5,gate,stopped at gate zero,,True,True,True,0.06908527196296996,0.03454263598148498,"spread is 6.9% of one ATR (3 of 43 points), 3.5% of a 2x ATR stop. The spread was measured from 2025-04-30, after this series begins (2025-01-01): for the earlier bars it is an assumption, not a measurement",False,479.0,3.5499471196874604,0.4136789040832324,"DOES NOT PASS: no horizon beats the spread with significance. The best is short at 60 bars with net +3.55 pt over 239 observations, but p=0.414 (standard error 16.3 pt): indistinguishable from zero. No SL/TP combination can rescue a signal without an edge.",0.024385203554453394,False,,74575.0,,,,,,,,,,,,,,,,,,,,,[],,,,,,,,,,,,
ma-crossover,GBPUSD.r,M15,gate,stopped at gate zero,,True,True,True,0.03798759603022251,0.018993798015111255,"spread is 3.8% of one ATR (3 of 79 points), 1.9% of a 2x ATR stop. The spread was measured from 2025-04-30, after this series begins (2025-01-01): for the earlier bars it is an assumption, not a measurement",False,152.0,36.08633596717262,0.1893782129711259,"DOES NOT PASS: no horizon beats the spread with significance. The best is long at 30 bars with net +36.09 pt over 76 observations, but p=0.189 (standard error 40.8 pt): indistinguishable from zero. No SL/TP combination can rescue a signal without an edge.",0.022713321055862493,False,,24862.0,,,,,,,,,,,,,,,,,,,,,[],,,,,,,,,,,,
ma-crossover,GBPUSD.r,H1,gate,stopped at gate zero,,True,True,True,0.01833031074831257,0.009165155374156285,"spread is 1.8% of one ATR (3 of 164 points), 0.9% of a 2x ATR stop. The spread was measured from 2025-04-30, after this series begins (2025-01-01): for the earlier bars it is an assumption, not a measurement",False,41.0,205.47064890284477,0.10966982073231146,"DOES NOT PASS: no horizon beats the spread with significance. The best is long at 30 bars with net +205.47 pt over 21 observations, but p=0.110 (standard error 162.0 pt): indistinguishable from zero. No SL/TP combination can rescue a signal without an edge.",0.018867924528301886,False,,6217.0,,,,,,,,,,,,,,,,,,,,,[],,,,,,,,,,,,
ma-crossover,USDJPY.r,M5,gate,stopped at gate zero,,True,True,True,0.04875132052427126,0.02437566026213563,"spread is 4.9% of one ATR (3 of 62 points), 2.4% of a 2x ATR stop. The spread was measured from 2025-05-01, after this series begins (2025-01-01): for the earlier bars it is an assumption, not a measurement",False,469.0,20.408273167999496,0.30544924508665283,"DOES NOT PASS: no horizon beats the spread with significance. The best is long at 120 bars with net +20.41 pt over 235 observations, but p=0.305 (standard error 40.1 pt): indistinguishable from zero. No SL/TP combination can rescue a signal without an edge.",0.02744352966012244,False,,74575.0,,,,,,,,,,,,,,,,,,,,,[],,,,,,,,,,,,
ma-crossover,USDJPY.r,H1,gate,stopped at gate zero,,True,True,True,0.012680335786393626,0.006340167893196813,"spread is 1.3% of one ATR (3 of 237 points), 0.6% of a 2x ATR stop. The spread was measured from 2025-05-01, after this series begins (2025-01-01): for the earlier bars it is an assumption, not a measurement",False,44.0,148.74025692785656,0.2983798927024641,"DOES NOT PASS: no horizon beats the spread with significance. The best is short at 60 bars with net +148.74 pt over 21 observations, but p=0.298 (standard error 276.7 pt): indistinguishable from zero. No SL/TP combination can rescue a signal without an edge.",0.018018018018018014,False,,6217.0,,,,,,,,,,,,,,,,,,,,,[],,,,,,,,,,,,
ma-crossover,AUDUSD.r,M5,gate,stopped at gate zero,,True,True,True,0.11277434641895488,0.05638717320947744,"spread is 11.3% of one ATR (3 of 27 points), 5.6% of a 2x ATR stop. The spread was measured from 2025-05-01, after this series begins (2025-01-01): for the earlier bars it is an assumption, not a measurement",False,468.0,12.937587759052946,0.2096088780635854,"DOES NOT PASS: no horizon beats the spread with significance. The best is short at 120 bars with net +12.94 pt over 234 observations, but p=0.210 (standard error 16.0 pt): indistinguishable from zero. No SL/TP combination can rescue a signal without an edge.",0.04044729954794194,False,,74576.0,,,,,,,,,,,,,,,,,,,,,[],,,,,,,,,,,,
ma-crossover,AUDUSD.r,M15,gate,stopped at gate zero,,True,True,True,0.061809654362676575,0.030904827181338287,"spread is 6.2% of one ATR (3 of 49 points), 3.1% of a 2x ATR stop. The spread was measured from 2025-05-01, after this series begins (2025-01-01): for the earlier bars it is an assumption, not a measurement",False,163.0,31.136609879624025,0.11139949527879955,"DOES NOT PASS: no horizon beats the spread with significance. The best is long at 15 bars with net +31.14 pt over 81 observations, but p=0.111 (standard error 25.3 pt): indistinguishable from zero. No SL/TP combination can rescue a signal without an edge.",0.04056047197640118,False,,24862.0,,,,,,,,,,,,,,,,,,,,,[],,,,,,,,,,,,
ma-crossover,AUDUSD.r,H1,gate,stopped at gate zero,,True,True,True,0.029514020877138194,0.014757010438569097,"spread is 3.0% of one ATR (3 of 102 points), 1.5% of a 2x ATR stop. The spread was measured from 2025-05-01, after this series begins (2025-01-01): for the earlier bars it is an assumption, not a measurement",False,41.0,244.96034594770228,0.03090874998954496,"DOES NOT PASS: no horizon beats the spread with significance. The best is short at 60 bars with net +244.96 pt over 20 observations, but p=0.031 (standard error 123.4 pt): indistinguishable from zero. No SL/TP combination can rescue a signal without an edge.",0.02623906705539359,False,,6217.0,,,,,,,,,,,,,,,,,,,,,[],,,,,,,,,,,,
ma-crossover,USDCAD.r,M5,tradability,refused before testing: spread too large for the stop,,False,False,True,0.154334934563466,0.077167467281733,"spread is 15.4% of one ATR (5 of 32 points), 7.7% of a 2x ATR stop. The spread was measured from 2025-05-01, after this series begins (2025-01-01): for the earlier bars it is an assumption, not a measurement - above the 15% threshold: no realistic edge covers this, so nothing is tested here",,,,,,,,,,,,,,,,,,,,,,,,,,,,,,[],,,,,,,,,,,,
ma-crossover,USDCAD.r,M15,gate,stopped at gate zero,,True,True,True,0.08275183472507573,0.041375917362537866,"spread is 8.3% of one ATR (5 of 60 points), 4.1% of a 2x ATR stop. The spread was measured from 2025-05-01, after this series begins (2025-01-01): for the earlier bars it is an assumption, not a measurement",False,148.0,4.840735610086339,0.3552440838883053,"DOES NOT PASS: no horizon beats the spread with significance. The best is short at 5 bars with net +4.84 pt over 74 observations, but p=0.355 (standard error 13.0 pt): indistinguishable from zero. No SL/TP combination can rescue a signal without an edge.",0.04288631722260041,False,,24861.0,,,,,,,,,,,,,,,,,,,,,[],,,,,,,,,,,,
ma-crossover,USDCAD.r,H1,gate,stopped at gate zero,,True,True,True,0.039514386483911625,0.019757193241955812,"spread is 4.0% of one ATR (5 of 127 points), 2.0% of a 2x ATR stop. The spread was measured from 2025-05-01, after this series begins (2025-01-01): for the earlier bars it is an assumption, not a measurement",False,35.0,115.32331444840145,0.28358949414017975,"DOES NOT PASS: no horizon beats the spread with significance. The best is long at 60 bars with net +115.32 pt over 17 observations, but p=0.284 (standard error 197.4 pt): indistinguishable from zero. No SL/TP combination can rescue a signal without an edge.",0.04028436018957346,False,,6217.0,,,,,,,,,,,,,,,,,,,,,[],,,,,,,,,,,,
ma-crossover,XTIUSD,M5,tradability,refused before testing: spread too large for the stop,,False,False,True,0.38268648260293725,0.19134324130146863,"spread is 38.3% of one ATR (30 of 78 points), 19.1% of a 2x ATR stop. The spread was measured from 2025-04-02, after this series begins (2025-01-01): for the earlier bars it is an assumption, not a measurement - above the 15% threshold: no realistic edge covers this, so nothing is tested here",,,,,,,,,,,,,,,,,,,,,,,,,,,,,,[],,,,,,,,,,,,
ma-crossover,XTIUSD,M15,tradability,refused before testing: spread too large for the stop,,False,False,True,0.2097685163410908,0.1048842581705454,"spread is 21.0% of one ATR (30 of 143 points), 10.5% of a 2x ATR stop. The spread was measured from 2025-04-02, after this series begins (2025-01-01): for the earlier bars it is an assumption, not a measurement - above the 15% threshold: no realistic edge covers this, so nothing is tested here",,,,,,,,,,,,,,,,,,,,,,,,,,,,,,[],,,,,,,,,,,,
ma-crossover,XBRUSD,M5,tradability,refused before testing: spread too large for the stop,,False,False,True,0.3736059959889987,0.18680299799449934,"spread is 37.4% of one ATR (30 of 80 points), 18.7% of a 2x ATR stop. The spread was measured from 2025-02-14, after this series begins (2025-01-02): for the earlier bars it is an assumption, not a measurement - above the 15% threshold: no realistic edge covers this, so nothing is tested here",,,,,,,,,,,,,,,,,,,,,,,,,,,,,,[],,,,,,,,,,,,
ma-crossover,XBRUSD,M15,tradability,refused before testing: spread too large for the stop,,False,False,True,0.20582618941711706,0.10291309470855853,"spread is 20.6% of one ATR (30 of 146 points), 10.3% of a 2x ATR stop. The spread was measured from 2025-02-14, after this series begins (2025-01-02): for the earlier bars it is an assumption, not a measurement - above the 15% threshold: no realistic edge covers this, so nothing is tested here",,,,,,,,,,,,,,,,,,,,,,,,,,,,,,[],,,,,,,,,,,,
rsi-mean-reversion,XAUUSD.r,M5,gate,stopped at gate zero,,True,True,True,0.026065765377050437,0.013032882688525219,"spread is 2.6% of one ATR (7 of 269 points), 1.3% of a 2x ATR stop. The spread was measured from 2025-04-02, after this series begins (2025-01-01): for the earlier bars it is an assumption, not a measurement",False,2000.0,81.05500106557392,0.13349135558123737,"DOES NOT PASS: no horizon beats the spread with significance. The best is short at 120 bars with net +81.06 pt over 1185 observations, but p=0.133 (standard error 73.0 pt): indistinguishable from zero. No SL/TP combination can rescue a signal without an edge.",0.07159382492743868,False,,70861.0,,,,,,,,,,,,,,,,,,,,,[],,,,,,,,,,,,
rsi-mean-reversion,XAGUSD.r,M5,tradability,refused before testing: spread too large for the stop,,False,False,True,0.2747013429897955,0.13735067149489774,"spread is 27.5% of one ATR (13 of 47 points), 13.7% of a 2x ATR stop. The spread was measured from 2025-04-03, after this series begins (2025-01-01): for the earlier bars it is an assumption, not a measurement - above the 15% threshold: no realistic edge covers this, so nothing is tested here",,,,,,,,,,,,,,,,,,,,,,,,,,,,,,[],,,,,,,,,,,,
rsi-mean-reversion,XAGUSD.r,M15,tradability,refused before testing: spread too large for the stop,,False,False,True,0.1531519181613204,0.0765759590806602,"spread is 15.3% of one ATR (13 of 85 points), 7.7% of a 2x ATR stop. The spread was measured from 2025-04-03, after this series begins (2025-01-01): for the earlier bars it is an assumption, not a measurement - above the 15% threshold: no realistic edge covers this, so nothing is tested here",,,,,,,,,,,,,,,,,,,,,,,,,,,,,,[],,,,,,,,,,,,
rsi-mean-reversion,XAGUSD.r,H1,gate,stopped at gate zero,,True,True,True,0.07839288082149688,0.03919644041074844,"spread is 7.8% of one ATR (13 of 166 points), 3.9% of a 2x ATR stop. The spread was measured from 2025-04-03, after this series begins (2025-01-01): for the earlier bars it is an assumption, not a measurement",False,200.0,42.92228431614639,0.22685432505716618,"DOES NOT PASS: no horizon beats the spread with significance. The best is long at 5 bars with net +42.92 pt over 59 observations, but p=0.227 (standard error 56.9 pt): indistinguishable from zero. No SL/TP combination can rescue a signal without an edge.",0.1317469529889727,False,,5907.0,,,,,,,,,,,,,,,,,,,,,[],,,,,,,,,,,,
rsi-mean-reversion,XAUEUR.r,M5,gate,stopped at gate zero,,True,True,True,0.041319921661323644,0.020659960830661822,"spread is 4.1% of one ATR (10 of 242 points), 2.1% of a 2x ATR stop. The spread was measured from 2025-04-04, after this series begins (2025-01-01): for the earlier bars it is an assumption, not a measurement",False,1890.0,34.507543534107185,0.1619370774466493,"DOES NOT PASS: no horizon beats the spread with significance. The best is long at 15 bars with net +34.51 pt over 835 observations, but p=0.162 (standard error 35.0 pt): indistinguishable from zero. No SL/TP combination can rescue a signal without an edge.",0.06383068426156245,False,,70858.0,,,,,,,,,,,,,,,,,,,,,[],,,,,,,,,,,,
rsi-mean-reversion,XAUEUR.r,M15,gate,stopped at gate zero,,True,True,True,0.0231828751392269,0.01159143756961345,"spread is 2.3% of one ATR (10 of 431 points), 1.2% of a 2x ATR stop. The spread was measured from 2025-04-04, after this series begins (2025-01-01): for the earlier bars it is an assumption, not a measurement",False,644.0,85.87481997138927,0.11689155003133833,"DOES NOT PASS: no horizon beats the spread with significance. The best is long at 5 bars with net +85.87 pt over 261 observations, but p=0.117 (standard error 72.0 pt): indistinguishable from zero. No SL/TP combination can rescue a signal without an edge.",0.061306663203013374,False,,23623.0,,,,,,,,,,,,,,,,,,,,,[],,,,,,,,,,,,
rsi-mean-reversion,XAUEUR.r,H1,gate,stopped at gate zero,,True,True,True,0.011421207978907643,0.005710603989453822,"spread is 1.1% of one ATR (10 of 876 points), 0.6% of a 2x ATR stop. The spread was measured from 2025-04-04, after this series begins (2025-01-01): for the earlier bars it is an assumption, not a measurement",False,181.0,518.1168414844767,0.2522052380178944,"DOES NOT PASS: no horizon beats the spread with significance. The best is short at 120 bars with net +518.12 pt over 123 observations, but p=0.252 (standard error 773.8 pt): indistinguishable from zero. No SL/TP combination can rescue a signal without an edge.",0.06102003642987249,False,,5910.0,,,,,,,,,,,,,,,,,,,,,[],,,,,,,,,,,,
rsi-mean-reversion,GBPUSD.r,M15,gate,stopped at gate zero,,True,True,True,0.03798759603022251,0.018993798015111255,"spread is 3.8% of one ATR (3 of 79 points), 1.9% of a 2x ATR stop. The spread was measured from 2025-04-30, after this series begins (2025-01-01): for the earlier bars it is an assumption, not a measurement",False,690.0,4.750260524054866,0.39926931340349026,"DOES NOT PASS: no horizon beats the spread with significance. The best is short at 30 bars with net +4.75 pt over 375 observations, but p=0.399 (standard error 18.6 pt): indistinguishable from zero. No SL/TP combination can rescue a signal without an edge.",0.04014905637696839,False,,24862.0,,,,,,,,,,,,,,,,,,,,,[],,,,,,,,,,,,
rsi-mean-reversion,GBPUSD.r,H1,gate,stopped at gate zero,,True,True,True,0.01833031074831257,0.009165155374156285,"spread is 1.8% of one ATR (3 of 164 points), 0.9% of a 2x ATR stop. The spread was measured from 2025-04-30, after this series begins (2025-01-01): for the earlier bars it is an assumption, not a measurement",False,190.0,205.3123991593278,0.11722758843223557,"DOES NOT PASS: no horizon beats the spread with significance. The best is long at 120 bars with net +205.31 pt over 86 observations, but p=0.117 (standard error 171.5 pt): indistinguishable from zero. No SL/TP combination can rescue a signal without an edge.",0.03951975987993997,False,,6217.0,,,,,,,,,,,,,,,,,,,,,[],,,,,,,,,,,,
rsi-mean-reversion,USDJPY.r,M5,gate,stopped at gate zero,,True,True,True,0.04875132052427126,0.02437566026213563,"spread is 4.9% of one ATR (3 of 62 points), 2.4% of a 2x ATR stop. The spread was measured from 2025-05-01, after this series begins (2025-01-01): for the earlier bars it is an assumption, not a measurement",False,2076.0,-1.0569590438112089,0.5324099430639511,"DOES NOT PASS: no horizon beats the spread with significance. The best is long at 60 bars with net -1.06 pt over 1016 observations, but p=0.532 (standard error 13.0 pt): indistinguishable from zero. No SL/TP combination can rescue a signal without an edge.",0.04796914547426781,False,,74575.0,,,,,,,,,,,,,,,,,,,,,[],,,,,,,,,,,,
rsi-mean-reversion,USDJPY.r,M15,gate,stopped at gate zero,,True,True,True,0.026588597351210812,0.013294298675605406,"spread is 2.7% of one ATR (3 of 113 points), 1.3% of a 2x ATR stop. The spread was measured from 2025-05-01, after this series begins (2025-01-01): for the earlier bars it is an assumption, not a measurement",False,716.0,61.291036966280885,0.12863664038402833,"DOES NOT PASS: no horizon beats the spread with significance. The best is short at 120 bars with net +61.29 pt over 355 observations, but p=0.129 (standard error 54.0 pt): indistinguishable from zero. No SL/TP combination can rescue a signal without an edge.",0.046291866028708134,False,,24862.0,,,,,,,,,,,,,,,,,,,,,[],,,,,,,,,,,,
rsi-mean-reversion,USDCAD.r,M5,tradability,refused before testing: spread too large for the stop,,False,False,True,0.154334934563466,0.077167467281733,"spread is 15.4% of one ATR (5 of 32 points), 7.7% of a 2x ATR stop. The spread was measured from 2025-05-01, after this series begins (2025-01-01): for the earlier bars it is an assumption, not a measurement - above the 15% threshold: no realistic edge covers this, so nothing is tested here",,,,,,,,,,,,,,,,,,,,,,,,,,,,,,[],,,,,,,,,,,,
rsi-mean-reversion,USDCAD.r,M15,gate,stopped at gate zero,,True,True,True,0.08275183472507573,0.041375917362537866,"spread is 8.3% of one ATR (5 of 60 points), 4.1% of a 2x ATR stop. The spread was measured from 2025-05-01, after this series begins (2025-01-01): for the earlier bars it is an assumption, not a measurement",False,646.0,17.97320877259837,0.18580098766073605,"DOES NOT PASS: no horizon beats the spread with significance. The best is short at 60 bars with net +17.97 pt over 325 observations, but p=0.186 (standard error 20.1 pt): indistinguishable from zero. No SL/TP combination can rescue a signal without an edge.",0.06475583864118896,False,,24861.0,,,,,,,,,,,,,,,,,,,,,[],,,,,,,,,,,,
rsi-mean-reversion,XTIUSD,M5,tradability,refused before testing: spread too large for the stop,,False,False,True,0.38268648260293725,0.19134324130146863,"spread is 38.3% of one ATR (30 of 78 points), 19.1% of a 2x ATR stop. The spread was measured from 2025-04-02, after this series begins (2025-01-01): for the earlier bars it is an assumption, not a measurement - above the 15% threshold: no realistic edge covers this, so nothing is tested here",,,,,,,,,,,,,,,,,,,,,,,,,,,,,,[],,,,,,,,,,,,
rsi-mean-reversion,XTIUSD,M15,tradability,refused before testing: spread too large for the stop,,False,False,True,0.2097685163410908,0.1048842581705454,"spread is 21.0% of one ATR (30 of 143 points), 10.5% of a 2x ATR stop. The spread was measured from 2025-04-02, after this series begins (2025-01-01): for the earlier bars it is an assumption, not a measurement - above the 15% threshold: no realistic edge covers this, so nothing is tested here",,,,,,,,,,,,,,,,,,,,,,,,,,,,,,[],,,,,,,,,,,,
rsi-mean-reversion,XTIUSD,H1,gate,stopped at gate zero,,True,True,True,0.09936100937431996,0.04968050468715998,"spread is 9.9% of one ATR (30 of 302 points), 5.0% of a 2x ATR stop. The spread was measured from 2025-04-02, after this series begins (2025-01-01): for the earlier bars it is an assumption, not a measurement",False,188.0,183.41437953751597,0.3052807695186015,"DOES NOT PASS: no horizon beats the spread with significance. The best is short at 120 bars with net +183.41 pt over 85 observations, but p=0.305 (standard error 358.8 pt): indistinguishable from zero. No SL/TP combination can rescue a signal without an edge.",0.07113163972286374,False,,5897.0,,,,,,,,,,,,,,,,,,,,,[],,,,,,,,,,,,
rsi-mean-reversion,XBRUSD,M5,tradability,refused before testing: spread too large for the stop,,False,False,True,0.3736059959889987,0.18680299799449934,"spread is 37.4% of one ATR (30 of 80 points), 18.7% of a 2x ATR stop. The spread was measured from 2025-02-14, after this series begins (2025-01-02): for the earlier bars it is an assumption, not a measurement - above the 15% threshold: no realistic edge covers this, so nothing is tested here",,,,,,,,,,,,,,,,,,,,,,,,,,,,,,[],,,,,,,,,,,,
rsi-mean-reversion,XBRUSD,M15,tradability,refused before testing: spread too large for the stop,,False,False,True,0.20582618941711706,0.10291309470855853,"spread is 20.6% of one ATR (30 of 146 points), 10.3% of a 2x ATR stop. The spread was measured from 2025-02-14, after this series begins (2025-01-02): for the earlier bars it is an assumption, not a measurement - above the 15% threshold: no realistic edge covers this, so nothing is tested here",,,,,,,,,,,,,,,,,,,,,,,,,,,,,,[],,,,,,,,,,,,
rsi-mean-reversion,XBRUSD,H1,gate,stopped at gate zero,,True,True,True,0.09835577978039388,0.04917788989019694,"spread is 9.8% of one ATR (30 of 305 points), 4.9% of a 2x ATR stop. The spread was measured from 2025-02-14, after this series begins (2025-01-02): for the earlier bars it is an assumption, not a measurement",False,155.0,184.09777102330264,0.32364255797783537,"DOES NOT PASS: no horizon beats the spread with significance. The best is short at 120 bars with net +184.10 pt over 69 observations, but p=0.324 (standard error 400.6 pt): indistinguishable from zero. No SL/TP combination can rescue a signal without an edge.",0.05813953488372092,False,,5384.0,,,,,,,,,,,,,,,,,,,,,[],,,,,,,,,,,,
bollinger-breakout,XAUUSD.r,H1,gate,stopped at gate zero,,True,True,True,0.0069514518298570685,0.0034757259149285342,"spread is 0.7% of one ATR (7 of 1007 points), 0.3% of a 2x ATR stop. The spread was measured from 2025-04-02, after this series begins (2025-01-01): for the earlier bars it is an assumption, not a measurement",False,377.0,115.80453212340643,0.3329980016833012,"DOES NOT PASS: no horizon beats the spread with significance. The best is short at 15 bars with net +115.80 pt over 166 observations, but p=0.333 (standard error 267.8 pt): indistinguishable from zero. No SL/TP combination can rescue a signal without an edge.",0.013435700575815739,False,,5910.0,,,,,,,,,,,,,,,,,,,,,[],,,,,,,,,,,,
bollinger-breakout,XAGUSD.r,M5,tradability,refused before testing: spread too large for the stop,,False,False,True,0.2747013429897955,0.13735067149489774,"spread is 27.5% of one ATR (13 of 47 points), 13.7% of a 2x ATR stop. The spread was measured from 2025-04-03, after this series begins (2025-01-01): for the earlier bars it is an assumption, not a measurement - above the 15% threshold: no realistic edge covers this, so nothing is tested here",,,,,,,,,,,,,,,,,,,,,,,,,,,,,,[],,,,,,,,,,,,
bollinger-breakout,XAGUSD.r,M15,tradability,refused before testing: spread too large for the stop,,False,False,True,0.1531519181613204,0.0765759590806602,"spread is 15.3% of one ATR (13 of 85 points), 7.7% of a 2x ATR stop. The spread was measured from 2025-04-03, after this series begins (2025-01-01): for the earlier bars it is an assumption, not a measurement - above the 15% threshold: no realistic edge covers this, so nothing is tested here",,,,,,,,,,,,,,,,,,,,,,,,,,,,,,[],,,,,,,,,,,,
bollinger-breakout,XAGUSD.r,H1,gate,stopped at gate zero,,True,True,True,0.07839288082149688,0.03919644041074844,"spread is 7.8% of one ATR (13 of 166 points), 3.9% of a 2x ATR stop. The spread was measured from 2025-04-03, after this series begins (2025-01-01): for the earlier bars it is an assumption, not a measurement",False,356.0,164.76962443694896,0.0725486679733981,"DOES NOT PASS: no horizon beats the spread with significance. The best is short at 60 bars with net +164.77 pt over 169 observations, but p=0.073 (standard error 112.6 pt): indistinguishable from zero. No SL/TP combination can rescue a signal without an edge.",0.0730837789661319,False,,5907.0,,,,,,,,,,,,,,,,,,,,,[],,,,,,,,,,,,
bollinger-breakout,XAUEUR.r,M5,gate,stopped at gate zero,,True,True,True,0.041319921661323644,0.020659960830661822,"spread is 4.1% of one ATR (10 of 242 points), 2.1% of a 2x ATR stop. The spread was measured from 2025-04-04, after this series begins (2025-01-01): for the earlier bars it is an assumption, not a measurement",False,4255.0,40.61438645972157,0.23565617404452843,"DOES NOT PASS: no horizon beats the spread with significance. The best is short at 120 bars with net +40.61 pt over 2058 observations, but p=0.236 (standard error 56.4 pt): indistinguishable from zero. No SL/TP combination can rescue a signal without an edge.",0.026749663526244954,False,,70858.0,,,,,,,,,,,,,,,,,,,,,[],,,,,,,,,,,,
bollinger-breakout,XAUEUR.r,M15,gate,stopped at gate zero,,True,True,True,0.0231828751392269,0.01159143756961345,"spread is 2.3% of one ATR (10 of 431 points), 1.2% of a 2x ATR stop. The spread was measured from 2025-04-04, after this series begins (2025-01-01): for the earlier bars it is an assumption, not a measurement",False,1440.0,24.870516741008785,0.38498282282267304,"DOES NOT PASS: no horizon beats the spread with significance. The best is short at 30 bars with net +24.87 pt over 680 observations, but p=0.385 (standard error 85.0 pt): indistinguishable from zero. No SL/TP combination can rescue a signal without an edge.",0.025803054239073194,False,,23623.0,,,,,,,,,,,,,,,,,,,,,[],,,,,,,,,,,,
bollinger-breakout,XAUEUR.r,H1,gate,stopped at gate zero,,True,True,True,0.011421207978907643,0.005710603989453822,"spread is 1.1% of one ATR (10 of 876 points), 0.6% of a 2x ATR stop. The spread was measured from 2025-04-04, after this series begins (2025-01-01): for the earlier bars it is an assumption, not a measurement",False,359.0,87.99950495856922,0.3132974127539172,"DOES NOT PASS: no horizon beats the spread with significance. The best is long at 15 bars with net +88.00 pt over 208 observations, but p=0.313 (standard error 180.6 pt): indistinguishable from zero. No SL/TP combination can rescue a signal without an edge.",0.015317286652078776,False,,5910.0,,,,,,,,,,,,,,,,,,,,,[],,,,,,,,,,,,
bollinger-breakout,EURUSD.r,M5,gate,stopped at gate zero,,True,True,True,0.027474659058689503,0.013737329529344752,"spread is 2.7% of one ATR (1 of 36 points), 1.4% of a 2x ATR stop. The spread was measured from 2025-05-01, after this series begins (2025-01-01): for the earlier bars it is an assumption, not a measurement",False,4422.0,1.8036852350275616,0.4123750562403796,"DOES NOT PASS: no horizon beats the spread with significance. The best is long at 120 bars with net +1.80 pt over 2232 observations, but p=0.412 (standard error 8.1 pt): indistinguishable from zero. No SL/TP combination can rescue a signal without an edge.",0.03617794703133114,False,,74572.0,,,,,,,,,,,,,,,,,,,,,[],,,,,,,,,,,,
bollinger-breakout,EURUSD.r,M15,gate,stopped at gate zero,,True,True,True,0.014945622219214697,0.007472811109607349,"spread is 1.5% of one ATR (1 of 67 points), 0.7% of a 2x ATR stop. The spread was measured from 2025-05-01, after this series begins (2025-01-01): for the earlier bars it is an assumption, not a measurement",False,1589.0,0.11401670025036026,0.4978746553839506,"DOES NOT PASS: no horizon beats the spread with significance. The best is long at 120 bars with net +0.11 pt over 835 observations, but p=0.498 (standard error 21.4 pt): indistinguishable from zero. No SL/TP combination can rescue a signal without an edge.",0.03913273400317292,False,,24862.0,,,,,,,,,,,,,,,,,,,,,[],,,,,,,,,,,,
bollinger-breakout,GBPUSD.r,M5,gate,stopped at gate zero,,True,True,True,0.06908527196296996,0.03454263598148498,"spread is 6.9% of one ATR (3 of 43 points), 3.5% of a 2x ATR stop. The spread was measured from 2025-04-30, after this series begins (2025-01-01): for the earlier bars it is an assumption, not a measurement",False,4573.0,-5.04211694993119,0.9471419744265085,"DOES NOT PASS: no horizon beats the spread with significance. The best is long at 15 bars with net -5.04 pt over 2252 observations, but p=0.947 (standard error 3.1 pt): indistinguishable from zero. No SL/TP combination can rescue a signal without an edge.",0.025981308411214953,False,,74575.0,,,,,,,,,,,,,,,,,,,,,[],,,,,,,,,,,,
bollinger-breakout,GBPUSD.r,M15,gate,stopped at gate zero,,True,True,True,0.03798759603022251,0.018993798015111255,"spread is 3.8% of one ATR (3 of 79 points), 1.9% of a 2x ATR stop. The spread was measured from 2025-04-30, after this series begins (2025-01-01): for the earlier bars it is an assumption, not a measurement",False,1505.0,17.53494573181586,0.2432013417220409,"DOES NOT PASS: no horizon beats the spread with significance. The best is long at 120 bars with net +17.53 pt over 762 observations, but p=0.243 (standard error 25.2 pt): indistinguishable from zero. No SL/TP combination can rescue a signal without an edge.",0.024518388791593695,False,,24862.0,,,,,,,,,,,,,,,,,,,,,[],,,,,,,,,,,,
bollinger-breakout,AUDUSD.r,M5,gate,stopped at gate zero,,True,True,True,0.11277434641895488,0.05638717320947744,"spread is 11.3% of one ATR (3 of 27 points), 5.6% of a 2x ATR stop. The spread was measured from 2025-05-01, after this series begins (2025-01-01): for the earlier bars it is an assumption, not a measurement",False,4490.0,-4.285003972723956,0.9994367074527996,"DOES NOT PASS: no horizon beats the spread with significance. The best is long at 5 bars with net -4.29 pt over 2144 observations, but p=0.999 (standard error 1.3 pt): indistinguishable from zero. No SL/TP combination can rescue a signal without an edge.",0.03978052126200274,False,,74576.0,,,,,,,,,,,,,,,,,,,,,[],,,,,,,,,,,,
bollinger-breakout,AUDUSD.r,M15,gate,stopped at gate zero,,True,True,True,0.061809654362676575,0.030904827181338287,"spread is 6.2% of one ATR (3 of 49 points), 3.1% of a 2x ATR stop. The spread was measured from 2025-05-01, after this series begins (2025-01-01): for the earlier bars it is an assumption, not a measurement",False,1484.0,-10.377145907881136,0.9988181367431871,"DOES NOT PASS: no horizon beats the spread with significance. The best is long at 5 bars with net -10.38 pt over 739 observations, but p=0.999 (standard error 3.4 pt): indistinguishable from zero. No SL/TP combination can rescue a signal without an edge.",0.04158790170132325,False,,24862.0,,,,,,,,,,,,,,,,,,,,,[],,,,,,,,,,,,
bollinger-breakout,AUDUSD.r,H1,gate,stopped at gate zero,,True,True,True,0.029514020877138194,0.014757010438569097,"spread is 3.0% of one ATR (3 of 102 points), 1.5% of a 2x ATR stop. The spread was measured from 2025-05-01, after this series begins (2025-01-01): for the earlier bars it is an assumption, not a measurement",False,401.0,10.285213312626746,0.23146590878824336,"DOES NOT PASS: no horizon beats the spread with significance. The best is short at 5 bars with net +10.29 pt over 204 observations, but p=0.231 (standard error 14.0 pt): indistinguishable from zero. No SL/TP combination can rescue a signal without an edge.",0.029972752043596732,False,,6217.0,,,,,,,,,,,,,,,,,,,,,[],,,,,,,,,,,,
bollinger-breakout,USDCAD.r,M5,tradability,refused before testing: spread too large for the stop,,False,False,True,0.154334934563466,0.077167467281733,"spread is 15.4% of one ATR (5 of 32 points), 7.7% of a 2x ATR stop. The spread was measured from 2025-05-01, after this series begins (2025-01-01): for the earlier bars it is an assumption, not a measurement - above the 15% threshold: no realistic edge covers this, so nothing is tested here",,,,,,,,,,,,,,,,,,,,,,,,,,,,,,[],,,,,,,,,,,,
bollinger-breakout,USDCAD.r,M15,gate,stopped at gate zero,,True,True,True,0.08275183472507573,0.041375917362537866,"spread is 8.3% of one ATR (5 of 60 points), 4.1% of a 2x ATR stop. The spread was measured from 2025-05-01, after this series begins (2025-01-01): for the earlier bars it is an assumption, not a measurement",False,1570.0,7.998511592045887,0.36185908855998083,"DOES NOT PASS: no horizon beats the spread with significance. The best is short at 120 bars with net +8.00 pt over 753 observations, but p=0.362 (standard error 22.6 pt): indistinguishable from zero. No SL/TP combination can rescue a signal without an edge.",0.04197271773347325,False,,24861.0,,,,,,,,,,,,,,,,,,,,,[],,,,,,,,,,,,
bollinger-breakout,USDCAD.r,H1,gate,stopped at gate zero,,True,True,True,0.039514386483911625,0.019757193241955812,"spread is 4.0% of one ATR (5 of 127 points), 2.0% of a 2x ATR stop. The spread was measured from 2025-05-01, after this series begins (2025-01-01): for the earlier bars it is an assumption, not a measurement",False,394.0,93.51971265007545,0.056189554981632694,"DOES NOT PASS: no horizon beats the spread with significance. The best is short at 60 bars with net +93.52 pt over 178 observations, but p=0.056 (standard error 58.6 pt): indistinguishable from zero. No SL/TP combination can rescue a signal without an edge.",0.041474654377880185,False,,6217.0,,,,,,,,,,,,,,,,,,,,,[],,,,,,,,,,,,
bollinger-breakout,XTIUSD,M5,tradability,refused before testing: spread too large for the stop,,False,False,True,0.38268648260293725,0.19134324130146863,"spread is 38.3% of one ATR (30 of 78 points), 19.1% of a 2x ATR stop. The spread was measured from 2025-04-02, after this series begins (2025-01-01): for the earlier bars it is an assumption, not a measurement - above the 15% threshold: no realistic edge covers this, so nothing is tested here",,,,,,,,,,,,,,,,,,,,,,,,,,,,,,[],,,,,,,,,,,,
bollinger-breakout,XTIUSD,M15,tradability,refused before testing: spread too large for the stop,,False,False,True,0.2097685163410908,0.1048842581705454,"spread is 21.0% of one ATR (30 of 143 points), 10.5% of a 2x ATR stop. The spread was measured from 2025-04-02, after this series begins (2025-01-01): for the earlier bars it is an assumption, not a measurement - above the 15% threshold: no realistic edge covers this, so nothing is tested here",,,,,,,,,,,,,,,,,,,,,,,,,,,,,,[],,,,,,,,,,,,
bollinger-breakout,XTIUSD,H1,gate,stopped at gate zero,,True,True,True,0.09936100937431996,0.04968050468715998,"spread is 9.9% of one ATR (30 of 302 points), 5.0% of a 2x ATR stop. The spread was measured from 2025-04-02, after this series begins (2025-01-01): for the earlier bars it is an assumption, not a measurement",False,366.0,215.98471745992003,0.17253215561007085,"DOES NOT PASS: no horizon beats the spread with significance. The best is short at 120 bars with net +215.98 pt over 188 observations, but p=0.173 (standard error 228.2 pt): indistinguishable from zero. No SL/TP combination can rescue a signal without an edge.",0.03111111111111111,False,,5897.0,,,,,,,,,,,,,,,,,,,,,[],,,,,,,,,,,,
bollinger-breakout,XBRUSD,M5,tradability,refused before testing: spread too large for the stop,,False,False,True,0.3736059959889987,0.18680299799449934,"spread is 37.4% of one ATR (30 of 80 points), 18.7% of a 2x ATR stop. The spread was measured from 2025-02-14, after this series begins (2025-01-02): for the earlier bars it is an assumption, not a measurement - above the 15% threshold: no realistic edge covers this, so nothing is tested here",,,,,,,,,,,,,,,,,,,,,,,,,,,,,,[],,,,,,,,,,,,
bollinger-breakout,XBRUSD,M15,tradability,refused before testing: spread too large for the stop,,False,False,True,0.20582618941711706,0.10291309470855853,"spread is 20.6% of one ATR (30 of 146 points), 10.3% of a 2x ATR stop. The spread was measured from 2025-02-14, after this series begins (2025-01-02): for the earlier bars it is an assumption, not a measurement - above the 15% threshold: no realistic edge covers this, so nothing is tested here",,,,,,,,,,,,,,,,,,,,,,,,,,,,,,[],,,,,,,,,,,,
bollinger-breakout,XBRUSD,H1,gate,stopped at gate zero,,True,True,True,0.09835577978039388,0.04917788989019694,"spread is 9.8% of one ATR (30 of 305 points), 4.9% of a 2x ATR stop. The spread was measured from 2025-02-14, after this series begins (2025-01-02): for the earlier bars it is an assumption, not a measurement",False,316.0,223.0446924670394,0.18967255330860466,"DOES NOT PASS: no horizon beats the spread with significance. The best is short at 120 bars with net +223.04 pt over 157 observations, but p=0.190 (standard error 253.0 pt): indistinguishable from zero. No SL/TP combination can rescue a signal without an edge.",0.030136986301369864,False,,5384.0,,,,,,,,,,,,,,,,,,,,,[],,,,,,,,,,,,
bollinger-mean-reversion,XAUUSD.r,M5,gate,stopped at gate zero,,True,True,True,0.026065765377050437,0.013032882688525219,"spread is 2.6% of one ATR (7 of 269 points), 1.3% of a 2x ATR stop. The spread was measured from 2025-04-02, after this series begins (2025-01-01): for the earlier bars it is an assumption, not a measurement",False,4327.0,-19.288430891403088,0.8221167809382699,"DOES NOT PASS: no horizon beats the spread with significance. The best is short at 15 bars with net -19.29 pt over 2218 observations, but p=0.822 (standard error 20.9 pt): indistinguishable from zero. No SL/TP combination can rescue a signal without an edge.",0.07865690716858371,False,,70861.0,,,,,,,,,,,,,,,,,,,,,[],,,,,,,,,,,,
bollinger-mean-reversion,XAUUSD.r,M15,gate,stopped at gate zero,,True,True,True,0.01439271090445955,0.007196355452229775,"spread is 1.4% of one ATR (7 of 486 points), 0.7% of a 2x ATR stop. The spread was measured from 2025-04-02, after this series begins (2025-01-01): for the earlier bars it is an assumption, not a measurement",False,1446.0,-20.64620017444317,0.6691777017272227,"DOES NOT PASS: no horizon beats the spread with significance. The best is long at 5 bars with net -20.65 pt over 665 observations, but p=0.669 (standard error 47.2 pt): indistinguishable from zero. No SL/TP combination can rescue a signal without an edge.",0.07452444016373706,False,,23625.0,,,,,,,,,,,,,,,,,,,,,[],,,,,,,,,,,,
bollinger-mean-reversion,XAGUSD.r,M5,tradability,refused before testing: spread too large for the stop,,False,False,True,0.2747013429897955,0.13735067149489774,"spread is 27.5% of one ATR (13 of 47 points), 13.7% of a 2x ATR stop. The spread was measured from 2025-04-03, after this series begins (2025-01-01): for the earlier bars it is an assumption, not a measurement - above the 15% threshold: no realistic edge covers this, so nothing is tested here",,,,,,,,,,,,,,,,,,,,,,,,,,,,,,[],,,,,,,,,,,,
bollinger-mean-reversion,XAGUSD.r,M15,tradability,refused before testing: spread too large for the stop,,False,False,True,0.1531519181613204,0.0765759590806602,"spread is 15.3% of one ATR (13 of 85 points), 7.7% of a 2x ATR stop. The spread was measured from 2025-04-03, after this series begins (2025-01-01): for the earlier bars it is an assumption, not a measurement - above the 15% threshold: no realistic edge covers this, so nothing is tested here",,,,,,,,,,,,,,,,,,,,,,,,,,,,,,[],,,,,,,,,,,,
bollinger-mean-reversion,XAGUSD.r,H1,gate,stopped at gate zero,,True,True,True,0.07839288082149688,0.03919644041074844,"spread is 7.8% of one ATR (13 of 166 points), 3.9% of a 2x ATR stop. The spread was measured from 2025-04-03, after this series begins (2025-01-01): for the earlier bars it is an assumption, not a measurement",False,356.0,154.81476107592368,0.14401572988557443,"DOES NOT PASS: no horizon beats the spread with significance. The best is short at 120 bars with net +154.81 pt over 179 observations, but p=0.144 (standard error 145.3 pt): indistinguishable from zero. No SL/TP combination can rescue a signal without an edge.",0.13708356089568544,False,,5907.0,,,,,,,,,,,,,,,,,,,,,[],,,,,,,,,,,,
bollinger-mean-reversion,XAUEUR.r,M5,gate,stopped at gate zero,,True,True,True,0.041319921661323644,0.020659960830661822,"spread is 4.1% of one ATR (10 of 242 points), 2.1% of a 2x ATR stop. The spread was measured from 2025-04-04, after this series begins (2025-01-01): for the earlier bars it is an assumption, not a measurement",False,4255.0,4.0804185955380134,0.40849536779681117,"DOES NOT PASS: no horizon beats the spread with significance. The best is short at 15 bars with net +4.08 pt over 2189 observations, but p=0.408 (standard error 17.6 pt): indistinguishable from zero. No SL/TP combination can rescue a signal without an edge.",0.06950880444856349,False,,70858.0,,,,,,,,,,,,,,,,,,,,,[],,,,,,,,,,,,
bollinger-mean-reversion,XAUEUR.r,M15,gate,stopped at gate zero,,True,True,True,0.0231828751392269,0.01159143756961345,"spread is 2.3% of one ATR (10 of 431 points), 1.2% of a 2x ATR stop. The spread was measured from 2025-04-04, after this series begins (2025-01-01): for the earlier bars it is an assumption, not a measurement",False,1440.0,46.78140662904096,0.10276205252713977,"DOES NOT PASS: no horizon beats the spread with significance. The best is long at 5 bars with net +46.78 pt over 680 observations, but p=0.103 (standard error 36.9 pt): indistinguishable from zero. No SL/TP combination can rescue a signal without an edge.",0.06558150507195093,False,,23623.0,,,,,,,,,,,,,,,,,,,,,[],,,,,,,,,,,,
bollinger-mean-reversion,XAUEUR.r,H1,gate,stopped at gate zero,,True,True,True,0.011421207978907643,0.005710603989453822,"spread is 1.1% of one ATR (10 of 876 points), 0.6% of a 2x ATR stop. The spread was measured from 2025-04-04, after this series begins (2025-01-01): for the earlier bars it is an assumption, not a measurement",False,359.0,426.48919920805383,0.22395204185232354,"DOES NOT PASS: no horizon beats the spread with significance. The best is short at 120 bars with net +426.49 pt over 205 observations, but p=0.224 (standard error 560.9 pt): indistinguishable from zero. No SL/TP combination can rescue a signal without an edge.",0.061290322580645165,False,,5910.0,,,,,,,,,,,,,,,,,,,,,[],,,,,,,,,,,,
bollinger-mean-reversion,GBPUSD.r,M5,gate,stopped at gate zero,,True,True,True,0.06908527196296996,0.03454263598148498,"spread is 6.9% of one ATR (3 of 43 points), 3.5% of a 2x ATR stop. The spread was measured from 2025-04-30, after this series begins (2025-01-01): for the earlier bars it is an assumption, not a measurement",False,4573.0,8.075957166988577,0.09253164923356694,"DOES NOT PASS: no horizon beats the spread with significance. The best is long at 60 bars with net +8.08 pt over 2321 observations, but p=0.093 (standard error 6.1 pt): indistinguishable from zero. No SL/TP combination can rescue a signal without an edge.",0.04766720133900551,False,,74575.0,,,,,,,,,,,,,,,,,,,,,[],,,,,,,,,,,,
bollinger-mean-reversion,GBPUSD.r,M15,gate,stopped at gate zero,,True,True,True,0.03798759603022251,0.018993798015111255,"spread is 3.8% of one ATR (3 of 79 points), 1.9% of a 2x ATR stop. The spread was measured from 2025-04-30, after this series begins (2025-01-01): for the earlier bars it is an assumption, not a measurement",False,1505.0,13.419560592422375,0.21997945318507806,"DOES NOT PASS: no horizon beats the spread with significance. The best is long at 60 bars with net +13.42 pt over 739 observations, but p=0.220 (standard error 17.4 pt): indistinguishable from zero. No SL/TP combination can rescue a signal without an edge.",0.04570895522388059,False,,24862.0,,,,,,,,,,,,,,,,,,,,,[],,,,,,,,,,,,
bollinger-mean-reversion,GBPUSD.r,H1,gate,stopped at gate zero,,True,True,True,0.01833031074831257,0.009165155374156285,"spread is 1.8% of one ATR (3 of 164 points), 0.9% of a 2x ATR stop. The spread was measured from 2025-04-30, after this series begins (2025-01-01): for the earlier bars it is an assumption, not a measurement",False,405.0,66.20918055992666,0.23315130630573377,"DOES NOT PASS: no horizon beats the spread with significance. The best is short at 120 bars with net +66.21 pt over 222 observations, but p=0.233 (standard error 90.7 pt): indistinguishable from zero. No SL/TP combination can rescue a signal without an edge.",0.04205400619743249,False,,6217.0,,,,,,,,,,,,,,,,,,,,,[],,,,,,,,,,,,
bollinger-mean-reversion,USDJPY.r,M5,gate,stopped at gate zero,,True,True,True,0.04875132052427126,0.02437566026213563,"spread is 4.9% of one ATR (3 of 62 points), 2.4% of a 2x ATR stop. The spread was measured from 2025-05-01, after this series begins (2025-01-01): for the earlier bars it is an assumption, not a measurement",False,4435.0,0.7529834143154588,0.43558874633191236,"DOES NOT PASS: no horizon beats the spread with significance. The best is long at 15 bars with net +0.75 pt over 2278 observations, but p=0.436 (standard error 4.6 pt): indistinguishable from zero. No SL/TP combination can rescue a signal without an edge.",0.05228136882129277,False,,74575.0,,,,,,,,,,,,,,,,,,,,,[],,,,,,,,,,,,
bollinger-mean-reversion,USDJPY.r,M15,gate,stopped at gate zero,,True,True,True,0.026588597351210812,0.013294298675605406,"spread is 2.7% of one ATR (3 of 113 points), 1.3% of a 2x ATR stop. The spread was measured from 2025-05-01, after this series begins (2025-01-01): for the earlier bars it is an assumption, not a measurement",False,1541.0,17.381720859889192,0.3068280121714768,"DOES NOT PASS: no horizon beats the spread with significance. The best is long at 120 bars with net +17.38 pt over 813 observations, but p=0.307 (standard error 34.4 pt): indistinguishable from zero. No SL/TP combination can rescue a signal without an edge.",0.05093600348280365,False,,24862.0,,,,,,,,,,,,,,,,,,,,,[],,,,,,,,,,,,
bollinger-mean-reversion,USDCAD.r,M5,tradability,refused before testing: spread too large for the stop,,False,False,True,0.154334934563466,0.077167467281733,"spread is 15.4% of one ATR (5 of 32 points), 7.7% of a 2x ATR stop. The spread was measured from 2025-05-01, after this series begins (2025-01-01): for the earlier bars it is an assumption, not a measurement - above the 15% threshold: no realistic edge covers this, so nothing is tested here",,,,,,,,,,,,,,,,,,,,,,,,,,,,,,[],,,,,,,,,,,,
bollinger-mean-reversion,USDCAD.r,M15,gate,stopped at gate zero,,True,True,True,0.08275183472507573,0.041375917362537866,"spread is 8.3% of one ATR (5 of 60 points), 4.1% of a 2x ATR stop. The spread was measured from 2025-05-01, after this series begins (2025-01-01): for the earlier bars it is an assumption, not a measurement",False,1570.0,7.637880927013043,0.28641309209814536,"DOES NOT PASS: no horizon beats the spread with significance. The best is short at 60 bars with net +7.64 pt over 813 observations, but p=0.286 (standard error 13.5 pt): indistinguishable from zero. No SL/TP combination can rescue a signal without an edge.",0.07268141694371202,False,,24861.0,,,,,,,,,,,,,,,,,,,,,[],,,,,,,,,,,,
bollinger-mean-reversion,USDCAD.r,H1,gate,stopped at gate zero,,True,True,True,0.039514386483911625,0.019757193241955812,"spread is 4.0% of one ATR (5 of 127 points), 2.0% of a 2x ATR stop. The spread was measured from 2025-05-01, after this series begins (2025-01-01): for the earlier bars it is an assumption, not a measurement",False,394.0,39.72731397955269,0.2963629378596987,"DOES NOT PASS: no horizon beats the spread with significance. The best is short at 120 bars with net +39.73 pt over 210 observations, but p=0.296 (standard error 74.2 pt): indistinguishable from zero. No SL/TP combination can rescue a signal without an edge.",0.06739345887016848,False,,6217.0,,,,,,,,,,,,,,,,,,,,,[],,,,,,,,,,,,
bollinger-mean-reversion,XTIUSD,M5,tradability,refused before testing: spread too large for the stop,,False,False,True,0.38268648260293725,0.19134324130146863,"spread is 38.3% of one ATR (30 of 78 points), 19.1% of a 2x ATR stop. The spread was measured from 2025-04-02, after this series begins (2025-01-01): for the earlier bars it is an assumption, not a measurement - above the 15% threshold: no realistic edge covers this, so nothing is tested here",,,,,,,,,,,,,,,,,,,,,,,,,,,,,,[],,,,,,,,,,,,
bollinger-mean-reversion,XTIUSD,M15,tradability,refused before testing: spread too large for the stop,,False,False,True,0.2097685163410908,0.1048842581705454,"spread is 21.0% of one ATR (30 of 143 points), 10.5% of a 2x ATR stop. The spread was measured from 2025-04-02, after this series begins (2025-01-01): for the earlier bars it is an assumption, not a measurement - above the 15% threshold: no realistic edge covers this, so nothing is tested here",,,,,,,,,,,,,,,,,,,,,,,,,,,,,,[],,,,,,,,,,,,
bollinger-mean-reversion,XTIUSD,H1,gate,stopped at gate zero,,True,True,True,0.09936100937431996,0.04968050468715998,"spread is 9.9% of one ATR (30 of 302 points), 5.0% of a 2x ATR stop. The spread was measured from 2025-04-02, after this series begins (2025-01-01): for the earlier bars it is an assumption, not a measurement",False,366.0,82.89740269571436,0.3373254162262749,"DOES NOT PASS: no horizon beats the spread with significance. The best is short at 60 bars with net +82.90 pt over 172 observations, but p=0.337 (standard error 197.1 pt): indistinguishable from zero. No SL/TP combination can rescue a signal without an edge.",0.07029369282619162,False,,5897.0,,,,,,,,,,,,,,,,,,,,,[],,,,,,,,,,,,
bollinger-mean-reversion,XBRUSD,M5,tradability,refused before testing: spread too large for the stop,,False,False,True,0.3736059959889987,0.18680299799449934,"spread is 37.4% of one ATR (30 of 80 points), 18.7% of a 2x ATR stop. The spread was measured from 2025-02-14, after this series begins (2025-01-02): for the earlier bars it is an assumption, not a measurement - above the 15% threshold: no realistic edge covers this, so nothing is tested here",,,,,,,,,,,,,,,,,,,,,,,,,,,,,,[],,,,,,,,,,,,
bollinger-mean-reversion,XBRUSD,M15,tradability,refused before testing: spread too large for the stop,,False,False,True,0.20582618941711706,0.10291309470855853,"spread is 20.6% of one ATR (30 of 146 points), 10.3% of a 2x ATR stop. The spread was measured from 2025-02-14, after this series begins (2025-01-02): for the earlier bars it is an assumption, not a measurement - above the 15% threshold: no realistic edge covers this, so nothing is tested here",,,,,,,,,,,,,,,,,,,,,,,,,,,,,,[],,,,,,,,,,,,
bollinger-mean-reversion,XBRUSD,H1,gate,stopped at gate zero,,True,True,True,0.09835577978039388,0.04917788989019694,"spread is 9.8% of one ATR (30 of 305 points), 4.9% of a 2x ATR stop. The spread was measured from 2025-02-14, after this series begins (2025-01-02): for the earlier bars it is an assumption, not a measurement",False,316.0,92.31598153912296,0.3268181390298277,"DOES NOT PASS: no horizon beats the spread with significance. The best is short at 60 bars with net +92.32 pt over 154 observations, but p=0.327 (standard error 205.3 pt): indistinguishable from zero. No SL/TP combination can rescue a signal without an edge.",0.061676331049024785,False,,5384.0,,,,,,,,,,,,,,,,,,,,,[],,,,,,,,,,,,
macd-signal,XAUUSD.r,M15,gate,stopped at gate zero,,True,True,True,0.01439271090445955,0.007196355452229775,"spread is 1.4% of one ATR (7 of 486 points), 0.7% of a 2x ATR stop. The spread was measured from 2025-04-02, after this series begins (2025-01-01): for the earlier bars it is an assumption, not a measurement",False,1846.0,34.90676505318214,0.37434127766680003,"DOES NOT PASS: no horizon beats the spread with significance. The best is long at 60 bars with net +34.91 pt over 920 observations, but p=0.374 (standard error 108.9 pt): indistinguishable from zero. No SL/TP combination can rescue a signal without an edge.",0.03014354066985646,False,,23625.0,,,,,,,,,,,,,,,,,,,,,[],,,,,,,,,,,,
macd-signal,XAUUSD.r,H1,gate,stopped at gate zero,,True,True,True,0.0069514518298570685,0.0034757259149285342,"spread is 0.7% of one ATR (7 of 1007 points), 0.3% of a 2x ATR stop. The spread was measured from 2025-04-02, after this series begins (2025-01-01): for the earlier bars it is an assumption, not a measurement",False,449.0,160.8901728258876,0.31940517532607426,"DOES NOT PASS: no horizon beats the spread with significance. The best is short at 30 bars with net +160.89 pt over 222 observations, but p=0.319 (standard error 342.3 pt): indistinguishable from zero. No SL/TP combination can rescue a signal without an edge.",0.01364522417153996,False,,5910.0,,,,,,,,,,,,,,,,,,,,,[],,,,,,,,,,,,
macd-signal,XAGUSD.r,M5,tradability,refused before testing: spread too large for the stop,,False,False,True,0.2747013429897955,0.13735067149489774,"spread is 27.5% of one ATR (13 of 47 points), 13.7% of a 2x ATR stop. The spread was measured from 2025-04-03, after this series begins (2025-01-01): for the earlier bars it is an assumption, not a measurement - above the 15% threshold: no realistic edge covers this, so nothing is tested here",,,,,,,,,,,,,,,,,,,,,,,,,,,,,,[],,,,,,,,,,,,
macd-signal,XAGUSD.r,M15,tradability,refused before testing: spread too large for the stop,,False,False,True,0.1531519181613204,0.0765759590806602,"spread is 15.3% of one ATR (13 of 85 points), 7.7% of a 2x ATR stop. The spread was measured from 2025-04-03, after this series begins (2025-01-01): for the earlier bars it is an assumption, not a measurement - above the 15% threshold: no realistic edge covers this, so nothing is tested here",,,,,,,,,,,,,,,,,,,,,,,,,,,,,,[],,,,,,,,,,,,
macd-signal,XAGUSD.r,H1,gate,stopped at gate zero,,True,True,True,0.07839288082149688,0.03919644041074844,"spread is 7.8% of one ATR (13 of 166 points), 3.9% of a 2x ATR stop. The spread was measured from 2025-04-03, after this series begins (2025-01-01): for the earlier bars it is an assumption, not a measurement",False,428.0,115.31862817809946,0.1595944703206622,"DOES NOT PASS: no horizon beats the spread with significance. The best is long at 60 bars with net +115.32 pt over 211 observations, but p=0.160 (standard error 115.5 pt): indistinguishable from zero. No SL/TP combination can rescue a signal without an edge.",0.07183364839319471,False,,5907.0,,,,,,,,,,,,,,,,,,,,,[],,,,,,,,,,,,
macd-signal,XAUEUR.r,M5,gate,stopped at gate zero,,True,True,True,0.041319921661323644,0.020659960830661822,"spread is 4.1% of one ATR (10 of 242 points), 2.1% of a 2x ATR stop. The spread was measured from 2025-04-04, after this series begins (2025-01-01): for the earlier bars it is an assumption, not a measurement",False,5742.0,14.51150568411137,0.3666865845537951,"DOES NOT PASS: no horizon beats the spread with significance. The best is short at 120 bars with net +14.51 pt over 2867 observations, but p=0.367 (standard error 42.6 pt): indistinguishable from zero. No SL/TP combination can rescue a signal without an edge.",0.026908023483365948,False,,70858.0,,,,,,,,,,,,,,,,,,,,,[],,,,,,,,,,,,
macd-signal,XAUEUR.r,M15,gate,stopped at gate zero,,True,True,True,0.0231828751392269,0.01159143756961345,"spread is 2.3% of one ATR (10 of 431 points), 1.2% of a 2x ATR stop. The spread was measured from 2025-04-04, after this series begins (2025-01-01): for the earlier bars it is an assumption, not a measurement",False,1958.0,3.1489380410463355,0.4898889379120024,"DOES NOT PASS: no horizon beats the spread with significance. The best is long at 120 bars with net +3.15 pt over 976 observations, but p=0.490 (standard error 124.2 pt): indistinguishable from zero. No SL/TP combination can rescue a signal without an edge.",0.027466937945066126,False,,23623.0,,,,,,,,,,,,,,,,,,,,,[],,,,,,,,,,,,
macd-signal,XAUEUR.r,H1,gate,stopped at gate zero,,True,True,True,0.011421207978907643,0.005710603989453822,"spread is 1.1% of one ATR (10 of 876 points), 0.6% of a 2x ATR stop. The spread was measured from 2025-04-04, after this series begins (2025-01-01): for the earlier bars it is an assumption, not a measurement",False,477.0,329.7902081171475,0.11168640420217113,"DOES NOT PASS: no horizon beats the spread with significance. The best is short at 30 bars with net +329.79 pt over 236 observations, but p=0.112 (standard error 270.1 pt): indistinguishable from zero. No SL/TP combination can rescue a signal without an edge.",0.01639344262295082,False,,5910.0,,,,,,,,,,,,,,,,,,,,,[],,,,,,,,,,,,
macd-signal,EURUSD.r,M5,gate,stopped at gate zero,,True,True,True,0.027474659058689503,0.013737329529344752,"spread is 2.7% of one ATR (1 of 36 points), 1.4% of a 2x ATR stop. The spread was measured from 2025-05-01, after this series begins (2025-01-01): for the earlier bars it is an assumption, not a measurement",False,5959.0,1.393476201013696,0.3808351917348729,"DOES NOT PASS: no horizon beats the spread with significance. The best is short at 60 bars with net +1.39 pt over 2977 observations, but p=0.381 (standard error 4.6 pt): indistinguishable from zero. No SL/TP combination can rescue a signal without an edge.",0.03669724770642202,False,,74572.0,,,,,,,,,,,,,,,,,,,,,[],,,,,,,,,,,,
macd-signal,EURUSD.r,M15,gate,stopped at gate zero,,True,True,True,0.014945622219214697,0.007472811109607349,"spread is 1.5% of one ATR (1 of 67 points), 0.7% of a 2x ATR stop. The spread was measured from 2025-05-01, after this series begins (2025-01-01): for the earlier bars it is an assumption, not a measurement",False,1865.0,15.444989349546901,0.22412379090325318,"DOES NOT PASS: no horizon beats the spread with significance. The best is long at 120 bars with net +15.44 pt over 925 observations, but p=0.224 (standard error 20.4 pt): indistinguishable from zero. No SL/TP combination can rescue a signal without an edge.",0.03905390539053905,False,,24862.0,,,,,,,,,,,,,,,,,,,,,[],,,,,,,,,,,,
macd-signal,EURUSD.r,H1,gate,stopped at gate zero,,True,True,True,0.007084351436781753,0.0035421757183908766,"spread is 0.7% of one ATR (1 of 141 points), 0.4% of a 2x ATR stop. The spread was measured from 2025-05-01, after this series begins (2025-01-01): for the earlier bars it is an assumption, not a measurement",False,478.0,50.06113709877462,0.0763874337024697,"DOES NOT PASS: no horizon beats the spread with significance. The best is short at 30 bars with net +50.06 pt over 239 observations, but p=0.076 (standard error 34.9 pt): indistinguishable from zero. No SL/TP combination can rescue a signal without an edge.",0.031120331950207466,False,,6217.0,,,,,,,,,,,,,,,,,,,,,[],,,,,,,,,,,,
macd-signal,GBPUSD.r,M5,gate,stopped at gate zero,,True,True,True,0.06908527196296996,0.03454263598148498,"spread is 6.9% of one ATR (3 of 43 points), 3.5% of a 2x ATR stop. The spread was measured from 2025-04-30, after this series begins (2025-01-01): for the earlier bars it is an assumption, not a measurement",False,5936.0,-0.7709254228952407,0.5432732157160483,"DOES NOT PASS: no horizon beats the spread with significance. The best is long at 120 bars with net -0.77 pt over 2964 observations, but p=0.543 (standard error 7.1 pt): indistinguishable from zero. No SL/TP combination can rescue a signal without an edge.",0.025233644859813085,False,,74575.0,,,,,,,,,,,,,,,,,,,,,[],,,,,,,,,,,,
macd-signal,GBPUSD.r,M15,gate,stopped at gate zero,,True,True,True,0.03798759603022251,0.018993798015111255,"spread is 3.8% of one ATR (3 of 79 points), 1.9% of a 2x ATR stop. The spread was measured from 2025-04-30, after this series begins (2025-01-01): for the earlier bars it is an assumption, not a measurement",False,1979.0,29.972415921138527,0.08018517770586919,"DOES NOT PASS: no horizon beats the spread with significance. The best is long at 120 bars with net +29.97 pt over 985 observations, but p=0.080 (standard error 21.3 pt): indistinguishable from zero. No SL/TP combination can rescue a signal without an edge.",0.022713321055862493,False,,24862.0,,,,,,,,,,,,,,,,,,,,,[],,,,,,,,,,,,
macd-signal,GBPUSD.r,H1,gate,stopped at gate zero,,True,True,True,0.01833031074831257,0.009165155374156285,"spread is 1.8% of one ATR (3 of 164 points), 0.9% of a 2x ATR stop. The spread was measured from 2025-04-30, after this series begins (2025-01-01): for the earlier bars it is an assumption, not a measurement",False,520.0,21.892031394950493,0.3894727342702917,"DOES NOT PASS: no horizon beats the spread with significance. The best is short at 120 bars with net +21.89 pt over 253 observations, but p=0.389 (standard error 77.9 pt): indistinguishable from zero. No SL/TP combination can rescue a signal without an edge.",0.014354066985645933,False,,6217.0,,,,,,,,,,,,,,,,,,,,,[],,,,,,,,,,,,
macd-signal,USDJPY.r,M5,gate,stopped at gate zero,,True,True,True,0.04875132052427126,0.02437566026213563,"spread is 4.9% of one ATR (3 of 62 points), 2.4% of a 2x ATR stop. The spread was measured from 2025-05-01, after this series begins (2025-01-01): for the earlier bars it is an assumption, not a measurement",False,5973.0,-2.164909753605716,0.580064462854714,"DOES NOT PASS: no horizon beats the spread with significance. The best is long at 120 bars with net -2.16 pt over 2980 observations, but p=0.580 (standard error 10.7 pt): indistinguishable from zero. No SL/TP combination can rescue a signal without an edge.",0.0277624563338849,False,,74575.0,,,,,,,,,,,,,,,,,,,,,[],,,,,,,,,,,,
macd-signal,USDJPY.r,M15,gate,stopped at gate zero,,True,True,True,0.026588597351210812,0.013294298675605406,"spread is 2.7% of one ATR (3 of 113 points), 1.3% of a 2x ATR stop. The spread was measured from 2025-05-01, after this series begins (2025-01-01): for the earlier bars it is an assumption, not a measurement",False,1914.0,21.197806271529384,0.2528818838691764,"DOES NOT PASS: no horizon beats the spread with significance. The best is long at 120 bars with net +21.20 pt over 953 observations, but p=0.253 (standard error 31.8 pt): indistinguishable from zero. No SL/TP combination can rescue a signal without an edge.",0.02383720930232558,False,,24862.0,,,,,,,,,,,,,,,,,,,,,[],,,,,,,,,,,,
macd-signal,USDJPY.r,H1,gate,stopped at gate zero,,True,True,True,0.012680335786393626,0.006340167893196813,"spread is 1.3% of one ATR (3 of 237 points), 0.6% of a 2x ATR stop. The spread was measured from 2025-05-01, after this series begins (2025-01-01): for the earlier bars it is an assumption, not a measurement",False,446.0,104.26070273010777,0.19387277136521863,"DOES NOT PASS: no horizon beats the spread with significance. The best is long at 120 bars with net +104.26 pt over 220 observations, but p=0.194 (standard error 120.5 pt): indistinguishable from zero. No SL/TP combination can rescue a signal without an edge.",0.01808785529715762,False,,6217.0,,,,,,,,,,,,,,,,,,,,,[],,,,,,,,,,,,
macd-signal,AUDUSD.r,M5,gate,stopped at gate zero,,True,True,True,0.11277434641895488,0.05638717320947744,"spread is 11.3% of one ATR (3 of 27 points), 5.6% of a 2x ATR stop. The spread was measured from 2025-05-01, after this series begins (2025-01-01): for the earlier bars it is an assumption, not a measurement",False,5938.0,-0.1254612024785704,0.5109806995104116,"DOES NOT PASS: no horizon beats the spread with significance. The best is short at 120 bars with net -0.13 pt over 2965 observations, but p=0.511 (standard error 4.6 pt): indistinguishable from zero. No SL/TP combination can rescue a signal without an edge.",0.03981023102310231,False,,74576.0,,,,,,,,,,,,,,,,,,,,,[],,,,,,,,,,,,
macd-signal,AUDUSD.r,M15,gate,stopped at gate zero,,True,True,True,0.061809654362676575,0.030904827181338287,"spread is 6.2% of one ATR (3 of 49 points), 3.1% of a 2x ATR stop. The spread was measured from 2025-05-01, after this series begins (2025-01-01): for the earlier bars it is an assumption, not a measurement",False,1999.0,-0.05828317248075621,0.501691332593536,"DOES NOT PASS: no horizon beats the spread with significance. The best is long at 120 bars with net -0.06 pt over 994 observations, but p=0.502 (standard error 13.7 pt): indistinguishable from zero. No SL/TP combination can rescue a signal without an edge.",0.04158790170132325,False,,24862.0,,,,,,,,,,,,,,,,,,,,,[],,,,,,,,,,,,
macd-signal,AUDUSD.r,H1,gate,stopped at gate zero,,True,True,True,0.029514020877138194,0.014757010438569097,"spread is 3.0% of one ATR (3 of 102 points), 1.5% of a 2x ATR stop. The spread was measured from 2025-05-01, after this series begins (2025-01-01): for the earlier bars it is an assumption, not a measurement",False,477.0,37.99339005290182,0.23083985692816444,"DOES NOT PASS: no horizon beats the spread with significance. The best is short at 120 bars with net +37.99 pt over 236 observations, but p=0.231 (standard error 51.5 pt): indistinguishable from zero. No SL/TP combination can rescue a signal without an edge.",0.03950617283950617,False,,6217.0,,,,,,,,,,,,,,,,,,,,,[],,,,,,,,,,,,
macd-signal,USDCAD.r,M5,tradability,refused before testing: spread too large for the stop,,False,False,True,0.154334934563466,0.077167467281733,"spread is 15.4% of one ATR (5 of 32 points), 7.7% of a 2x ATR stop. The spread was measured from 2025-05-01, after this series begins (2025-01-01): for the earlier bars it is an assumption, not a measurement - above the 15% threshold: no realistic edge covers this, so nothing is tested here",,,,,,,,,,,,,,,,,,,,,,,,,,,,,,[],,,,,,,,,,,,
macd-signal,USDCAD.r,M15,gate,stopped at gate zero,,True,True,True,0.08275183472507573,0.041375917362537866,"spread is 8.3% of one ATR (5 of 60 points), 4.1% of a 2x ATR stop. The spread was measured from 2025-05-01, after this series begins (2025-01-01): for the earlier bars it is an assumption, not a measurement",False,1975.0,1.0365328845140542,0.4365832426621572,"DOES NOT PASS: no horizon beats the spread with significance. The best is short at 15 bars with net +1.04 pt over 987 observations, but p=0.437 (standard error 6.5 pt): indistinguishable from zero. No SL/TP combination can rescue a signal without an edge.",0.04100461301896463,False,,24861.0,,,,,,,,,,,,,,,,,,,,,[],,,,,,,,,,,,
macd-signal,USDCAD.r,H1,gate,stopped at gate zero,,True,True,True,0.039514386483911625,0.019757193241955812,"spread is 4.0% of one ATR (5 of 127 points), 2.0% of a 2x ATR stop. The spread was measured from 2025-05-01, after this series begins (2025-01-01): for the earlier bars it is an assumption, not a measurement",False,515.0,18.067089359471623,0.380017864221289,"DOES NOT PASS: no horizon beats the spread with significance. The best is long at 120 bars with net +18.07 pt over 251 observations, but p=0.380 (standard error 59.1 pt): indistinguishable from zero. No SL/TP combination can rescue a signal without an edge.",0.04305283757338552,False,,6217.0,,,,,,,,,,,,,,,,,,,,,[],,,,,,,,,,,,
macd-signal,XTIUSD,M5,tradability,refused before testing: spread too large for the stop,,False,False,True,0.38268648260293725,0.19134324130146863,"spread is 38.3% of one ATR (30 of 78 points), 19.1% of a 2x ATR stop. The spread was measured from 2025-04-02, after this series begins (2025-01-01): for the earlier bars it is an assumption, not a measurement - above the 15% threshold: no realistic edge covers this, so nothing is tested here",,,,,,,,,,,,,,,,,,,,,,,,,,,,,,[],,,,,,,,,,,,
macd-signal,XTIUSD,M15,tradability,refused before testing: spread too large for the stop,,False,False,True,0.2097685163410908,0.1048842581705454,"spread is 21.0% of one ATR (30 of 143 points), 10.5% of a 2x ATR stop. The spread was measured from 2025-04-02, after this series begins (2025-01-01): for the earlier bars it is an assumption, not a measurement - above the 15% threshold: no realistic edge covers this, so nothing is tested here",,,,,,,,,,,,,,,,,,,,,,,,,,,,,,[],,,,,,,,,,,,
macd-signal,XTIUSD,H1,gate,stopped at gate zero,,True,True,True,0.09936100937431996,0.04968050468715998,"spread is 9.9% of one ATR (30 of 302 points), 5.0% of a 2x ATR stop. The spread was measured from 2025-04-02, after this series begins (2025-01-01): for the earlier bars it is an assumption, not a measurement",False,432.0,85.59416652241606,0.33805990191781476,"DOES NOT PASS: no horizon beats the spread with significance. The best is long at 120 bars with net +85.59 pt over 212 observations, but p=0.338 (standard error 204.6 pt): indistinguishable from zero. No SL/TP combination can rescue a signal without an edge.",0.029045643153526972,False,,5897.0,,,,,,,,,,,,,,,,,,,,,[],,,,,,,,,,,,
macd-signal,XBRUSD,M5,tradability,refused before testing: spread too large for the stop,,False,False,True,0.3736059959889987,0.18680299799449934,"spread is 37.4% of one ATR (30 of 80 points), 18.7% of a 2x ATR stop. The spread was measured from 2025-02-14, after this series begins (2025-01-02): for the earlier bars it is an assumption, not a measurement - above the 15% threshold: no realistic edge covers this, so nothing is tested here",,,,,,,,,,,,,,,,,,,,,,,,,,,,,,[],,,,,,,,,,,,
macd-signal,XBRUSD,M15,tradability,refused before testing: spread too large for the stop,,False,False,True,0.20582618941711706,0.10291309470855853,"spread is 20.6% of one ATR (30 of 146 points), 10.3% of a 2x ATR stop. The spread was measured from 2025-02-14, after this series begins (2025-01-02): for the earlier bars it is an assumption, not a measurement - above the 15% threshold: no realistic edge covers this, so nothing is tested here",,,,,,,,,,,,,,,,,,,,,,,,,,,,,,[],,,,,,,,,,,,
macd-signal,XBRUSD,H1,gate,stopped at gate zero,,True,True,True,0.09835577978039388,0.04917788989019694,"spread is 9.8% of one ATR (30 of 305 points), 4.9% of a 2x ATR stop. The spread was measured from 2025-02-14, after this series begins (2025-01-02): for the earlier bars it is an assumption, not a measurement",False,400.0,214.16957246231465,0.1681532152604499,"DOES NOT PASS: no horizon beats the spread with significance. The best is long at 120 bars with net +214.17 pt over 197 observations, but p=0.168 (standard error 222.2 pt): indistinguishable from zero. No SL/TP combination can rescue a signal without an edge.",0.030878859857482184,False,,5384.0,,,,,,,,,,,,,,,,,,,,,[],,,,,,,,,,,,
donchian-breakout,XAUUSD.r,M5,gate,stopped at gate zero,,True,True,True,0.026065765377050437,0.013032882688525219,"spread is 2.6% of one ATR (7 of 269 points), 1.3% of a 2x ATR stop. The spread was measured from 2025-04-02, after this series begins (2025-01-01): for the earlier bars it is an assumption, not a measurement",False,5443.0,31.91849021757355,0.2362712548501531,"DOES NOT PASS: no horizon beats the spread with significance. The best is long at 120 bars with net +31.92 pt over 3149 observations, but p=0.236 (standard error 44.4 pt): indistinguishable from zero. No SL/TP combination can rescue a signal without an edge.",0.030480295566502467,False,,70861.0,,,,,,,,,,,,,,,,,,,,,[],,,,,,,,,,,,
donchian-breakout,XAUUSD.r,M15,gate,stopped at gate zero,,True,True,True,0.01439271090445955,0.007196355452229775,"spread is 1.4% of one ATR (7 of 486 points), 0.7% of a 2x ATR stop. The spread was measured from 2025-04-02, after this series begins (2025-01-01): for the earlier bars it is an assumption, not a measurement",False,1821.0,99.42277087586604,0.2901979534049446,"DOES NOT PASS: no horizon beats the spread with significance. The best is short at 120 bars with net +99.42 pt over 693 observations, but p=0.290 (standard error 179.8 pt): indistinguishable from zero. No SL/TP combination can rescue a signal without an edge.",0.029688972667295,False,,23625.0,,,,,,,,,,,,,,,,,,,,,[],,,,,,,,,,,,
donchian-breakout,XAUUSD.r,H1,gate,stopped at gate zero,,True,True,True,0.0069514518298570685,0.0034757259149285342,"spread is 0.7% of one ATR (7 of 1007 points), 0.3% of a 2x ATR stop. The spread was measured from 2025-04-02, after this series begins (2025-01-01): for the earlier bars it is an assumption, not a measurement",False,480.0,209.29441341390316,0.32603393719417295,"DOES NOT PASS: no horizon beats the spread with significance. The best is short at 60 bars with net +209.29 pt over 157 observations, but p=0.326 (standard error 463.3 pt): indistinguishable from zero. No SL/TP combination can rescue a signal without an edge.",0.016304347826086956,False,,5910.0,,,,,,,,,,,,,,,,,,,,,[],,,,,,,,,,,,
donchian-breakout,XAGUSD.r,M5,tradability,refused before testing: spread too large for the stop,,False,False,True,0.2747013429897955,0.13735067149489774,"spread is 27.5% of one ATR (13 of 47 points), 13.7% of a 2x ATR stop. The spread was measured from 2025-04-03, after this series begins (2025-01-01): for the earlier bars it is an assumption, not a measurement - above the 15% threshold: no realistic edge covers this, so nothing is tested here",,,,,,,,,,,,,,,,,,,,,,,,,,,,,,[],,,,,,,,,,,,
donchian-breakout,XAGUSD.r,M15,tradability,refused before testing: spread too large for the stop,,False,False,True,0.1531519181613204,0.0765759590806602,"spread is 15.3% of one ATR (13 of 85 points), 7.7% of a 2x ATR stop. The spread was measured from 2025-04-03, after this series begins (2025-01-01): for the earlier bars it is an assumption, not a measurement - above the 15% threshold: no realistic edge covers this, so nothing is tested here",,,,,,,,,,,,,,,,,,,,,,,,,,,,,,[],,,,,,,,,,,,
donchian-breakout,XAGUSD.r,H1,gate,stopped at gate zero,,True,True,True,0.07839288082149688,0.03919644041074844,"spread is 7.8% of one ATR (13 of 166 points), 3.9% of a 2x ATR stop. The spread was measured from 2025-04-03, after this series begins (2025-01-01): for the earlier bars it is an assumption, not a measurement",False,431.0,142.0386153213242,0.07266977811268704,"DOES NOT PASS: no horizon beats the spread with significance. The best is short at 60 bars with net +142.04 pt over 148 observations, but p=0.073 (standard error 97.0 pt): indistinguishable from zero. No SL/TP combination can rescue a signal without an edge.",0.07452339688041594,False,,5907.0,,,,,,,,,,,,,,,,,,,,,[],,,,,,,,,,,,
donchian-breakout,XAUEUR.r,M5,gate,stopped at gate zero,,True,True,True,0.041319921661323644,0.020659960830661822,"spread is 4.1% of one ATR (10 of 242 points), 2.1% of a 2x ATR stop. The spread was measured from 2025-04-04, after this series begins (2025-01-01): for the earlier bars it is an assumption, not a measurement",False,5330.0,21.741355970495533,0.2903860916482993,"DOES NOT PASS: no horizon beats the spread with significance. The best is long at 120 bars with net +21.74 pt over 3002 observations, but p=0.290 (standard error 39.4 pt): indistinguishable from zero. No SL/TP combination can rescue a signal without an edge.",0.026655490360435876,False,,70858.0,,,,,,,,,,,,,,,,,,,,,[],,,,,,,,,,,,
donchian-breakout,XAUEUR.r,M15,gate,stopped at gate zero,,True,True,True,0.0231828751392269,0.01159143756961345,"spread is 2.3% of one ATR (10 of 431 points), 1.2% of a 2x ATR stop. The spread was measured from 2025-04-04, after this series begins (2025-01-01): for the earlier bars it is an assumption, not a measurement",False,1779.0,79.51182616394226,0.24374223391530103,"DOES NOT PASS: no horizon beats the spread with significance. The best is long at 120 bars with net +79.51 pt over 1057 observations, but p=0.244 (standard error 114.5 pt): indistinguishable from zero. No SL/TP combination can rescue a signal without an edge.",0.026901189860320748,False,,23623.0,,,,,,,,,,,,,,,,,,,,,[],,,,,,,,,,,,
donchian-breakout,XAUEUR.r,H1,gate,stopped at gate zero,,True,True,True,0.011421207978907643,0.005710603989453822,"spread is 1.1% of one ATR (10 of 876 points), 0.6% of a 2x ATR stop. The spread was measured from 2025-04-04, after this series begins (2025-01-01): for the earlier bars it is an assumption, not a measurement",False,441.0,378.94150705203606,0.12285168919183986,"DOES NOT PASS: no horizon beats the spread with significance. The best is long at 60 bars with net +378.94 pt over 283 observations, but p=0.123 (standard error 325.8 pt): indistinguishable from zero. No SL/TP combination can rescue a signal without an edge.",0.01616161616161616,False,,5910.0,,,,,,,,,,,,,,,,,,,,,[],,,,,,,,,,,,
donchian-breakout,EURUSD.r,M5,gate,stopped at gate zero,,True,True,True,0.027474659058689503,0.013737329529344752,"spread is 2.7% of one ATR (1 of 36 points), 1.4% of a 2x ATR stop. The spread was measured from 2025-05-01, after this series begins (2025-01-01): for the earlier bars it is an assumption, not a measurement",False,5829.0,0.5115300704273773,0.44172026603638403,"DOES NOT PASS: no horizon beats the spread with significance. The best is long at 30 bars with net +0.51 pt over 3060 observations, but p=0.442 (standard error 3.5 pt): indistinguishable from zero. No SL/TP combination can rescue a signal without an edge.",0.03669724770642201,False,,74572.0,,,,,,,,,,,,,,,,,,,,,[],,,,,,,,,,,,
donchian-breakout,EURUSD.r,M15,gate,stopped at gate zero,,True,True,True,0.014945622219214697,0.007472811109607349,"spread is 1.5% of one ATR (1 of 67 points), 0.7% of a 2x ATR stop. The spread was measured from 2025-05-01, after this series begins (2025-01-01): for the earlier bars it is an assumption, not a measurement",False,1894.0,7.105817544303463,0.36433786124187906,"DOES NOT PASS: no horizon beats the spread with significance. The best is short at 120 bars with net +7.11 pt over 828 observations, but p=0.364 (standard error 20.5 pt): indistinguishable from zero. No SL/TP combination can rescue a signal without an edge.",0.040208877284595296,False,,24862.0,,,,,,,,,,,,,,,,,,,,,[],,,,,,,,,,,,
donchian-breakout,EURUSD.r,H1,gate,stopped at gate zero,,True,True,True,0.007084351436781753,0.0035421757183908766,"spread is 0.7% of one ATR (1 of 141 points), 0.4% of a 2x ATR stop. The spread was measured from 2025-05-01, after this series begins (2025-01-01): for the earlier bars it is an assumption, not a measurement",False,433.0,39.820837393752925,0.26109022732987563,"DOES NOT PASS: no horizon beats the spread with significance. The best is short at 60 bars with net +39.82 pt over 192 observations, but p=0.261 (standard error 62.1 pt): indistinguishable from zero. No SL/TP combination can rescue a signal without an edge.",0.029953917050691246,False,,6217.0,,,,,,,,,,,,,,,,,,,,,[],,,,,,,,,,,,
donchian-breakout,GBPUSD.r,M5,gate,stopped at gate zero,,True,True,True,0.06908527196296996,0.03454263598148498,"spread is 6.9% of one ATR (3 of 43 points), 3.5% of a 2x ATR stop. The spread was measured from 2025-04-30, after this series begins (2025-01-01): for the earlier bars it is an assumption, not a measurement",False,5980.0,2.8406962470647468,0.346251204892843,"DOES NOT PASS: no horizon beats the spread with significance. The best is long at 120 bars with net +2.84 pt over 3071 observations, but p=0.346 (standard error 7.2 pt): indistinguishable from zero. No SL/TP combination can rescue a signal without an edge.",0.025690554375120727,False,,74575.0,,,,,,,,,,,,,,,,,,,,,[],,,,,,,,,,,,
donchian-breakout,GBPUSD.r,M15,gate,stopped at gate zero,,True,True,True,0.03798759603022251,0.018993798015111255,"spread is 3.8% of one ATR (3 of 79 points), 1.9% of a 2x ATR stop. The spread was measured from 2025-04-30, after this series begins (2025-01-01): for the earlier bars it is an assumption, not a measurement",False,1943.0,9.078671784236128,0.34259624365334784,"DOES NOT PASS: no horizon beats the spread with significance. The best is short at 120 bars with net +9.08 pt over 921 observations, but p=0.343 (standard error 22.4 pt): indistinguishable from zero. No SL/TP combination can rescue a signal without an edge.",0.02471264367816092,False,,24862.0,,,,,,,,,,,,,,,,,,,,,[],,,,,,,,,,,,
donchian-breakout,USDJPY.r,M15,gate,stopped at gate zero,,True,True,True,0.026588597351210812,0.013294298675605406,"spread is 2.7% of one ATR (3 of 113 points), 1.3% of a 2x ATR stop. The spread was measured from 2025-05-01, after this series begins (2025-01-01): for the earlier bars it is an assumption, not a measurement",False,1942.0,16.082557218046155,0.07338935143615644,"DOES NOT PASS: no horizon beats the spread with significance. The best is long at 15 bars with net +16.08 pt over 996 observations, but p=0.073 (standard error 11.1 pt): indistinguishable from zero. No SL/TP combination can rescue a signal without an edge.",0.025122549019607844,False,,24862.0,,,,,,,,,,,,,,,,,,,,,[],,,,,,,,,,,,
donchian-breakout,AUDUSD.r,M5,gate,stopped at gate zero,,True,True,True,0.11277434641895488,0.05638717320947744,"spread is 11.3% of one ATR (3 of 27 points), 5.6% of a 2x ATR stop. The spread was measured from 2025-05-01, after this series begins (2025-01-01): for the earlier bars it is an assumption, not a measurement",False,5814.0,-3.47268493006593,0.7845718847222312,"DOES NOT PASS: no horizon beats the spread with significance. The best is long at 120 bars with net -3.47 pt over 3046 observations, but p=0.785 (standard error 4.4 pt): indistinguishable from zero. No SL/TP combination can rescue a signal without an edge.",0.039397689768976896,False,,74576.0,,,,,,,,,,,,,,,,,,,,,[],,,,,,,,,,,,
donchian-breakout,AUDUSD.r,M15,gate,stopped at gate zero,,True,True,True,0.061809654362676575,0.030904827181338287,"spread is 6.2% of one ATR (3 of 49 points), 3.1% of a 2x ATR stop. The spread was measured from 2025-05-01, after this series begins (2025-01-01): for the earlier bars it is an assumption, not a measurement",False,1843.0,-1.48003832758529,0.5697480632628036,"DOES NOT PASS: no horizon beats the spread with significance. The best is short at 30 bars with net -1.48 pt over 834 observations, but p=0.570 (standard error 8.4 pt): indistinguishable from zero. No SL/TP combination can rescue a signal without an edge.",0.042496679946879154,False,,24862.0,,,,,,,,,,,,,,,,,,,,,[],,,,,,,,,,,,
donchian-breakout,AUDUSD.r,H1,gate,stopped at gate zero,,True,True,True,0.029514020877138194,0.014757010438569097,"spread is 3.0% of one ATR (3 of 102 points), 1.5% of a 2x ATR stop. The spread was measured from 2025-05-01, after this series begins (2025-01-01): for the earlier bars it is an assumption, not a measurement",False,477.0,-8.7132237433548,0.7560646125508417,"DOES NOT PASS: no horizon beats the spread with significance. The best is short at 5 bars with net -8.71 pt over 207 observations, but p=0.756 (standard error 12.5 pt): indistinguishable from zero. No SL/TP combination can rescue a signal without an edge.",0.03350515463917526,False,,6217.0,,,,,,,,,,,,,,,,,,,,,[],,,,,,,,,,,,
donchian-breakout,USDCAD.r,M5,tradability,refused before testing: spread too large for the stop,,False,False,True,0.154334934563466,0.077167467281733,"spread is 15.4% of one ATR (5 of 32 points), 7.7% of a 2x ATR stop. The spread was measured from 2025-05-01, after this series begins (2025-01-01): for the earlier bars it is an assumption, not a measurement - above the 15% threshold: no realistic edge covers this, so nothing is tested here",,,,,,,,,,,,,,,,,,,,,,,,,,,,,,[],,,,,,,,,,,,
donchian-breakout,USDCAD.r,M15,gate,stopped at gate zero,,True,True,True,0.08275183472507573,0.041375917362537866,"spread is 8.3% of one ATR (5 of 60 points), 4.1% of a 2x ATR stop. The spread was measured from 2025-05-01, after this series begins (2025-01-01): for the earlier bars it is an assumption, not a measurement",False,1849.0,8.5919312768062,0.3372755352829867,"DOES NOT PASS: no horizon beats the spread with significance. The best is short at 120 bars with net +8.59 pt over 884 observations, but p=0.337 (standard error 20.5 pt): indistinguishable from zero. No SL/TP combination can rescue a signal without an edge.",0.04092339979013641,False,,24861.0,,,,,,,,,,,,,,,,,,,,,[],,,,,,,,,,,,
donchian-breakout,USDCAD.r,H1,gate,stopped at gate zero,,True,True,True,0.039514386483911625,0.019757193241955812,"spread is 4.0% of one ATR (5 of 127 points), 2.0% of a 2x ATR stop. The spread was measured from 2025-05-01, after this series begins (2025-01-01): for the earlier bars it is an assumption, not a measurement",False,448.0,48.64792738166207,0.16409500817408262,"DOES NOT PASS: no horizon beats the spread with significance. The best is short at 60 bars with net +48.65 pt over 225 observations, but p=0.164 (standard error 49.6 pt): indistinguishable from zero. No SL/TP combination can rescue a signal without an edge.",0.04269662921348314,False,,6217.0,,,,,,,,,,,,,,,,,,,,,[],,,,,,,,,,,,
donchian-breakout,XTIUSD,M5,tradability,refused before testing: spread too large for the stop,,False,False,True,0.38268648260293725,0.19134324130146863,"spread is 38.3% of one ATR (30 of 78 points), 19.1% of a 2x ATR stop. The spread was measured from 2025-04-02, after this series begins (2025-01-01): for the earlier bars it is an assumption, not a measurement - above the 15% threshold: no realistic edge covers this, so nothing is tested here",,,,,,,,,,,,,,,,,,,,,,,,,,,,,,[],,,,,,,,,,,,
donchian-breakout,XTIUSD,M15,tradability,refused before testing: spread too large for the stop,,False,False,True,0.2097685163410908,0.1048842581705454,"spread is 21.0% of one ATR (30 of 143 points), 10.5% of a 2x ATR stop. The spread was measured from 2025-04-02, after this series begins (2025-01-01): for the earlier bars it is an assumption, not a measurement - above the 15% threshold: no realistic edge covers this, so nothing is tested here",,,,,,,,,,,,,,,,,,,,,,,,,,,,,,[],,,,,,,,,,,,
donchian-breakout,XTIUSD,H1,gate,stopped at gate zero,,True,True,True,0.09936100937431996,0.04968050468715998,"spread is 9.9% of one ATR (30 of 302 points), 5.0% of a 2x ATR stop. The spread was measured from 2025-04-02, after this series begins (2025-01-01): for the earlier bars it is an assumption, not a measurement",False,474.0,33.56130218408292,0.2746354029678363,"DOES NOT PASS: no horizon beats the spread with significance. The best is short at 5 bars with net +33.56 pt over 239 observations, but p=0.275 (standard error 56.0 pt): indistinguishable from zero. No SL/TP combination can rescue a signal without an edge.",0.030107526881720432,False,,5897.0,,,,,,,,,,,,,,,,,,,,,[],,,,,,,,,,,,
donchian-breakout,XBRUSD,M5,tradability,refused before testing: spread too large for the stop,,False,False,True,0.3736059959889987,0.18680299799449934,"spread is 37.4% of one ATR (30 of 80 points), 18.7% of a 2x ATR stop. The spread was measured from 2025-02-14, after this series begins (2025-01-02): for the earlier bars it is an assumption, not a measurement - above the 15% threshold: no realistic edge covers this, so nothing is tested here",,,,,,,,,,,,,,,,,,,,,,,,,,,,,,[],,,,,,,,,,,,
donchian-breakout,XBRUSD,M15,tradability,refused before testing: spread too large for the stop,,False,False,True,0.20582618941711706,0.10291309470855853,"spread is 20.6% of one ATR (30 of 146 points), 10.3% of a 2x ATR stop. The spread was measured from 2025-02-14, after this series begins (2025-01-02): for the earlier bars it is an assumption, not a measurement - above the 15% threshold: no realistic edge covers this, so nothing is tested here",,,,,,,,,,,,,,,,,,,,,,,,,,,,,,[],,,,,,,,,,,,
donchian-breakout,XBRUSD,H1,gate,stopped at gate zero,,True,True,True,0.09835577978039388,0.04917788989019694,"spread is 9.8% of one ATR (30 of 305 points), 4.9% of a 2x ATR stop. The spread was measured from 2025-02-14, after this series begins (2025-01-02): for the earlier bars it is an assumption, not a measurement",False,440.0,160.41836153797772,0.1759516671235677,"DOES NOT PASS: no horizon beats the spread with significance. The best is short at 60 bars with net +160.42 pt over 227 observations, but p=0.176 (standard error 172.0 pt): indistinguishable from zero. No SL/TP combination can rescue a signal without an edge.",0.03367875647668394,False,,5384.0,,,,,,,,,,,,,,,,,,,,,[],,,,,,,,,,,,
stochastic-reversal,XAUUSD.r,M15,gate,stopped at gate zero,,True,True,True,0.01439271090445955,0.007196355452229775,"spread is 1.4% of one ATR (7 of 486 points), 0.7% of a 2x ATR stop. The spread was measured from 2025-04-02, after this series begins (2025-01-01): for the earlier bars it is an assumption, not a measurement",False,1717.0,36.132949584209754,0.15246491079685942,"DOES NOT PASS: no horizon beats the spread with significance. The best is long at 5 bars with net +36.13 pt over 743 observations, but p=0.152 (standard error 35.2 pt): indistinguishable from zero. No SL/TP combination can rescue a signal without an edge.",0.07441971763579804,False,,23625.0,,,,,,,,,,,,,,,,,,,,,[],,,,,,,,,,,,
stochastic-reversal,XAUUSD.r,H1,gate,stopped at gate zero,,True,True,True,0.0069514518298570685,0.0034757259149285342,"spread is 0.7% of one ATR (7 of 1007 points), 0.3% of a 2x ATR stop. The spread was measured from 2025-04-02, after this series begins (2025-01-01): for the earlier bars it is an assumption, not a measurement",False,419.0,417.327191541347,0.28656989342418004,"DOES NOT PASS: no horizon beats the spread with significance. The best is long at 120 bars with net +417.33 pt over 164 observations, but p=0.287 (standard error 739.2 pt): indistinguishable from zero. No SL/TP combination can rescue a signal without an edge.",0.06736007924715205,False,,5910.0,,,,,,,,,,,,,,,,,,,,,[],,,,,,,,,,,,
stochastic-reversal,XAGUSD.r,M5,tradability,refused before testing: spread too large for the stop,,False,False,True,0.2747013429897955,0.13735067149489774,"spread is 27.5% of one ATR (13 of 47 points), 13.7% of a 2x ATR stop. The spread was measured from 2025-04-03, after this series begins (2025-01-01): for the earlier bars it is an assumption, not a measurement - above the 15% threshold: no realistic edge covers this, so nothing is tested here",,,,,,,,,,,,,,,,,,,,,,,,,,,,,,[],,,,,,,,,,,,
stochastic-reversal,XAGUSD.r,M15,tradability,refused before testing: spread too large for the stop,,False,False,True,0.1531519181613204,0.0765759590806602,"spread is 15.3% of one ATR (13 of 85 points), 7.7% of a 2x ATR stop. The spread was measured from 2025-04-03, after this series begins (2025-01-01): for the earlier bars it is an assumption, not a measurement - above the 15% threshold: no realistic edge covers this, so nothing is tested here",,,,,,,,,,,,,,,,,,,,,,,,,,,,,,[],,,,,,,,,,,,
stochastic-reversal,XAGUSD.r,H1,gate,stopped at gate zero,,True,True,True,0.07839288082149688,0.03919644041074844,"spread is 7.8% of one ATR (13 of 166 points), 3.9% of a 2x ATR stop. The spread was measured from 2025-04-03, after this series begins (2025-01-01): for the earlier bars it is an assumption, not a measurement",False,423.0,53.66078062899601,0.34566376227204176,"DOES NOT PASS: no horizon beats the spread with significance. The best is short at 120 bars with net +53.66 pt over 272 observations, but p=0.346 (standard error 135.0 pt): indistinguishable from zero. No SL/TP combination can rescue a signal without an edge.",0.1373597006948156,False,,5907.0,,,,,,,,,,,,,,,,,,,,,[],,,,,,,,,,,,
stochastic-reversal,XAUEUR.r,M5,gate,stopped at gate zero,,True,True,True,0.041319921661323644,0.020659960830661822,"spread is 4.1% of one ATR (10 of 242 points), 2.1% of a 2x ATR stop. The spread was measured from 2025-04-04, after this series begins (2025-01-01): for the earlier bars it is an assumption, not a measurement",False,5320.0,29.988278407878994,0.25883512541601905,"DOES NOT PASS: no horizon beats the spread with significance. The best is long at 120 bars with net +29.99 pt over 2420 observations, but p=0.259 (standard error 46.3 pt): indistinguishable from zero. No SL/TP combination can rescue a signal without an edge.",0.06812747442279801,False,,70858.0,,,,,,,,,,,,,,,,,,,,,[],,,,,,,,,,,,
stochastic-reversal,XAUEUR.r,M15,gate,stopped at gate zero,,True,True,True,0.0231828751392269,0.01159143756961345,"spread is 2.3% of one ATR (10 of 431 points), 1.2% of a 2x ATR stop. The spread was measured from 2025-04-04, after this series begins (2025-01-01): for the earlier bars it is an assumption, not a measurement",False,1752.0,41.33649168947535,0.21396302993083705,"DOES NOT PASS: no horizon beats the spread with significance. The best is long at 15 bars with net +41.34 pt over 739 observations, but p=0.214 (standard error 52.1 pt): indistinguishable from zero. No SL/TP combination can rescue a signal without an edge.",0.06513640187477467,False,,23623.0,,,,,,,,,,,,,,,,,,,,,[],,,,,,,,,,,,
stochastic-reversal,XAUEUR.r,H1,gate,stopped at gate zero,,True,True,True,0.011421207978907643,0.005710603989453822,"spread is 1.1% of one ATR (10 of 876 points), 0.6% of a 2x ATR stop. The spread was measured from 2025-04-04, after this series begins (2025-01-01): for the earlier bars it is an assumption, not a measurement",False,430.0,505.653483718776,0.18407651553425364,"DOES NOT PASS: no horizon beats the spread with significance. The best is long at 120 bars with net +505.65 pt over 164 observations, but p=0.184 (standard error 560.3 pt): indistinguishable from zero. No SL/TP combination can rescue a signal without an edge.",0.05981669078630005,False,,5910.0,,,,,,,,,,,,,,,,,,,,,[],,,,,,,,,,,,
stochastic-reversal,EURUSD.r,M5,gate,stopped at gate zero,,True,True,True,0.027474659058689503,0.013737329529344752,"spread is 2.7% of one ATR (1 of 36 points), 1.4% of a 2x ATR stop. The spread was measured from 2025-05-01, after this series begins (2025-01-01): for the earlier bars it is an assumption, not a measurement",False,5870.0,0.37966951884856215,0.4685691405399789,"DOES NOT PASS: no horizon beats the spread with significance. The best is long at 60 bars with net +0.38 pt over 2839 observations, but p=0.469 (standard error 4.8 pt): indistinguishable from zero. No SL/TP combination can rescue a signal without an edge.",0.0682339874120696,False,,74572.0,,,,,,,,,,,,,,,,,,,,,[],,,,,,,,,,,,
stochastic-reversal,EURUSD.r,M15,gate,stopped at gate zero,,True,True,True,0.014945622219214697,0.007472811109607349,"spread is 1.5% of one ATR (1 of 67 points), 0.7% of a 2x ATR stop. The spread was measured from 2025-05-01, after this series begins (2025-01-01): for the earlier bars it is an assumption, not a measurement",False,1906.0,15.635906851009896,0.14364628900745247,"DOES NOT PASS: no horizon beats the spread with significance. The best is short at 60 bars with net +15.64 pt over 1024 observations, but p=0.144 (standard error 14.7 pt): indistinguishable from zero. No SL/TP combination can rescue a signal without an edge.",0.06383447061413162,False,,24862.0,,,,,,,,,,,,,,,,,,,,,[],,,,,,,,,,,,
stochastic-reversal,EURUSD.r,H1,gate,stopped at gate zero,,True,True,True,0.007084351436781753,0.0035421757183908766,"spread is 0.7% of one ATR (1 of 141 points), 0.4% of a 2x ATR stop. The spread was measured from 2025-05-01, after this series begins (2025-01-01): for the earlier bars it is an assumption, not a measurement",False,451.0,92.097629981958,0.12721671086572273,"DOES NOT PASS: no horizon beats the spread with significance. The best is short at 120 bars with net +92.10 pt over 224 observations, but p=0.127 (standard error 80.6 pt): indistinguishable from zero. No SL/TP combination can rescue a signal without an edge.",0.07178106774338269,False,,6217.0,,,,,,,,,,,,,,,,,,,,,[],,,,,,,,,,,,
stochastic-reversal,GBPUSD.r,M5,gate,stopped at gate zero,,True,True,True,0.06908527196296996,0.03454263598148498,"spread is 6.9% of one ATR (3 of 43 points), 3.5% of a 2x ATR stop. The spread was measured from 2025-04-30, after this series begins (2025-01-01): for the earlier bars it is an assumption, not a measurement",False,5827.0,1.1685478169453898,0.414462255244759,"DOES NOT PASS: no horizon beats the spread with significance. The best is long at 60 bars with net +1.17 pt over 2760 observations, but p=0.414 (standard error 5.4 pt): indistinguishable from zero. No SL/TP combination can rescue a signal without an edge.",0.046968711612110706,False,,74575.0,,,,,,,,,,,,,,,,,,,,,[],,,,,,,,,,,,
stochastic-reversal,GBPUSD.r,M15,gate,stopped at gate zero,,True,True,True,0.03798759603022251,0.018993798015111255,"spread is 3.8% of one ATR (3 of 79 points), 1.9% of a 2x ATR stop. The spread was measured from 2025-04-30, after this series begins (2025-01-01): for the earlier bars it is an assumption, not a measurement",False,1871.0,10.236893531048201,0.17922586470489477,"DOES NOT PASS: no horizon beats the spread with significance. The best is long at 30 bars with net +10.24 pt over 859 observations, but p=0.179 (standard error 11.1 pt): indistinguishable from zero. No SL/TP combination can rescue a signal without an edge.",0.04560882477725923,False,,24862.0,,,,,,,,,,,,,,,,,,,,,[],,,,,,,,,,,,
stochastic-reversal,GBPUSD.r,H1,gate,stopped at gate zero,,True,True,True,0.01833031074831257,0.009165155374156285,"spread is 1.8% of one ATR (3 of 164 points), 0.9% of a 2x ATR stop. The spread was measured from 2025-04-30, after this series begins (2025-01-01): for the earlier bars it is an assumption, not a measurement",False,470.0,53.55782157382228,0.27163614206136133,"DOES NOT PASS: no horizon beats the spread with significance. The best is short at 120 bars with net +53.56 pt over 236 observations, but p=0.272 (standard error 88.0 pt): indistinguishable from zero. No SL/TP combination can rescue a signal without an edge.",0.04379878577623591,False,,6217.0,,,,,,,,,,,,,,,,,,,,,[],,,,,,,,,,,,
stochastic-reversal,USDJPY.r,M5,gate,stopped at gate zero,,True,True,True,0.04875132052427126,0.02437566026213563,"spread is 4.9% of one ATR (3 of 62 points), 2.4% of a 2x ATR stop. The spread was measured from 2025-05-01, after this series begins (2025-01-01): for the earlier bars it is an assumption, not a measurement",False,5714.0,0.35330327946634954,0.46365621594278417,"DOES NOT PASS: no horizon beats the spread with significance. The best is short at 15 bars with net +0.35 pt over 2940 observations, but p=0.464 (standard error 3.9 pt): indistinguishable from zero. No SL/TP combination can rescue a signal without an edge.",0.05168238823231775,False,,74575.0,,,,,,,,,,,,,,,,,,,,,[],,,,,,,,,,,,
stochastic-reversal,USDJPY.r,M15,gate,stopped at gate zero,,True,True,True,0.026588597351210812,0.013294298675605406,"spread is 2.7% of one ATR (3 of 113 points), 1.3% of a 2x ATR stop. The spread was measured from 2025-05-01, after this series begins (2025-01-01): for the earlier bars it is an assumption, not a measurement",False,1838.0,-4.418161805527571,0.7271799734465475,"DOES NOT PASS: no horizon beats the spread with significance. The best is long at 5 bars with net -4.42 pt over 875 observations, but p=0.727 (standard error 7.3 pt): indistinguishable from zero. No SL/TP combination can rescue a signal without an edge.",0.05093600348280365,False,,24862.0,,,,,,,,,,,,,,,,,,,,,[],,,,,,,,,,,,
stochastic-reversal,USDJPY.r,H1,gate,stopped at gate zero,,True,True,True,0.012680335786393626,0.006340167893196813,"spread is 1.3% of one ATR (3 of 237 points), 0.6% of a 2x ATR stop. The spread was measured from 2025-05-01, after this series begins (2025-01-01): for the earlier bars it is an assumption, not a measurement",False,446.0,127.35834115704205,0.13702925921700382,"DOES NOT PASS: no horizon beats the spread with significance. The best is short at 120 bars with net +127.36 pt over 232 observations, but p=0.137 (standard error 116.2 pt): indistinguishable from zero. No SL/TP combination can rescue a signal without an edge.",0.0451527224435591,False,,6217.0,,,,,,,,,,,,,,,,,,,,,[],,,,,,,,,,,,
stochastic-reversal,AUDUSD.r,M5,gate,stopped at gate zero,,True,True,True,0.11277434641895488,0.05638717320947744,"spread is 11.3% of one ATR (3 of 27 points), 5.6% of a 2x ATR stop. The spread was measured from 2025-05-01, after this series begins (2025-01-01): for the earlier bars it is an assumption, not a measurement",False,5873.0,0.213033404773058,0.48085196933590413,"DOES NOT PASS: no horizon beats the spread with significance. The best is short at 120 bars with net +0.21 pt over 3095 observations, but p=0.481 (standard error 4.4 pt): indistinguishable from zero. No SL/TP combination can rescue a signal without an edge.",0.055403281803895775,False,,74576.0,,,,,,,,,,,,,,,,,,,,,[],,,,,,,,,,,,
stochastic-reversal,AUDUSD.r,M15,gate,stopped at gate zero,,True,True,True,0.061809654362676575,0.030904827181338287,"spread is 6.2% of one ATR (3 of 49 points), 3.1% of a 2x ATR stop. The spread was measured from 2025-05-01, after this series begins (2025-01-01): for the earlier bars it is an assumption, not a measurement",False,1908.0,7.424189881343107,0.23799777590935756,"DOES NOT PASS: no horizon beats the spread with significance. The best is long at 60 bars with net +7.42 pt over 874 observations, but p=0.238 (standard error 10.4 pt): indistinguishable from zero. No SL/TP combination can rescue a signal without an edge.",0.057184422560429715,False,,24862.0,,,,,,,,,,,,,,,,,,,,,[],,,,,,,,,,,,
stochastic-reversal,AUDUSD.r,H1,gate,stopped at gate zero,,True,True,True,0.029514020877138194,0.014757010438569097,"spread is 3.0% of one ATR (3 of 102 points), 1.5% of a 2x ATR stop. The spread was measured from 2025-05-01, after this series begins (2025-01-01): for the earlier bars it is an assumption, not a measurement",False,474.0,40.40695218960134,0.24919049982149533,"DOES NOT PASS: no horizon beats the spread with significance. The best is long at 120 bars with net +40.41 pt over 208 observations, but p=0.249 (standard error 59.6 pt): indistinguishable from zero. No SL/TP combination can rescue a signal without an edge.",0.053402646502835535,False,,6217.0,,,,,,,,,,,,,,,,,,,,,[],,,,,,,,,,,,
stochastic-reversal,USDCAD.r,M5,tradability,refused before testing: spread too large for the stop,,False,False,True,0.154334934563466,0.077167467281733,"spread is 15.4% of one ATR (5 of 32 points), 7.7% of a 2x ATR stop. The spread was measured from 2025-05-01, after this series begins (2025-01-01): for the earlier bars it is an assumption, not a measurement - above the 15% threshold: no realistic edge covers this, so nothing is tested here",,,,,,,,,,,,,,,,,,,,,,,,,,,,,,[],,,,,,,,,,,,
stochastic-reversal,USDCAD.r,M15,gate,stopped at gate zero,,True,True,True,0.08275183472507573,0.041375917362537866,"spread is 8.3% of one ATR (5 of 60 points), 4.1% of a 2x ATR stop. The spread was measured from 2025-05-01, after this series begins (2025-01-01): for the earlier bars it is an assumption, not a measurement",False,1896.0,1.8130334039265037,0.4419492476934226,"DOES NOT PASS: no horizon beats the spread with significance. The best is short at 60 bars with net +1.81 pt over 965 observations, but p=0.442 (standard error 12.4 pt): indistinguishable from zero. No SL/TP combination can rescue a signal without an edge.",0.07268141694371202,False,,24861.0,,,,,,,,,,,,,,,,,,,,,[],,,,,,,,,,,,
stochastic-reversal,USDCAD.r,H1,gate,stopped at gate zero,,True,True,True,0.039514386483911625,0.019757193241955812,"spread is 4.0% of one ATR (5 of 127 points), 2.0% of a 2x ATR stop. The spread was measured from 2025-05-01, after this series begins (2025-01-01): for the earlier bars it is an assumption, not a measurement",False,459.0,7.2270964660035855,0.39074198006845606,"DOES NOT PASS: no horizon beats the spread with significance. The best is short at 15 bars with net +7.23 pt over 241 observations, but p=0.391 (standard error 26.0 pt): indistinguishable from zero. No SL/TP combination can rescue a signal without an edge.",0.06611969111969111,False,,6217.0,,,,,,,,,,,,,,,,,,,,,[],,,,,,,,,,,,
stochastic-reversal,XTIUSD,M5,tradability,refused before testing: spread too large for the stop,,False,False,True,0.38268648260293725,0.19134324130146863,"spread is 38.3% of one ATR (30 of 78 points), 19.1% of a 2x ATR stop. The spread was measured from 2025-04-02, after this series begins (2025-01-01): for the earlier bars it is an assumption, not a measurement - above the 15% threshold: no realistic edge covers this, so nothing is tested here",,,,,,,,,,,,,,,,,,,,,,,,,,,,,,[],,,,,,,,,,,,
stochastic-reversal,XTIUSD,M15,tradability,refused before testing: spread too large for the stop,,False,False,True,0.2097685163410908,0.1048842581705454,"spread is 21.0% of one ATR (30 of 143 points), 10.5% of a 2x ATR stop. The spread was measured from 2025-04-02, after this series begins (2025-01-01): for the earlier bars it is an assumption, not a measurement - above the 15% threshold: no realistic edge covers this, so nothing is tested here",,,,,,,,,,,,,,,,,,,,,,,,,,,,,,[],,,,,,,,,,,,
stochastic-reversal,XTIUSD,H1,gate,stopped at gate zero,,True,True,True,0.09936100937431996,0.04968050468715998,"spread is 9.9% of one ATR (30 of 302 points), 5.0% of a 2x ATR stop. The spread was measured from 2025-04-02, after this series begins (2025-01-01): for the earlier bars it is an assumption, not a measurement",False,434.0,37.5424134537858,0.4273096573813635,"DOES NOT PASS: no horizon beats the spread with significance. The best is short at 120 bars with net +37.54 pt over 222 observations, but p=0.427 (standard error 204.7 pt): indistinguishable from zero. No SL/TP combination can rescue a signal without an edge.",0.06698795180722893,False,,5897.0,,,,,,,,,,,,,,,,,,,,,[],,,,,,,,,,,,
stochastic-reversal,XBRUSD,M5,tradability,refused before testing: spread too large for the stop,,False,False,True,0.3736059959889987,0.18680299799449934,"spread is 37.4% of one ATR (30 of 80 points), 18.7% of a 2x ATR stop. The spread was measured from 2025-02-14, after this series begins (2025-01-02): for the earlier bars it is an assumption, not a measurement - above the 15% threshold: no realistic edge covers this, so nothing is tested here",,,,,,,,,,,,,,,,,,,,,,,,,,,,,,[],,,,,,,,,,,,
stochastic-reversal,XBRUSD,M15,tradability,refused before testing: spread too large for the stop,,False,False,True,0.20582618941711706,0.10291309470855853,"spread is 20.6% of one ATR (30 of 146 points), 10.3% of a 2x ATR stop. The spread was measured from 2025-02-14, after this series begins (2025-01-02): for the earlier bars it is an assumption, not a measurement - above the 15% threshold: no realistic edge covers this, so nothing is tested here",,,,,,,,,,,,,,,,,,,,,,,,,,,,,,[],,,,,,,,,,,,
stochastic-reversal,XBRUSD,H1,gate,stopped at gate zero,,True,True,True,0.09835577978039388,0.04917788989019694,"spread is 9.8% of one ATR (30 of 305 points), 4.9% of a 2x ATR stop. The spread was measured from 2025-02-14, after this series begins (2025-01-02): for the earlier bars it is an assumption, not a measurement",False,386.0,50.5615291608585,0.4152090339021509,"DOES NOT PASS: no horizon beats the spread with significance. The best is long at 120 bars with net +50.56 pt over 181 observations, but p=0.415 (standard error 235.7 pt): indistinguishable from zero. No SL/TP combination can rescue a signal without an edge.",0.06196473551637279,False,,5384.0,,,,,,,,,,,,,,,,,,,,,[],,,,,,,,,,,,
roc-momentum,XAUUSD.r,M5,gate,stopped at gate zero,,True,True,True,0.026065765377050437,0.013032882688525219,"spread is 2.6% of one ATR (7 of 269 points), 1.3% of a 2x ATR stop. The spread was measured from 2025-04-02, after this series begins (2025-01-01): for the earlier bars it is an assumption, not a measurement",False,9434.0,21.504626838905153,0.2992466931894091,"DOES NOT PASS: no horizon beats the spread with significance. The best is long at 120 bars with net +21.50 pt over 4715 observations, but p=0.299 (standard error 40.8 pt): indistinguishable from zero. No SL/TP combination can rescue a signal without an edge.",0.030949519230769232,False,,70861.0,,,,,,,,,,,,,,,,,,,,,[],,,,,,,,,,,,
roc-momentum,XAUUSD.r,H1,gate,stopped at gate zero,,True,True,True,0.0069514518298570685,0.0034757259149285342,"spread is 0.7% of one ATR (7 of 1007 points), 0.3% of a 2x ATR stop. The spread was measured from 2025-04-02, after this series begins (2025-01-01): for the earlier bars it is an assumption, not a measurement",False,763.0,425.3627124912614,0.11282172514049882,"DOES NOT PASS: no horizon beats the spread with significance. The best is short at 60 bars with net +425.36 pt over 379 observations, but p=0.113 (standard error 350.5 pt): indistinguishable from zero. No SL/TP combination can rescue a signal without an edge.",0.019197207678883072,False,,5910.0,,,,,,,,,,,,,,,,,,,,,[],,,,,,,,,,,,
roc-momentum,XAGUSD.r,M5,tradability,refused before testing: spread too large for the stop,,False,False,True,0.2747013429897955,0.13735067149489774,"spread is 27.5% of one ATR (13 of 47 points), 13.7% of a 2x ATR stop. The spread was measured from 2025-04-03, after this series begins (2025-01-01): for the earlier bars it is an assumption, not a measurement - above the 15% threshold: no realistic edge covers this, so nothing is tested here",,,,,,,,,,,,,,,,,,,,,,,,,,,,,,[],,,,,,,,,,,,
roc-momentum,XAGUSD.r,M15,tradability,refused before testing: spread too large for the stop,,False,False,True,0.1531519181613204,0.0765759590806602,"spread is 15.3% of one ATR (13 of 85 points), 7.7% of a 2x ATR stop. The spread was measured from 2025-04-03, after this series begins (2025-01-01): for the earlier bars it is an assumption, not a measurement - above the 15% threshold: no realistic edge covers this, so nothing is tested here",,,,,,,,,,,,,,,,,,,,,,,,,,,,,,[],,,,,,,,,,,,
roc-momentum,XAGUSD.r,H1,gate,stopped at gate zero,,True,True,True,0.07839288082149688,0.03919644041074844,"spread is 7.8% of one ATR (13 of 166 points), 3.9% of a 2x ATR stop. The spread was measured from 2025-04-03, after this series begins (2025-01-01): for the earlier bars it is an assumption, not a measurement",False,771.0,39.303543786891055,0.36836035653689647,"DOES NOT PASS: no horizon beats the spread with significance. The best is short at 120 bars with net +39.30 pt over 380 observations, but p=0.368 (standard error 116.8 pt): indistinguishable from zero. No SL/TP combination can rescue a signal without an edge.",0.07590759075907591,False,,5907.0,,,,,,,,,,,,,,,,,,,,,[],,,,,,,,,,,,
roc-momentum,XAUEUR.r,M5,gate,stopped at gate zero,,True,True,True,0.041319921661323644,0.020659960830661822,"spread is 4.1% of one ATR (10 of 242 points), 2.1% of a 2x ATR stop. The spread was measured from 2025-04-04, after this series begins (2025-01-01): for the earlier bars it is an assumption, not a measurement",False,9685.0,7.71982024531815,0.31750149782289716,"DOES NOT PASS: no horizon beats the spread with significance. The best is short at 30 bars with net +7.72 pt over 4842 observations, but p=0.318 (standard error 16.3 pt): indistinguishable from zero. No SL/TP combination can rescue a signal without an edge.",0.026637988087359364,False,,70858.0,,,,,,,,,,,,,,,,,,,,,[],,,,,,,,,,,,
roc-momentum,XAUEUR.r,M15,gate,stopped at gate zero,,True,True,True,0.0231828751392269,0.01159143756961345,"spread is 2.3% of one ATR (10 of 431 points), 1.2% of a 2x ATR stop. The spread was measured from 2025-04-04, after this series begins (2025-01-01): for the earlier bars it is an assumption, not a measurement",False,3354.0,109.35991180566202,0.11993655989803187,"DOES NOT PASS: no horizon beats the spread with significance. The best is long at 120 bars with net +109.36 pt over 1674 observations, but p=0.120 (standard error 93.0 pt): indistinguishable from zero. No SL/TP combination can rescue a signal without an edge.",0.029288702928870293,False,,23623.0,,,,,,,,,,,,,,,,,,,,,[],,,,,,,,,,,,
roc-momentum,XAUEUR.r,H1,gate,stopped at gate zero,,True,True,True,0.011421207978907643,0.005710603989453822,"spread is 1.1% of one ATR (10 of 876 points), 0.6% of a 2x ATR stop. The spread was measured from 2025-04-04, after this series begins (2025-01-01): for the earlier bars it is an assumption, not a measurement",False,802.0,504.36172119670164,0.09202921337812253,"DOES NOT PASS: no horizon beats the spread with significance. The best is short at 120 bars with net +504.36 pt over 391 observations, but p=0.092 (standard error 379.0 pt): indistinguishable from zero. No SL/TP combination can rescue a signal without an edge.",0.01810865191146881,False,,5910.0,,,,,,,,,,,,,,,,,,,,,[],,,,,,,,,,,,
roc-momentum,EURUSD.r,M5,gate,stopped at gate zero,,True,True,True,0.027474659058689503,0.013737329529344752,"spread is 2.7% of one ATR (1 of 36 points), 1.4% of a 2x ATR stop. The spread was measured from 2025-05-01, after this series begins (2025-01-01): for the earlier bars it is an assumption, not a measurement",False,10222.0,0.7939413051942195,0.375011722898002,"DOES NOT PASS: no horizon beats the spread with significance. The best is short at 30 bars with net +0.79 pt over 5105 observations, but p=0.375 (standard error 2.5 pt): indistinguishable from zero. No SL/TP combination can rescue a signal without an edge.",0.035648535564853555,False,,74572.0,,,,,,,,,,,,,,,,,,,,,[],,,,,,,,,,,,
roc-momentum,EURUSD.r,M15,gate,stopped at gate zero,,True,True,True,0.014945622219214697,0.007472811109607349,"spread is 1.5% of one ATR (1 of 67 points), 0.7% of a 2x ATR stop. The spread was measured from 2025-05-01, after this series begins (2025-01-01): for the earlier bars it is an assumption, not a measurement",False,3457.0,12.436082672835198,0.20828065189578826,"DOES NOT PASS: no horizon beats the spread with significance. The best is long at 120 bars with net +12.44 pt over 1722 observations, but p=0.208 (standard error 15.3 pt): indistinguishable from zero. No SL/TP combination can rescue a signal without an edge.",0.04096385542168674,False,,24862.0,,,,,,,,,,,,,,,,,,,,,[],,,,,,,,,,,,
roc-momentum,EURUSD.r,H1,gate,stopped at gate zero,,True,True,True,0.007084351436781753,0.0035421757183908766,"spread is 0.7% of one ATR (1 of 141 points), 0.4% of a 2x ATR stop. The spread was measured from 2025-05-01, after this series begins (2025-01-01): for the earlier bars it is an assumption, not a measurement",False,832.0,53.58814752892698,0.17196975427587335,"DOES NOT PASS: no horizon beats the spread with significance. The best is short at 120 bars with net +53.59 pt over 403 observations, but p=0.172 (standard error 56.6 pt): indistinguishable from zero. No SL/TP combination can rescue a signal without an edge.",0.031512605042016806,False,,6217.0,,,,,,,,,,,,,,,,,,,,,[],,,,,,,,,,,,
roc-momentum,GBPUSD.r,M5,gate,stopped at gate zero,,True,True,True,0.06908527196296996,0.03454263598148498,"spread is 6.9% of one ATR (3 of 43 points), 3.5% of a 2x ATR stop. The spread was measured from 2025-04-30, after this series begins (2025-01-01): for the earlier bars it is an assumption, not a measurement",False,10259.0,-1.2724409978420343,0.5929215095598472,"DOES NOT PASS: no horizon beats the spread with significance. The best is short at 120 bars with net -1.27 pt over 5122 observations, but p=0.593 (standard error 5.4 pt): indistinguishable from zero. No SL/TP combination can rescue a signal without an edge.",0.025729298786011958,False,,74575.0,,,,,,,,,,,,,,,,,,,,,[],,,,,,,,,,,,
roc-momentum,GBPUSD.r,M15,gate,stopped at gate zero,,True,True,True,0.03798759603022251,0.018993798015111255,"spread is 3.8% of one ATR (3 of 79 points), 1.9% of a 2x ATR stop. The spread was measured from 2025-04-30, after this series begins (2025-01-01): for the earlier bars it is an assumption, not a measurement",False,3542.0,7.363533832017424,0.26321918610127515,"DOES NOT PASS: no horizon beats the spread with significance. The best is short at 60 bars with net +7.36 pt over 1770 observations, but p=0.263 (standard error 11.6 pt): indistinguishable from zero. No SL/TP combination can rescue a signal without an edge.",0.024307518371961562,False,,24862.0,,,,,,,,,,,,,,,,,,,,,[],,,,,,,,,,,,
roc-momentum,GBPUSD.r,H1,gate,stopped at gate zero,,True,True,True,0.01833031074831257,0.009165155374156285,"spread is 1.8% of one ATR (3 of 164 points), 0.9% of a 2x ATR stop. The spread was measured from 2025-04-30, after this series begins (2025-01-01): for the earlier bars it is an assumption, not a measurement",False,870.0,31.945784462407687,0.29326135057803626,"DOES NOT PASS: no horizon beats the spread with significance. The best is short at 120 bars with net +31.95 pt over 422 observations, but p=0.293 (standard error 58.7 pt): indistinguishable from zero. No SL/TP combination can rescue a signal without an edge.",0.01388888888888889,False,,6217.0,,,,,,,,,,,,,,,,,,,,,[],,,,,,,,,,,,
roc-momentum,USDJPY.r,M5,gate,stopped at gate zero,,True,True,True,0.04875132052427126,0.02437566026213563,"spread is 4.9% of one ATR (3 of 62 points), 2.4% of a 2x ATR stop. The spread was measured from 2025-05-01, after this series begins (2025-01-01): for the earlier bars it is an assumption, not a measurement",False,9937.0,0.13085391305682492,0.49355118506847284,"DOES NOT PASS: no horizon beats the spread with significance. The best is short at 120 bars with net +0.13 pt over 4965 observations, but p=0.494 (standard error 8.1 pt): indistinguishable from zero. No SL/TP combination can rescue a signal without an edge.",0.02813017098731384,False,,74575.0,,,,,,,,,,,,,,,,,,,,,[],,,,,,,,,,,,
roc-momentum,USDJPY.r,M15,gate,stopped at gate zero,,True,True,True,0.026588597351210812,0.013294298675605406,"spread is 2.7% of one ATR (3 of 113 points), 1.3% of a 2x ATR stop. The spread was measured from 2025-05-01, after this series begins (2025-01-01): for the earlier bars it is an assumption, not a measurement",False,3391.0,9.851081800084366,0.2902636685469191,"DOES NOT PASS: no horizon beats the spread with significance. The best is long at 60 bars with net +9.85 pt over 1688 observations, but p=0.290 (standard error 17.8 pt): indistinguishable from zero. No SL/TP combination can rescue a signal without an edge.",0.0242024202420242,False,,24862.0,,,,,,,,,,,,,,,,,,,,,[],,,,,,,,,,,,
roc-momentum,USDJPY.r,H1,gate,stopped at gate zero,,True,True,True,0.012680335786393626,0.006340167893196813,"spread is 1.3% of one ATR (3 of 237 points), 0.6% of a 2x ATR stop. The spread was measured from 2025-05-01, after this series begins (2025-01-01): for the earlier bars it is an assumption, not a measurement",False,788.0,119.66590592484368,0.09588703171628143,"DOES NOT PASS: no horizon beats the spread with significance. The best is long at 120 bars with net +119.67 pt over 387 observations, but p=0.096 (standard error 91.5 pt): indistinguishable from zero. No SL/TP combination can rescue a signal without an edge.",0.01839080459770115,False,,6217.0,,,,,,,,,,,,,,,,,,,,,[],,,,,,,,,,,,
roc-momentum,AUDUSD.r,M5,gate,stopped at gate zero,,True,True,True,0.11277434641895488,0.05638717320947744,"spread is 11.3% of one ATR (3 of 27 points), 5.6% of a 2x ATR stop. The spread was measured from 2025-05-01, after this series begins (2025-01-01): for the earlier bars it is an assumption, not a measurement",False,10315.0,-0.8728891043717342,0.6406934104388261,"DOES NOT PASS: no horizon beats the spread with significance. The best is long at 60 bars with net -0.87 pt over 5154 observations, but p=0.641 (standard error 2.4 pt): indistinguishable from zero. No SL/TP combination can rescue a signal without an edge.",0.03978052126200274,False,,74576.0,,,,,,,,,,,,,,,,,,,,,[],,,,,,,,,,,,
roc-momentum,AUDUSD.r,M15,gate,stopped at gate zero,,True,True,True,0.061809654362676575,0.030904827181338287,"spread is 6.2% of one ATR (3 of 49 points), 3.1% of a 2x ATR stop. The spread was measured from 2025-05-01, after this series begins (2025-01-01): for the earlier bars it is an assumption, not a measurement",False,3487.0,0.21389403386163153,0.4907060997956145,"DOES NOT PASS: no horizon beats the spread with significance. The best is long at 120 bars with net +0.21 pt over 1733 observations, but p=0.491 (standard error 9.2 pt): indistinguishable from zero. No SL/TP combination can rescue a signal without an edge.",0.04144775248102744,False,,24862.0,,,,,,,,,,,,,,,,,,,,,[],,,,,,,,,,,,
roc-momentum,AUDUSD.r,H1,gate,stopped at gate zero,,True,True,True,0.029514020877138194,0.014757010438569097,"spread is 3.0% of one ATR (3 of 102 points), 1.5% of a 2x ATR stop. The spread was measured from 2025-05-01, after this series begins (2025-01-01): for the earlier bars it is an assumption, not a measurement",False,832.0,31.33267393118497,0.18166567848028814,"DOES NOT PASS: no horizon beats the spread with significance. The best is long at 120 bars with net +31.33 pt over 409 observations, but p=0.182 (standard error 34.4 pt): indistinguishable from zero. No SL/TP combination can rescue a signal without an edge.",0.03827751196172249,False,,6217.0,,,,,,,,,,,,,,,,,,,,,[],,,,,,,,,,,,
roc-momentum,USDCAD.r,M5,tradability,refused before testing: spread too large for the stop,,False,False,True,0.154334934563466,0.077167467281733,"spread is 15.4% of one ATR (5 of 32 points), 7.7% of a 2x ATR stop. The spread was measured from 2025-05-01, after this series begins (2025-01-01): for the earlier bars it is an assumption, not a measurement - above the 15% threshold: no realistic edge covers this, so nothing is tested here",,,,,,,,,,,,,,,,,,,,,,,,,,,,,,[],,,,,,,,,,,,
roc-momentum,USDCAD.r,M15,gate,stopped at gate zero,,True,True,True,0.08275183472507573,0.041375917362537866,"spread is 8.3% of one ATR (5 of 60 points), 4.1% of a 2x ATR stop. The spread was measured from 2025-05-01, after this series begins (2025-01-01): for the earlier bars it is an assumption, not a measurement",False,3665.0,9.952391820537756,0.2317237480201123,"DOES NOT PASS: no horizon beats the spread with significance. The best is long at 120 bars with net +9.95 pt over 1817 observations, but p=0.232 (standard error 13.6 pt): indistinguishable from zero. No SL/TP combination can rescue a signal without an edge.",0.04100461301896463,False,,24861.0,,,,,,,,,,,,,,,,,,,,,[],,,,,,,,,,,,
roc-momentum,USDCAD.r,H1,gate,stopped at gate zero,,True,True,True,0.039514386483911625,0.019757193241955812,"spread is 4.0% of one ATR (5 of 127 points), 2.0% of a 2x ATR stop. The spread was measured from 2025-05-01, after this series begins (2025-01-01): for the earlier bars it is an assumption, not a measurement",False,887.0,35.17837437736059,0.08747439823416137,"DOES NOT PASS: no horizon beats the spread with significance. The best is long at 30 bars with net +35.18 pt over 440 observations, but p=0.087 (standard error 25.9 pt): indistinguishable from zero. No SL/TP combination can rescue a signal without an edge.",0.041666666666666664,False,,6217.0,,,,,,,,,,,,,,,,,,,,,[],,,,,,,,,,,,
roc-momentum,XTIUSD,M5,tradability,refused before testing: spread too large for the stop,,False,False,True,0.38268648260293725,0.19134324130146863,"spread is 38.3% of one ATR (30 of 78 points), 19.1% of a 2x ATR stop. The spread was measured from 2025-04-02, after this series begins (2025-01-01): for the earlier bars it is an assumption, not a measurement - above the 15% threshold: no realistic edge covers this, so nothing is tested here",,,,,,,,,,,,,,,,,,,,,,,,,,,,,,[],,,,,,,,,,,,
roc-momentum,XTIUSD,M15,tradability,refused before testing: spread too large for the stop,,False,False,True,0.2097685163410908,0.1048842581705454,"spread is 21.0% of one ATR (30 of 143 points), 10.5% of a 2x ATR stop. The spread was measured from 2025-04-02, after this series begins (2025-01-01): for the earlier bars it is an assumption, not a measurement - above the 15% threshold: no realistic edge covers this, so nothing is tested here",,,,,,,,,,,,,,,,,,,,,,,,,,,,,,[],,,,,,,,,,,,
roc-momentum,XTIUSD,H1,gate,stopped at gate zero,,True,True,True,0.09936100937431996,0.04968050468715998,"spread is 9.9% of one ATR (30 of 302 points), 5.0% of a 2x ATR stop. The spread was measured from 2025-04-02, after this series begins (2025-01-01): for the earlier bars it is an assumption, not a measurement",False,782.0,157.78203427565245,0.1616826206897577,"DOES NOT PASS: no horizon beats the spread with significance. The best is short at 120 bars with net +157.78 pt over 383 observations, but p=0.162 (standard error 159.6 pt): indistinguishable from zero. No SL/TP combination can rescue a signal without an edge.",0.029354207436399216,False,,5897.0,,,,,,,,,,,,,,,,,,,,,[],,,,,,,,,,,,
roc-momentum,XBRUSD,M5,tradability,refused before testing: spread too large for the stop,,False,False,True,0.3736059959889987,0.18680299799449934,"spread is 37.4% of one ATR (30 of 80 points), 18.7% of a 2x ATR stop. The spread was measured from 2025-02-14, after this series begins (2025-01-02): for the earlier bars it is an assumption, not a measurement - above the 15% threshold: no realistic edge covers this, so nothing is tested here",,,,,,,,,,,,,,,,,,,,,,,,,,,,,,[],,,,,,,,,,,,
roc-momentum,XBRUSD,M15,tradability,refused before testing: spread too large for the stop,,False,False,True,0.20582618941711706,0.10291309470855853,"spread is 20.6% of one ATR (30 of 146 points), 10.3% of a 2x ATR stop. The spread was measured from 2025-02-14, after this series begins (2025-01-02): for the earlier bars it is an assumption, not a measurement - above the 15% threshold: no realistic edge covers this, so nothing is tested here",,,,,,,,,,,,,,,,,,,,,,,,,,,,,,[],,,,,,,,,,,,
roc-momentum,XBRUSD,H1,gate,stopped at gate zero,,True,True,True,0.09835577978039388,0.04917788989019694,"spread is 9.8% of one ATR (30 of 305 points), 4.9% of a 2x ATR stop. The spread was measured from 2025-02-14, after this series begins (2025-01-02): for the earlier bars it is an assumption, not a measurement",False,732.0,92.11639299723265,0.29140501633372884,"DOES NOT PASS: no horizon beats the spread with significance. The best is short at 120 bars with net +92.12 pt over 358 observations, but p=0.291 (standard error 167.5 pt): indistinguishable from zero. No SL/TP combination can rescue a signal without an edge.",0.03217821782178218,False,,5384.0,,,,,,,,,,,,,,,,,,,,,[],,,,,,,,,,,,
ema-trend-filter,XAUUSD.r,M5,gate,stopped at gate zero,,True,True,True,0.026065765377050437,0.013032882688525219,"spread is 2.6% of one ATR (7 of 269 points), 1.3% of a 2x ATR stop. The spread was measured from 2025-04-02, after this series begins (2025-01-01): for the earlier bars it is an assumption, not a measurement",False,3073.0,10.744161529653582,0.44177915331751505,"DOES NOT PASS: no horizon beats the spread with significance. The best is short at 120 bars with net +10.74 pt over 1534 observations, but p=0.442 (standard error 73.3 pt): indistinguishable from zero. No SL/TP combination can rescue a signal without an edge.",0.03021195824106295,False,,70861.0,,,,,,,,,,,,,,,,,,,,,[],,,,,,,,,,,,
ema-trend-filter,XAUUSD.r,H1,gate,stopped at gate zero,,True,True,True,0.0069514518298570685,0.0034757259149285342,"spread is 0.7% of one ATR (7 of 1007 points), 0.3% of a 2x ATR stop. The spread was measured from 2025-04-02, after this series begins (2025-01-01): for the earlier bars it is an assumption, not a measurement",False,195.0,456.6391156462536,0.17055401535374703,"DOES NOT PASS: no horizon beats the spread with significance. The best is short at 30 bars with net +456.64 pt over 98 observations, but p=0.171 (standard error 477.3 pt): indistinguishable from zero. No SL/TP combination can rescue a signal without an edge.",0.01580135440180587,False,,5910.0,,,,,,,,,,,,,,,,,,,,,[],,,,,,,,,,,,
ema-trend-filter,XAGUSD.r,M5,tradability,refused before testing: spread too large for the stop,,False,False,True,0.2747013429897955,0.13735067149489774,"spread is 27.5% of one ATR (13 of 47 points), 13.7% of a 2x ATR stop. The spread was measured from 2025-04-03, after this series begins (2025-01-01): for the earlier bars it is an assumption, not a measurement - above the 15% threshold: no realistic edge covers this, so nothing is tested here",,,,,,,,,,,,,,,,,,,,,,,,,,,,,,[],,,,,,,,,,,,
ema-trend-filter,XAGUSD.r,M15,tradability,refused before testing: spread too large for the stop,,False,False,True,0.1531519181613204,0.0765759590806602,"spread is 15.3% of one ATR (13 of 85 points), 7.7% of a 2x ATR stop. The spread was measured from 2025-04-03, after this series begins (2025-01-01): for the earlier bars it is an assumption, not a measurement - above the 15% threshold: no realistic edge covers this, so nothing is tested here",,,,,,,,,,,,,,,,,,,,,,,,,,,,,,[],,,,,,,,,,,,
ema-trend-filter,XAGUSD.r,H1,gate,stopped at gate zero,,True,True,True,0.07839288082149688,0.03919644041074844,"spread is 7.8% of one ATR (13 of 166 points), 3.9% of a 2x ATR stop. The spread was measured from 2025-04-03, after this series begins (2025-01-01): for the earlier bars it is an assumption, not a measurement",False,245.0,244.04155793991993,0.053571975045578424,"DOES NOT PASS: no horizon beats the spread with significance. The best is short at 120 bars with net +244.04 pt over 119 observations, but p=0.054 (standard error 150.3 pt): indistinguishable from zero. No SL/TP combination can rescue a signal without an edge.",0.0828125,False,,5907.0,,,,,,,,,,,,,,,,,,,,,[],,,,,,,,,,,,
ema-trend-filter,XAUEUR.r,M5,gate,stopped at gate zero,,True,True,True,0.041319921661323644,0.020659960830661822,"spread is 4.1% of one ATR (10 of 242 points), 2.1% of a 2x ATR stop. The spread was measured from 2025-04-04, after this series begins (2025-01-01): for the earlier bars it is an assumption, not a measurement",False,3007.0,32.82185133648366,0.29941081789235824,"DOES NOT PASS: no horizon beats the spread with significance. The best is short at 120 bars with net +32.82 pt over 1502 observations, but p=0.299 (standard error 62.4 pt): indistinguishable from zero. No SL/TP combination can rescue a signal without an edge.",0.02649379932356257,False,,70858.0,,,,,,,,,,,,,,,,,,,,,[],,,,,,,,,,,,
ema-trend-filter,XAUEUR.r,M15,gate,stopped at gate zero,,True,True,True,0.0231828751392269,0.01159143756961345,"spread is 2.3% of one ATR (10 of 431 points), 1.2% of a 2x ATR stop. The spread was measured from 2025-04-04, after this series begins (2025-01-01): for the earlier bars it is an assumption, not a measurement",False,934.0,37.958002263322555,0.42281283312801543,"DOES NOT PASS: no horizon beats the spread with significance. The best is long at 120 bars with net +37.96 pt over 467 observations, but p=0.423 (standard error 194.8 pt): indistinguishable from zero. No SL/TP combination can rescue a signal without an edge.",0.025838372732270475,False,,23623.0,,,,,,,,,,,,,,,,,,,,,[],,,,,,,,,,,,
ema-trend-filter,XAUEUR.r,H1,gate,stopped at gate zero,,True,True,True,0.011421207978907643,0.005710603989453822,"spread is 1.1% of one ATR (10 of 876 points), 0.6% of a 2x ATR stop. The spread was measured from 2025-04-04, after this series begins (2025-01-01): for the earlier bars it is an assumption, not a measurement",False,217.0,289.0225356125351,0.2830420261064782,"DOES NOT PASS: no horizon beats the spread with significance. The best is short at 60 bars with net +289.02 pt over 108 observations, but p=0.283 (standard error 502.1 pt): indistinguishable from zero. No SL/TP combination can rescue a signal without an edge.",0.013623978201634877,False,,5910.0,,,,,,,,,,,,,,,,,,,,,[],,,,,,,,,,,,
ema-trend-filter,EURUSD.r,M15,gate,stopped at gate zero,,True,True,True,0.014945622219214697,0.007472811109607349,"spread is 1.5% of one ATR (1 of 67 points), 0.7% of a 2x ATR stop. The spread was measured from 2025-05-01, after this series begins (2025-01-01): for the earlier bars it is an assumption, not a measurement",False,1057.0,13.845413298578045,0.16723317626282141,"DOES NOT PASS: no horizon beats the spread with significance. The best is short at 30 bars with net +13.85 pt over 528 observations, but p=0.167 (standard error 14.3 pt): indistinguishable from zero. No SL/TP combination can rescue a signal without an edge.",0.03664302600472813,False,,24862.0,,,,,,,,,,,,,,,,,,,,,[],,,,,,,,,,,,
ema-trend-filter,EURUSD.r,H1,gate,stopped at gate zero,,True,True,True,0.007084351436781753,0.0035421757183908766,"spread is 0.7% of one ATR (1 of 141 points), 0.4% of a 2x ATR stop. The spread was measured from 2025-05-01, after this series begins (2025-01-01): for the earlier bars it is an assumption, not a measurement",False,298.0,62.64312900348389,0.24345601320246124,"DOES NOT PASS: no horizon beats the spread with significance. The best is short at 120 bars with net +62.64 pt over 146 observations, but p=0.243 (standard error 89.9 pt): indistinguishable from zero. No SL/TP combination can rescue a signal without an edge.",0.03099173553719008,False,,6217.0,,,,,,,,,,,,,,,,,,,,,[],,,,,,,,,,,,
ema-trend-filter,GBPUSD.r,M5,gate,stopped at gate zero,,True,True,True,0.06908527196296996,0.03454263598148498,"spread is 6.9% of one ATR (3 of 43 points), 3.5% of a 2x ATR stop. The spread was measured from 2025-04-30, after this series begins (2025-01-01): for the earlier bars it is an assumption, not a measurement",False,3355.0,11.54001082110302,0.11925036440188408,"DOES NOT PASS: no horizon beats the spread with significance. The best is short at 120 bars with net +11.54 pt over 1671 observations, but p=0.119 (standard error 9.8 pt): indistinguishable from zero. No SL/TP combination can rescue a signal without an edge.",0.02440488097619524,False,,74575.0,,,,,,,,,,,,,,,,,,,,,[],,,,,,,,,,,,
ema-trend-filter,GBPUSD.r,M15,gate,stopped at gate zero,,True,True,True,0.03798759603022251,0.018993798015111255,"spread is 3.8% of one ATR (3 of 79 points), 1.9% of a 2x ATR stop. The spread was measured from 2025-04-30, after this series begins (2025-01-01): for the earlier bars it is an assumption, not a measurement",False,1033.0,41.84592357470219,0.06874944008420059,"DOES NOT PASS: no horizon beats the spread with significance. The best is long at 120 bars with net +41.85 pt over 516 observations, but p=0.069 (standard error 28.1 pt): indistinguishable from zero. No SL/TP combination can rescue a signal without an edge.",0.02389078498293515,False,,24862.0,,,,,,,,,,,,,,,,,,,,,[],,,,,,,,,,,,
ema-trend-filter,GBPUSD.r,H1,gate,stopped at gate zero,,True,True,True,0.01833031074831257,0.009165155374156285,"spread is 1.8% of one ATR (3 of 164 points), 0.9% of a 2x ATR stop. The spread was measured from 2025-04-30, after this series begins (2025-01-01): for the earlier bars it is an assumption, not a measurement",False,229.0,57.375847226593066,0.301058264345915,"DOES NOT PASS: no horizon beats the spread with significance. The best is short at 120 bars with net +57.38 pt over 111 observations, but p=0.301 (standard error 109.7 pt): indistinguishable from zero. No SL/TP combination can rescue a signal without an edge.",0.015424164524421595,False,,6217.0,,,,,,,,,,,,,,,,,,,,,[],,,,,,,,,,,,
ema-trend-filter,USDJPY.r,M5,gate,stopped at gate zero,,True,True,True,0.04875132052427126,0.02437566026213563,"spread is 4.9% of one ATR (3 of 62 points), 2.4% of a 2x ATR stop. The spread was measured from 2025-05-01, after this series begins (2025-01-01): for the earlier bars it is an assumption, not a measurement",False,3056.0,5.369421263276735,0.3600644819178894,"DOES NOT PASS: no horizon beats the spread with significance. The best is short at 120 bars with net +5.37 pt over 1526 observations, but p=0.360 (standard error 15.0 pt): indistinguishable from zero. No SL/TP combination can rescue a signal without an edge.",0.02796376526191414,False,,74575.0,,,,,,,,,,,,,,,,,,,,,[],,,,,,,,,,,,
ema-trend-filter,USDJPY.r,H1,gate,stopped at gate zero,,True,True,True,0.012680335786393626,0.006340167893196813,"spread is 1.3% of one ATR (3 of 237 points), 0.6% of a 2x ATR stop. The spread was measured from 2025-05-01, after this series begins (2025-01-01): for the earlier bars it is an assumption, not a measurement",False,257.0,190.39414692818485,0.1299844196428399,"DOES NOT PASS: no horizon beats the spread with significance. The best is long at 120 bars with net +190.39 pt over 123 observations, but p=0.130 (standard error 168.2 pt): indistinguishable from zero. No SL/TP combination can rescue a signal without an edge.",0.018306636155606407,False,,6217.0,,,,,,,,,,,,,,,,,,,,,[],,,,,,,,,,,,
ema-trend-filter,AUDUSD.r,M5,gate,stopped at gate zero,,True,True,True,0.11277434641895488,0.05638717320947744,"spread is 11.3% of one ATR (3 of 27 points), 5.6% of a 2x ATR stop. The spread was measured from 2025-05-01, after this series begins (2025-01-01): for the earlier bars it is an assumption, not a measurement",False,3243.0,3.810815914648269,0.2604303929908791,"DOES NOT PASS: no horizon beats the spread with significance. The best is short at 120 bars with net +3.81 pt over 1622 observations, but p=0.260 (standard error 5.9 pt): indistinguishable from zero. No SL/TP combination can rescue a signal without an edge.",0.04104785478547855,False,,74576.0,,,,,,,,,,,,,,,,,,,,,[],,,,,,,,,,,,
ema-trend-filter,AUDUSD.r,M15,gate,stopped at gate zero,,True,True,True,0.061809654362676575,0.030904827181338287,"spread is 6.2% of one ATR (3 of 49 points), 3.1% of a 2x ATR stop. The spread was measured from 2025-05-01, after this series begins (2025-01-01): for the earlier bars it is an assumption, not a measurement",False,1049.0,5.0559952321725135,0.39040791995105795,"DOES NOT PASS: no horizon beats the spread with significance. The best is long at 120 bars with net +5.06 pt over 523 observations, but p=0.390 (standard error 18.2 pt): indistinguishable from zero. No SL/TP combination can rescue a signal without an edge.",0.040889526542324243,False,,24862.0,,,,,,,,,,,,,,,,,,,,,[],,,,,,,,,,,,
ema-trend-filter,AUDUSD.r,H1,gate,stopped at gate zero,,True,True,True,0.029514020877138194,0.014757010438569097,"spread is 3.0% of one ATR (3 of 102 points), 1.5% of a 2x ATR stop. The spread was measured from 2025-05-01, after this series begins (2025-01-01): for the earlier bars it is an assumption, not a measurement",False,280.0,24.56118363754139,0.23520133957295097,"DOES NOT PASS: no horizon beats the spread with significance. The best is long at 30 bars with net +24.56 pt over 139 observations, but p=0.235 (standard error 33.9 pt): indistinguishable from zero. No SL/TP combination can rescue a signal without an edge.",0.03260869565217391,False,,6217.0,,,,,,,,,,,,,,,,,,,,,[],,,,,,,,,,,,
ema-trend-filter,USDCAD.r,M5,tradability,refused before testing: spread too large for the stop,,False,False,True,0.154334934563466,0.077167467281733,"spread is 15.4% of one ATR (5 of 32 points), 7.7% of a 2x ATR stop. The spread was measured from 2025-05-01, after this series begins (2025-01-01): for the earlier bars it is an assumption, not a measurement - above the 15% threshold: no realistic edge covers this, so nothing is tested here",,,,,,,,,,,,,,,,,,,,,,,,,,,,,,[],,,,,,,,,,,,
ema-trend-filter,USDCAD.r,M15,gate,stopped at gate zero,,True,True,True,0.08275183472507573,0.041375917362537866,"spread is 8.3% of one ATR (5 of 60 points), 4.1% of a 2x ATR stop. The spread was measured from 2025-05-01, after this series begins (2025-01-01): for the earlier bars it is an assumption, not a measurement",False,1032.0,38.421187360705765,0.0703886857769771,"DOES NOT PASS: no horizon beats the spread with significance. The best is short at 120 bars with net +38.42 pt over 513 observations, but p=0.070 (standard error 26.0 pt): indistinguishable from zero. No SL/TP combination can rescue a signal without an edge.",0.0404432132963989,False,,24861.0,,,,,,,,,,,,,,,,,,,,,[],,,,,,,,,,,,
ema-trend-filter,XTIUSD,M5,tradability,refused before testing: spread too large for the stop,,False,False,True,0.38268648260293725,0.19134324130146863,"spread is 38.3% of one ATR (30 of 78 points), 19.1% of a 2x ATR stop. The spread was measured from 2025-04-02, after this series begins (2025-01-01): for the earlier bars it is an assumption, not a measurement - above the 15% threshold: no realistic edge covers this, so nothing is tested here",,,,,,,,,,,,,,,,,,,,,,,,,,,,,,[],,,,,,,,,,,,
ema-trend-filter,XTIUSD,M15,tradability,refused before testing: spread too large for the stop,,False,False,True,0.2097685163410908,0.1048842581705454,"spread is 21.0% of one ATR (30 of 143 points), 10.5% of a 2x ATR stop. The spread was measured from 2025-04-02, after this series begins (2025-01-01): for the earlier bars it is an assumption, not a measurement - above the 15% threshold: no realistic edge covers this, so nothing is tested here",,,,,,,,,,,,,,,,,,,,,,,,,,,,,,[],,,,,,,,,,,,
ema-trend-filter,XTIUSD,H1,gate,stopped at gate zero,,True,True,True,0.09936100937431996,0.04968050468715998,"spread is 9.9% of one ATR (30 of 302 points), 5.0% of a 2x ATR stop. The spread was measured from 2025-04-02, after this series begins (2025-01-01): for the earlier bars it is an assumption, not a measurement",False,275.0,142.70457561594844,0.2309302748418507,"DOES NOT PASS: no horizon beats the spread with significance. The best is short at 120 bars with net +142.70 pt over 135 observations, but p=0.231 (standard error 193.4 pt): indistinguishable from zero. No SL/TP combination can rescue a signal without an edge.",0.03417266187050359,False,,5897.0,,,,,,,,,,,,,,,,,,,,,[],,,,,,,,,,,,
ema-trend-filter,XBRUSD,M5,tradability,refused before testing: spread too large for the stop,,False,False,True,0.3736059959889987,0.18680299799449934,"spread is 37.4% of one ATR (30 of 80 points), 18.7% of a 2x ATR stop. The spread was measured from 2025-02-14, after this series begins (2025-01-02): for the earlier bars it is an assumption, not a measurement - above the 15% threshold: no realistic edge covers this, so nothing is tested here",,,,,,,,,,,,,,,,,,,,,,,,,,,,,,[],,,,,,,,,,,,
ema-trend-filter,XBRUSD,M15,tradability,refused before testing: spread too large for the stop,,False,False,True,0.20582618941711706,0.10291309470855853,"spread is 20.6% of one ATR (30 of 146 points), 10.3% of a 2x ATR stop. The spread was measured from 2025-02-14, after this series begins (2025-01-02): for the earlier bars it is an assumption, not a measurement - above the 15% threshold: no realistic edge covers this, so nothing is tested here",,,,,,,,,,,,,,,,,,,,,,,,,,,,,,[],,,,,,,,,,,,
atr-volatility-breakout,XAUUSD.r,H1,gate,stopped at gate zero,,True,True,True,0.0069514518298570685,0.0034757259149285342,"spread is 0.7% of one ATR (7 of 1007 points), 0.3% of a 2x ATR stop. The spread was measured from 2025-04-02, after this series begins (2025-01-01): for the earlier bars it is an assumption, not a measurement",False,318.0,290.8029059829057,0.2895042349041599,"DOES NOT PASS: no horizon beats the spread with significance. The best is short at 60 bars with net +290.80 pt over 126 observations, but p=0.290 (standard error 522.8 pt): indistinguishable from zero. No SL/TP combination can rescue a signal without an edge.",0.015151515151515152,False,,5910.0,,,,,,,,,,,,,,,,,,,,,[],,,,,,,,,,,,
atr-volatility-breakout,XAGUSD.r,M5,tradability,refused before testing: spread too large for the stop,,False,False,True,0.2747013429897955,0.13735067149489774,"spread is 27.5% of one ATR (13 of 47 points), 13.7% of a 2x ATR stop. The spread was measured from 2025-04-03, after this series begins (2025-01-01): for the earlier bars it is an assumption, not a measurement - above the 15% threshold: no realistic edge covers this, so nothing is tested here",,,,,,,,,,,,,,,,,,,,,,,,,,,,,,[],,,,,,,,,,,,
atr-volatility-breakout,XAGUSD.r,M15,tradability,refused before testing: spread too large for the stop,,False,False,True,0.1531519181613204,0.0765759590806602,"spread is 15.3% of one ATR (13 of 85 points), 7.7% of a 2x ATR stop. The spread was measured from 2025-04-03, after this series begins (2025-01-01): for the earlier bars it is an assumption, not a measurement - above the 15% threshold: no realistic edge covers this, so nothing is tested here",,,,,,,,,,,,,,,,,,,,,,,,,,,,,,[],,,,,,,,,,,,
atr-volatility-breakout,XAGUSD.r,H1,gate,stopped at gate zero,,True,True,True,0.07839288082149688,0.03919644041074844,"spread is 7.8% of one ATR (13 of 166 points), 3.9% of a 2x ATR stop. The spread was measured from 2025-04-03, after this series begins (2025-01-01): for the earlier bars it is an assumption, not a measurement",False,286.0,171.40359186811895,0.06055100319025275,"DOES NOT PASS: no horizon beats the spread with significance. The best is short at 60 bars with net +171.40 pt over 121 observations, but p=0.061 (standard error 109.8 pt): indistinguishable from zero. No SL/TP combination can rescue a signal without an edge.",0.07180385288966724,False,,5907.0,,,,,,,,,,,,,,,,,,,,,[],,,,,,,,,,,,
atr-volatility-breakout,XAUEUR.r,M5,gate,stopped at gate zero,,True,True,True,0.041319921661323644,0.020659960830661822,"spread is 4.1% of one ATR (10 of 242 points), 2.1% of a 2x ATR stop. The spread was measured from 2025-04-04, after this series begins (2025-01-01): for the earlier bars it is an assumption, not a measurement",False,3299.0,-4.2328205474018645,0.5592293488840652,"DOES NOT PASS: no horizon beats the spread with significance. The best is long at 30 bars with net -4.23 pt over 1675 observations, but p=0.559 (standard error 28.4 pt): indistinguishable from zero. No SL/TP combination can rescue a signal without an edge.",0.02684563758389262,False,,70858.0,,,,,,,,,,,,,,,,,,,,,[],,,,,,,,,,,,
atr-volatility-breakout,XAUEUR.r,M15,gate,stopped at gate zero,,True,True,True,0.0231828751392269,0.01159143756961345,"spread is 2.3% of one ATR (10 of 431 points), 1.2% of a 2x ATR stop. The spread was measured from 2025-04-04, after this series begins (2025-01-01): for the earlier bars it is an assumption, not a measurement",False,1160.0,-18.423407731163195,0.5701351932597303,"DOES NOT PASS: no horizon beats the spread with significance. The best is long at 60 bars with net -18.42 pt over 628 observations, but p=0.570 (standard error 104.2 pt): indistinguishable from zero. No SL/TP combination can rescue a signal without an edge.",0.026361031518624643,False,,23623.0,,,,,,,,,,,,,,,,,,,,,[],,,,,,,,,,,,
atr-volatility-breakout,XAUEUR.r,H1,gate,stopped at gate zero,,True,True,True,0.011421207978907643,0.005710603989453822,"spread is 1.1% of one ATR (10 of 876 points), 0.6% of a 2x ATR stop. The spread was measured from 2025-04-04, after this series begins (2025-01-01): for the earlier bars it is an assumption, not a measurement",False,290.0,283.1258278672235,0.24266443621648404,"DOES NOT PASS: no horizon beats the spread with significance. The best is long at 60 bars with net +283.13 pt over 172 observations, but p=0.243 (standard error 404.9 pt): indistinguishable from zero. No SL/TP combination can rescue a signal without an edge.",0.016460905349794237,False,,5910.0,,,,,,,,,,,,,,,,,,,,,[],,,,,,,,,,,,
atr-volatility-breakout,EURUSD.r,M5,gate,stopped at gate zero,,True,True,True,0.027474659058689503,0.013737329529344752,"spread is 2.7% of one ATR (1 of 36 points), 1.4% of a 2x ATR stop. The spread was measured from 2025-05-01, after this series begins (2025-01-01): for the earlier bars it is an assumption, not a measurement",False,3586.0,6.510048330360576,0.22878099717338563,"DOES NOT PASS: no horizon beats the spread with significance. The best is short at 120 bars with net +6.51 pt over 1733 observations, but p=0.229 (standard error 8.8 pt): indistinguishable from zero. No SL/TP combination can rescue a signal without an edge.",0.03498764023578627,False,,74572.0,,,,,,,,,,,,,,,,,,,,,[],,,,,,,,,,,,
atr-volatility-breakout,EURUSD.r,M15,gate,stopped at gate zero,,True,True,True,0.014945622219214697,0.007472811109607349,"spread is 1.5% of one ATR (1 of 67 points), 0.7% of a 2x ATR stop. The spread was measured from 2025-05-01, after this series begins (2025-01-01): for the earlier bars it is an assumption, not a measurement",False,1272.0,8.97710561675747,0.3584395261862938,"DOES NOT PASS: no horizon beats the spread with significance. The best is long at 120 bars with net +8.98 pt over 689 observations, but p=0.358 (standard error 24.7 pt): indistinguishable from zero. No SL/TP combination can rescue a signal without an edge.",0.03664302600472813,False,,24862.0,,,,,,,,,,,,,,,,,,,,,[],,,,,,,,,,,,
atr-volatility-breakout,EURUSD.r,H1,gate,stopped at gate zero,,True,True,True,0.007084351436781753,0.0035421757183908766,"spread is 0.7% of one ATR (1 of 141 points), 0.4% of a 2x ATR stop. The spread was measured from 2025-05-01, after this series begins (2025-01-01): for the earlier bars it is an assumption, not a measurement",False,306.0,59.99921050341405,0.12489190279958551,"DOES NOT PASS: no horizon beats the spread with significance. The best is long at 30 bars with net +60.00 pt over 156 observations, but p=0.125 (standard error 51.9 pt): indistinguishable from zero. No SL/TP combination can rescue a signal without an edge.",0.033766233766233764,False,,6217.0,,,,,,,,,,,,,,,,,,,,,[],,,,,,,,,,,,
atr-volatility-breakout,GBPUSD.r,M5,gate,stopped at gate zero,,True,True,True,0.06908527196296996,0.03454263598148498,"spread is 6.9% of one ATR (3 of 43 points), 3.5% of a 2x ATR stop. The spread was measured from 2025-04-30, after this series begins (2025-01-01): for the earlier bars it is an assumption, not a measurement",False,3654.0,12.88877450216384,0.0872585552813,"DOES NOT PASS: no horizon beats the spread with significance. The best is long at 120 bars with net +12.89 pt over 1817 observations, but p=0.087 (standard error 9.5 pt): indistinguishable from zero. No SL/TP combination can rescue a signal without an edge.",0.02397773496039392,False,,74575.0,,,,,,,,,,,,,,,,,,,,,[],,,,,,,,,,,,
atr-volatility-breakout,GBPUSD.r,M15,gate,stopped at gate zero,,True,True,True,0.03798759603022251,0.018993798015111255,"spread is 3.8% of one ATR (3 of 79 points), 1.9% of a 2x ATR stop. The spread was measured from 2025-04-30, after this series begins (2025-01-01): for the earlier bars it is an assumption, not a measurement",False,1293.0,4.004292701938354,0.4403825257816212,"DOES NOT PASS: no horizon beats the spread with significance. The best is short at 120 bars with net +4.00 pt over 638 observations, but p=0.440 (standard error 26.7 pt): indistinguishable from zero. No SL/TP combination can rescue a signal without an edge.",0.02289077828646174,False,,24862.0,,,,,,,,,,,,,,,,,,,,,[],,,,,,,,,,,,
atr-volatility-breakout,USDJPY.r,M15,gate,stopped at gate zero,,True,True,True,0.026588597351210812,0.013294298675605406,"spread is 2.7% of one ATR (3 of 113 points), 1.3% of a 2x ATR stop. The spread was measured from 2025-05-01, after this series begins (2025-01-01): for the earlier bars it is an assumption, not a measurement",False,1278.0,22.775086262498252,0.22318597534140283,"DOES NOT PASS: no horizon beats the spread with significance. The best is long at 60 bars with net +22.78 pt over 599 observations, but p=0.223 (standard error 29.9 pt): indistinguishable from zero. No SL/TP combination can rescue a signal without an edge.",0.02382528127068167,False,,24862.0,,,,,,,,,,,,,,,,,,,,,[],,,,,,,,,,,,
atr-volatility-breakout,AUDUSD.r,M5,gate,stopped at gate zero,,True,True,True,0.11277434641895488,0.05638717320947744,"spread is 11.3% of one ATR (3 of 27 points), 5.6% of a 2x ATR stop. The spread was measured from 2025-05-01, after this series begins (2025-01-01): for the earlier bars it is an assumption, not a measurement",False,3524.0,-4.819770256140081,0.9992657231721445,"DOES NOT PASS: no horizon beats the spread with significance. The best is long at 5 bars with net -4.82 pt over 1709 observations, but p=0.999 (standard error 1.5 pt): indistinguishable from zero. No SL/TP combination can rescue a signal without an edge.",0.04044729954794194,False,,74576.0,,,,,,,,,,,,,,,,,,,,,[],,,,,,,,,,,,
atr-volatility-breakout,AUDUSD.r,M15,gate,stopped at gate zero,,True,True,True,0.061809654362676575,0.030904827181338287,"spread is 6.2% of one ATR (3 of 49 points), 3.1% of a 2x ATR stop. The spread was measured from 2025-05-01, after this series begins (2025-01-01): for the earlier bars it is an assumption, not a measurement",False,1215.0,-8.307832134571253,0.800217511818361,"DOES NOT PASS: no horizon beats the spread with significance. The best is short at 30 bars with net -8.31 pt over 571 observations, but p=0.800 (standard error 9.9 pt): indistinguishable from zero. No SL/TP combination can rescue a signal without an edge.",0.04056047197640118,False,,24862.0,,,,,,,,,,,,,,,,,,,,,[],,,,,,,,,,,,
atr-volatility-breakout,AUDUSD.r,H1,gate,stopped at gate zero,,True,True,True,0.029514020877138194,0.014757010438569097,"spread is 3.0% of one ATR (3 of 102 points), 1.5% of a 2x ATR stop. The spread was measured from 2025-05-01, after this series begins (2025-01-01): for the earlier bars it is an assumption, not a measurement",False,320.0,-5.991889786676756,0.6537561072335775,"DOES NOT PASS: no horizon beats the spread with significance. The best is short at 5 bars with net -5.99 pt over 155 observations, but p=0.654 (standard error 15.1 pt): indistinguishable from zero. No SL/TP combination can rescue a signal without an edge.",0.029972752043596732,False,,6217.0,,,,,,,,,,,,,,,,,,,,,[],,,,,,,,,,,,
atr-volatility-breakout,USDCAD.r,M5,tradability,refused before testing: spread too large for the stop,,False,False,True,0.154334934563466,0.077167467281733,"spread is 15.4% of one ATR (5 of 32 points), 7.7% of a 2x ATR stop. The spread was measured from 2025-05-01, after this series begins (2025-01-01): for the earlier bars it is an assumption, not a measurement - above the 15% threshold: no realistic edge covers this, so nothing is tested here",,,,,,,,,,,,,,,,,,,,,,,,,,,,,,[],,,,,,,,,,,,
atr-volatility-breakout,USDCAD.r,M15,gate,stopped at gate zero,,True,True,True,0.08275183472507573,0.041375917362537866,"spread is 8.3% of one ATR (5 of 60 points), 4.1% of a 2x ATR stop. The spread was measured from 2025-05-01, after this series begins (2025-01-01): for the earlier bars it is an assumption, not a measurement",False,1193.0,13.769760507418937,0.2943339995395149,"DOES NOT PASS: no horizon beats the spread with significance. The best is short at 120 bars with net +13.77 pt over 577 observations, but p=0.294 (standard error 25.4 pt): indistinguishable from zero. No SL/TP combination can rescue a signal without an edge.",0.04159021406727829,False,,24861.0,,,,,,,,,,,,,,,,,,,,,[],,,,,,,,,,,,
atr-volatility-breakout,USDCAD.r,H1,gate,stopped at gate zero,,True,True,True,0.039514386483911625,0.019757193241955812,"spread is 4.0% of one ATR (5 of 127 points), 2.0% of a 2x ATR stop. The spread was measured from 2025-05-01, after this series begins (2025-01-01): for the earlier bars it is an assumption, not a measurement",False,309.0,38.827606483884516,0.18523700024551593,"DOES NOT PASS: no horizon beats the spread with significance. The best is short at 30 bars with net +38.83 pt over 152 observations, but p=0.185 (standard error 43.2 pt): indistinguishable from zero. No SL/TP combination can rescue a signal without an edge.",0.042713567839195984,False,,6217.0,,,,,,,,,,,,,,,,,,,,,[],,,,,,,,,,,,
atr-volatility-breakout,XTIUSD,M5,tradability,refused before testing: spread too large for the stop,,False,False,True,0.38268648260293725,0.19134324130146863,"spread is 38.3% of one ATR (30 of 78 points), 19.1% of a 2x ATR stop. The spread was measured from 2025-04-02, after this series begins (2025-01-01): for the earlier bars it is an assumption, not a measurement - above the 15% threshold: no realistic edge covers this, so nothing is tested here",,,,,,,,,,,,,,,,,,,,,,,,,,,,,,[],,,,,,,,,,,,
atr-volatility-breakout,XTIUSD,M15,tradability,refused before testing: spread too large for the stop,,False,False,True,0.2097685163410908,0.1048842581705454,"spread is 21.0% of one ATR (30 of 143 points), 10.5% of a 2x ATR stop. The spread was measured from 2025-04-02, after this series begins (2025-01-01): for the earlier bars it is an assumption, not a measurement - above the 15% threshold: no realistic edge covers this, so nothing is tested here",,,,,,,,,,,,,,,,,,,,,,,,,,,,,,[],,,,,,,,,,,,
atr-volatility-breakout,XTIUSD,H1,gate,stopped at gate zero,,True,True,True,0.09936100937431996,0.04968050468715998,"spread is 9.9% of one ATR (30 of 302 points), 5.0% of a 2x ATR stop. The spread was measured from 2025-04-02, after this series begins (2025-01-01): for the earlier bars it is an assumption, not a measurement",False,341.0,96.30519396572073,0.30011603508607654,"DOES NOT PASS: no horizon beats the spread with significance. The best is long at 60 bars with net +96.31 pt over 163 observations, but p=0.300 (standard error 183.4 pt): indistinguishable from zero. No SL/TP combination can rescue a signal without an edge.",0.03002309468822171,False,,5897.0,,,,,,,,,,,,,,,,,,,,,[],,,,,,,,,,,,
atr-volatility-breakout,XBRUSD,M5,tradability,refused before testing: spread too large for the stop,,False,False,True,0.3736059959889987,0.18680299799449934,"spread is 37.4% of one ATR (30 of 80 points), 18.7% of a 2x ATR stop. The spread was measured from 2025-02-14, after this series begins (2025-01-02): for the earlier bars it is an assumption, not a measurement - above the 15% threshold: no realistic edge covers this, so nothing is tested here",,,,,,,,,,,,,,,,,,,,,,,,,,,,,,[],,,,,,,,,,,,
atr-volatility-breakout,XBRUSD,M15,tradability,refused before testing: spread too large for the stop,,False,False,True,0.20582618941711706,0.10291309470855853,"spread is 20.6% of one ATR (30 of 146 points), 10.3% of a 2x ATR stop. The spread was measured from 2025-02-14, after this series begins (2025-01-02): for the earlier bars it is an assumption, not a measurement - above the 15% threshold: no realistic edge covers this, so nothing is tested here",,,,,,,,,,,,,,,,,,,,,,,,,,,,,,[],,,,,,,,,,,,
atr-volatility-breakout,XBRUSD,H1,gate,stopped at gate zero,,True,True,True,0.09835577978039388,0.04917788989019694,"spread is 9.8% of one ATR (30 of 305 points), 4.9% of a 2x ATR stop. The spread was measured from 2025-02-14, after this series begins (2025-01-02): for the earlier bars it is an assumption, not a measurement",False,295.0,84.45107916689128,0.12056137845011317,"DOES NOT PASS: no horizon beats the spread with significance. The best is short at 5 bars with net +84.45 pt over 155 observations, but p=0.121 (standard error 71.8 pt): indistinguishable from zero. No SL/TP combination can rescue a signal without an edge.",0.029239766081871343,False,,5384.0,,,,,,,,,,,,,,,,,,,,,[],,,,,,,,,,,,
