strategy_id,symbol,timeframe,stage_reached,status,error,counts_as_attempt,tradable,tradability_judged,spread_atr_ratio,spread_stop_share,tradability_reason,gate_passed,gate_signals,gate_best_net_points,gate_best_p_value,gate_verdict,expected_ambiguous_share,ambiguity_flag,run_id,bars,trades,net_pnl,final_equity,sharpe_per_trade,sharpe_annualized,mean_r,win_rate,max_drawdown_pct,p_value,ambiguous_share,band_money,signals,gate_rejected,gate_rejected_share,structural_rejected_share,discretionary_rejected_share,equity_rejected_share,gates_materially_altered,top_gate,top_gate_share,gate_warnings,spread_charged_median,spread_zero_share,spread_trustworthy,spread_measured_share,spread_assumed_bars,relaxed_trades,relaxed_net_pnl,relaxed_sharpe_per_trade,relaxed_verdict,permutation_p_value,permutation_kind,permutation_iterations
rsi-mean-reversion,AUDUSD.r,D1,backtest,too few trades (27 < 30),,True,True,True,0.004762306669942238,0.002381153334971119,"spread is 0.5% of one ATR (3 of 630 points), 0.2% of a 2x ATR stop. The spread was measured from 2025-05-01, after this series begins (2021-05-25): for the earlier bars it is an assumption, not a measurement",True,35,1334.3294801890247,0.008329217628855412,"PASSES on 4 of 15 combinations. Best: both at 30 bars, net +1068.72 pt (p=0.0020). Caution: with 15 parallel tests some positives at the 5% level are expected by chance; confirm out-of-sample.",0.0071174377224199285,False,6d2647d2657f297e,1370,27.0,80.88173773259689,180.88173773259686,0.4869734732048125,0.9510026103822863,0.2381437456751065,0.8148148148148148,0.1735142693575586,0.017787804760233783,0.0,0.0,35.0,8.0,0.22857142857142856,0.22857142857142856,0.0,0.0,True,position_open,0.22857142857142856,"['signal while already in a position rejected 8 of 35 signals (23%): above 20%, this gate is selecting the trades rather than trimming the tail']",3.0,0.0,True,0.0,1370.0,,,,"23% of the signals were rejected, 23% of them because a position was already open. That is structural to a one-position engine and cannot be relaxed; the discretionary gates rejected 0%, so there is nothing to open",,,
rsi-mean-reversion,XTIUSD,D1,permutation,ok,,True,True,True,0.01314985639032265,0.006574928195161325,"spread is 1.3% of one ATR (30 of 2281 points), 0.7% of a 2x ATR stop. The spread was measured from 2025-04-02, after this series begins (2020-02-23): for the earlier bars it is an assumption, not a measurement",True,46,17515.787394713912,0.0011114481066887283,"PASSES on 1 of 15 combinations. Best: both at 120 bars, net +5306.65 pt (p=0.0318). Caution: with 15 parallel tests some positives at the 5% level are expected by chance; confirm out-of-sample.",0.0706896551724138,False,026a31792a3f6aef,1685,38.0,350.13770054556676,450.1377005455667,0.22512538411860725,0.6590762684062823,0.10415008689349518,0.7368421052631579,0.8185982126545969,0.17350959836599045,0.0,0.0,46.0,8.0,0.17391304347826086,0.17391304347826086,0.0,0.0,False,position_open,0.17391304347826086,[],30.0,0.0,True,0.0,1685.0,,,,,0.03482587064676617,random_entries,200.0
rsi-mean-reversion,AUDUSD.r,H4,permutation,ok,,True,True,True,0.012199373219038539,0.006099686609519269,"spread is 1.2% of one ATR (3 of 246 points), 0.6% of a 2x ATR stop. The spread was measured from 2025-05-01, after this series begins (2021-05-25): for the earlier bars it is an assumption, not a measurement",True,228,260.95367159094906,0.032648056193582575,"PASSES on 11 of 15 combinations. Best: both at 15 bars, net +117.92 pt (p=0.0025). Caution: with 15 parallel tests some positives at the 5% level are expected by chance; confirm out-of-sample.",0.030203545633617858,False,fc9511ff12c32e59,8214,172.0,115.43606104153989,215.43606104153986,0.19897280154700508,0.9334858015214602,0.14560570143622228,0.7616279069767442,0.20088101510915976,0.009871220254285218,0.0,0.0,228.0,56.0,0.24561403508771928,0.24561403508771928,0.0,0.0,True,position_open,0.24561403508771928,"['signal while already in a position rejected 56 of 228 signals (25%): above 20%, this gate is selecting the trades rather than trimming the tail']",3.0,0.0,True,0.0,8214.0,,,,"25% of the signals were rejected, 25% of them because a position was already open. That is structural to a one-position engine and cannot be relaxed; the discretionary gates rejected 0%, so there is nothing to open",0.004975124378109453,random_entries,200.0
ma-crossover,AUDUSD.r,H4,permutation,ok,,True,True,True,0.012199373219038539,0.006099686609519269,"spread is 1.2% of one ATR (3 of 246 points), 0.6% of a 2x ATR stop. The spread was measured from 2025-05-01, after this series begins (2021-05-25): for the earlier bars it is an assumption, not a measurement",True,53,507.1664880818112,0.002687898476448236,"PASSES on 1 of 15 combinations. Best: both at 30 bars, net +264.30 pt (p=0.0257). Caution: with 15 parallel tests some positives at the 5% level are expected by chance; confirm out-of-sample.",0.007518796992481203,False,e7585f1462736e6a,8214,49.0,62.94886638682466,162.9488663868246,0.17972517621899936,0.6188016436731344,0.17816348103644375,0.40816326530612246,0.165085694100043,0.21444986154499368,0.0,0.0,53.0,4.0,0.07547169811320754,0.07547169811320754,0.0,0.0,False,position_open,0.07547169811320754,[],3.0,0.0,True,0.0,8214.0,,,,,0.05970149253731343,random_entries,200.0
rsi-mean-reversion,USDCAD.r,D1,permutation,ok,,True,True,True,0.006510206023604206,0.003255103011802103,"spread is 0.7% of one ATR (5 of 768 points), 0.3% of a 2x ATR stop. The spread was measured from 2025-05-01, after this series begins (2021-05-25): for the earlier bars it is an assumption, not a measurement",True,41,2268.662133333331,0.0006177682699877174,"PASSES on 3 of 15 combinations. Best: both at 120 bars, net +2027.17 pt (p=0.0002). Caution: with 15 parallel tests some positives at the 5% level are expected by chance; confirm out-of-sample.",0.023183925811437404,False,bf541a5eccaaf95b,1370,30.0,32.76866228180524,132.7686622818052,0.1718114247310439,0.43475957442404434,0.07875885801163411,0.7333333333333333,0.191848445833695,0.3544526798084342,0.0,0.0,41.0,11.0,0.2682926829268293,0.2682926829268293,0.0,0.0,True,position_open,0.2682926829268293,"['signal while already in a position rejected 11 of 41 signals (27%): above 20%, this gate is selecting the trades rather than trimming the tail']",5.0,0.0,True,0.0,1370.0,,,,"27% of the signals were rejected, 27% of them because a position was already open. That is structural to a one-position engine and cannot be relaxed; the discretionary gates rejected 0%, so there is nothing to open",0.07960199004975124,random_entries,200.0
bollinger-mean-reversion,AUDUSD.r,H4,permutation,ok,,True,True,True,0.012199373219038539,0.006099686609519269,"spread is 1.2% of one ATR (3 of 246 points), 0.6% of a 2x ATR stop. The spread was measured from 2025-05-01, after this series begins (2021-05-25): for the earlier bars it is an assumption, not a measurement",True,487,167.6633078279367,0.05744118626422512,"PASSES on 4 of 15 combinations. Best: both at 15 bars, net +81.24 pt (p=0.0043). Caution: with 15 parallel tests some positives at the 5% level are expected by chance; confirm out-of-sample.",0.02981119576018549,False,13187bb33bec4992,8214,420.0,293.00881857269917,393.00881857269906,0.14525741923387586,1.2561003229792873,0.08777654426092572,0.7285714285714285,0.2220655587105863,0.0030807331754514333,0.002380952380952381,9.338534203090433,487.0,67.0,0.1375770020533881,0.1375770020533881,0.0,0.0,False,position_open,0.1375770020533881,[],3.0,0.0,True,0.0,8214.0,,,,,0.004975124378109453,random_entries,200.0
macd-signal,GBPUSD.r,D1,permutation,ok,,True,True,True,0.0032331466889170043,0.0016165733444585021,"spread is 0.3% of one ATR (3 of 928 points), 0.2% of a 2x ATR stop. The spread was measured from 2025-04-30, after this series begins (2021-05-25): for the earlier bars it is an assumption, not a measurement",True,87,1255.0133122323605,0.0449095677848137,"PASSES on 3 of 15 combinations. Best: short at 5 bars, net +613.43 pt (p=0.0057). Caution: with 15 parallel tests some positives at the 5% level are expected by chance; confirm out-of-sample.",0.016393442622950817,False,629089bc31e770d5,1370,43.0,131.43364612409079,231.43364612409067,0.09827516416869123,0.5636550399513174,0.18972824157895177,0.4186046511627907,0.6927245273487324,0.5227987386204469,0.0,0.0,87.0,44.0,0.5057471264367817,0.5057471264367817,0.0,0.0,True,position_open,0.5057471264367817,"['signal while already in a position rejected 44 of 87 signals (51%): above 20%, this gate is selecting the trades rather than trimming the tail']",3.0,0.0,True,0.0,1370.0,,,,"51% of the signals were rejected, 51% of them because a position was already open. That is structural to a one-position engine and cannot be relaxed; the discretionary gates rejected 0%, so there is nothing to open",0.12437810945273632,random_entries,200.0
ema-trend-filter,USDJPY.r,H4,permutation,ok,,True,True,True,0.006604612117296079,0.0033023060586480396,"spread is 0.7% of one ATR (3 of 454 points), 0.3% of a 2x ATR stop. The spread was measured from 2025-05-01, after this series begins (2021-05-25): for the earlier bars it is an assumption, not a measurement",True,299,723.0112378186449,0.020827780287583475,"PASSES on 1 of 15 combinations. Best: long at 120 bars, net +723.01 pt (p=0.0208). Caution: with 15 parallel tests some positives at the 5% level are expected by chance; confirm out-of-sample.",0.03821656050955414,False,1b87c675084fc60e,8214,98.0,84.04203476447975,184.0420347644798,0.0981954385356249,0.535775518124544,0.04307265694293733,0.35714285714285715,0.4229421860989747,0.33342597606466695,0.0,0.0,299.0,201.0,0.6722408026755853,0.6722408026755853,0.0,0.0,True,position_open,0.6722408026755853,"['signal while already in a position rejected 201 of 299 signals (67%): above 20%, this gate is selecting the trades rather than trimming the tail']",3.0,0.0,True,0.0,8214.0,,,,"67% of the signals were rejected, 67% of them because a position was already open. That is structural to a one-position engine and cannot be relaxed; the discretionary gates rejected 0%, so there is nothing to open",0.024875621890547265,random_entries,200.0
macd-signal,AUDUSD.r,D1,permutation,ok,,True,True,True,0.004762306669942238,0.002381153334971119,"spread is 0.5% of one ATR (3 of 630 points), 0.2% of a 2x ATR stop. The spread was measured from 2025-05-01, after this series begins (2021-05-25): for the earlier bars it is an assumption, not a measurement",True,104,480.70640000000014,0.13752184470273754,"PASSES on 1 of 15 combinations. Best: long at 30 bars, net +472.66 pt (p=0.0375). Caution: with 15 parallel tests some positives at the 5% level are expected by chance; confirm out-of-sample.",0.0,False,58cf5ddd14747b4f,1370,40.0,55.66152201734895,155.661522017349,0.08060081763142535,0.42624026769343787,0.13791666229053662,0.4,0.6853088750903233,0.6130893562229827,0.0,0.0,104.0,64.0,0.6153846153846154,0.6153846153846154,0.0,0.0,True,position_open,0.6153846153846154,"['signal while already in a position rejected 64 of 104 signals (62%): above 20%, this gate is selecting the trades rather than trimming the tail']",3.0,0.0,True,0.0,1370.0,,,,"62% of the signals were rejected, 62% of them because a position was already open. That is structural to a one-position engine and cannot be relaxed; the discretionary gates rejected 0%, so there is nothing to open",0.11442786069651742,random_entries,200.0
roc-momentum,XAUEUR.r,H4,permutation,ok,,True,True,True,0.010087175386279757,0.005043587693139878,"spread is 1.0% of one ATR (10 of 991 points), 0.5% of a 2x ATR stop. The spread was measured from 2025-04-04, after this series begins (2021-06-21): for the earlier bars it is an assumption, not a measurement",True,971,476.30308738664985,0.04042268956492534,"PASSES on 1 of 15 combinations. Best: long at 30 bars, net +476.30 pt (p=0.0404). Caution: with 15 parallel tests some positives at the 5% level are expected by chance; confirm out-of-sample.",0.07093821510297482,False,3097a191459dfd85,8053,239.0,3444.4725191003754,3544.4725191003736,0.06241464451309942,1.3090257142989967,0.11615429991850813,0.38493723849372385,0.9819068326928391,0.3355708040695675,0.0,0.0,971.0,732.0,0.7538619979402678,0.7538619979402678,0.0,0.0,True,position_open,0.7538619979402678,"['signal while already in a position rejected 732 of 971 signals (75%): above 20%, this gate is selecting the trades rather than trimming the tail']",10.0,0.0,True,0.0,8053.0,,,,"75% of the signals were rejected, 75% of them because a position was already open. That is structural to a one-position engine and cannot be relaxed; the discretionary gates rejected 0%, so there is nothing to open",0.009950248756218905,random_entries,200.0
rsi-mean-reversion,AUDUSD.r,H1,permutation,ok,,True,True,True,0.025799096276849957,0.012899548138424978,"spread is 2.6% of one ATR (3 of 116 points), 1.3% of a 2x ATR stop. The spread was measured from 2025-05-01, after this series begins (2021-05-25): for the earlier bars it is an assumption, not a measurement",True,1013,82.09346808074653,0.003452201391072829,"PASSES on 9 of 15 combinations. Best: both at 60 bars, net +66.39 pt (p=0.0011). Caution: with 15 parallel tests some positives at the 5% level are expected by chance; confirm out-of-sample.",0.04220167010864686,False,f10be4a6c68b3b1f,32849,809.0,54.87454214409102,154.8745421440909,0.040889613435663504,0.4685347049171144,0.03045030814754917,0.6860321384425216,0.37711664779602555,0.2451646554638376,0.0,0.0,1013.0,204.0,0.20138203356367226,0.20138203356367226,0.0,0.0,True,position_open,0.20138203356367226,"['signal while already in a position rejected 204 of 1013 signals (20%): above 20%, this gate is selecting the trades rather than trimming the tail']",3.0,0.0,True,0.12694450363785809,28679.0,,,,"20% of the signals were rejected, 20% of them because a position was already open. That is structural to a one-position engine and cannot be relaxed; the discretionary gates rejected 0%, so there is nothing to open",0.029850746268656716,random_entries,200.0
bollinger-breakout,USDJPY.r,H4,permutation,ok,,True,True,True,0.006604612117296079,0.0033023060586480396,"spread is 0.7% of one ATR (3 of 454 points), 0.3% of a 2x ATR stop. The spread was measured from 2025-05-01, after this series begins (2021-05-25): for the earlier bars it is an assumption, not a measurement",True,455,267.85550881790004,0.13712966372836388,"PASSES on 2 of 15 combinations. Best: short at 5 bars, net +168.31 pt (p=0.0091). Caution: with 15 parallel tests some positives at the 5% level are expected by chance; confirm out-of-sample.",0.039316239316239315,False,43953331395b6664,8214,260.0,84.12192857100207,184.1219285710019,0.027931412286743874,0.4872758583376369,0.08601497694782471,0.36538461538461536,0.6030484973137652,0.6528128768471073,0.0038461538461538464,14.646888775940312,455.0,195.0,0.42857142857142855,0.42857142857142855,0.0,0.0,True,position_open,0.42857142857142855,"['signal while already in a position rejected 195 of 455 signals (43%): above 20%, this gate is selecting the trades rather than trimming the tail']",3.0,0.0,True,0.0,8214.0,,,,"43% of the signals were rejected, 43% of them because a position was already open. That is structural to a one-position engine and cannot be relaxed; the discretionary gates rejected 0%, so there is nothing to open",0.208955223880597,random_entries,200.0
macd-signal,USDJPY.r,H4,permutation,ok,,True,True,True,0.006604612117296079,0.0033023060586480396,"spread is 0.7% of one ATR (3 of 454 points), 0.3% of a 2x ATR stop. The spread was measured from 2025-05-01, after this series begins (2021-05-25): for the earlier bars it is an assumption, not a measurement",True,589,232.94620195461897,0.1564416906750481,"PASSES on 2 of 15 combinations. Best: both at 5 bars, net +104.43 pt (p=0.0013). Caution: with 15 parallel tests some positives at the 5% level are expected by chance; confirm out-of-sample.",0.03827751196172249,False,4aad7448df46ccfc,8214,249.0,60.094509416603245,160.09450941660324,0.025080563346598927,0.4378606662767766,0.10965504073826732,0.37751004016064255,0.9204113937710817,0.6926189337471143,0.004016064257028112,21.869512065899613,589.0,340.0,0.5772495755517827,0.5772495755517827,0.0,0.0,True,position_open,0.5772495755517827,"['signal while already in a position rejected 340 of 589 signals (58%): above 20%, this gate is selecting the trades rather than trimming the tail']",3.0,0.0,True,0.0,8214.0,,,,"58% of the signals were rejected, 58% of them because a position was already open. That is structural to a one-position engine and cannot be relaxed; the discretionary gates rejected 0%, so there is nothing to open",0.1791044776119403,random_entries,200.0
rsi-mean-reversion,GBPUSD.r,D1,backtest,too few trades (28 < 30),,True,True,True,0.0032331466889170043,0.0016165733444585021,"spread is 0.3% of one ATR (3 of 928 points), 0.2% of a 2x ATR stop. The spread was measured from 2025-04-30, after this series begins (2021-05-25): for the earlier bars it is an assumption, not a measurement",True,37,2291.9250703093635,0.041324507201425,"PASSES on 1 of 15 combinations. Best: both at 15 bars, net +496.71 pt (p=0.0494). Caution: with 15 parallel tests some positives at the 5% level are expected by chance; confirm out-of-sample.",0.015384615384615384,False,133016348e4a0b1f,1370,28.0,7.747269207359588,107.7472692073596,0.023484432059936788,0.2005434630225617,0.009503201672890765,0.6785714285714286,0.5292106212949997,0.902023689500282,0.0,0.0,37.0,9.0,0.24324324324324326,0.24324324324324326,0.0,0.0,True,position_open,0.24324324324324326,"['signal while already in a position rejected 9 of 37 signals (24%): above 20%, this gate is selecting the trades rather than trimming the tail']",3.0,0.0,True,0.0,1370.0,,,,"24% of the signals were rejected, 24% of them because a position was already open. That is structural to a one-position engine and cannot be relaxed; the discretionary gates rejected 0%, so there is nothing to open",,,
ma-crossover,XTIUSD,H1,permutation,ok,,True,True,True,0.07499984076297975,0.037499920381489873,"spread is 7.5% of one ATR (30 of 400 points), 3.7% of a 2x ATR stop. The spread was measured from 2025-04-02, after this series begins (2020-02-23): for the earlier bars it is an assumption, not a measurement",True,233,437.52506054006113,0.045106367592965046,"PASSES on 1 of 15 combinations. Best: short at 60 bars, net +437.53 pt (p=0.0451). Caution: with 15 parallel tests some positives at the 5% level are expected by chance; confirm out-of-sample.",0.048548677112766496,False,3d02576ec57d2217,38564,228.0,95.82309254512138,195.82309254512137,0.023383796183964654,0.5125157448520351,0.10957092479581697,0.3684210526315789,0.8786153920252372,0.7243504452490921,0.0,0.0,233.0,5.0,0.02145922746781116,0.02145922746781116,0.0,0.0,False,position_open,0.02145922746781116,[],30.0,0.0,True,0.1145368737682813,34147.0,,,,,0.06965174129353234,random_entries,200.0
bollinger-mean-reversion,EURUSD.r,H1,permutation,ok,,True,True,True,0.007679899323800575,0.0038399496619002877,"spread is 0.8% of one ATR (1 of 130 points), 0.4% of a 2x ATR stop. The spread was measured from 2025-05-01, after this series begins (2020-01-02): for the earlier bars it is an assumption, not a measurement",True,2710,25.79671912804281,0.1926799406479972,"PASSES on 1 of 15 combinations. Best: long at 15 bars, net +16.53 pt (p=0.0484). Caution: with 15 parallel tests some positives at the 5% level are expected by chance; confirm out-of-sample.",0.06629045417459886,False,a711fca2d9ec6c5d,41530,2376.0,97.40091489789775,197.40091489789765,0.017087423956025236,0.5089021200309835,0.012323534474569237,0.6742424242424242,0.3283454621287253,0.4049773598254962,0.010942760942760943,104.30783241724386,2710.0,334.0,0.12324723247232472,0.12324723247232472,0.0,0.0,False,position_open,0.12324723247232472,[],1.0,0.0,True,0.10033710570671804,37363.0,,,,,0.06467661691542288,random_entries,200.0
rsi-mean-reversion,GBPUSD.r,H1,permutation,ok,,True,True,True,0.018020655893110193,0.009010327946555097,"spread is 1.8% of one ATR (3 of 166 points), 0.9% of a 2x ATR stop. The spread was measured from 2025-04-30, after this series begins (2021-05-25): for the earlier bars it is an assumption, not a measurement",True,998,50.030616257222235,0.13324347227545696,"PASSES on 1 of 15 combinations. Best: short at 15 bars, net +38.67 pt (p=0.0436). Caution: with 15 parallel tests some positives at the 5% level are expected by chance; confirm out-of-sample.",0.05116024118399415,False,747091eff2f27c24,32848,818.0,30.886919498399617,130.8869194983994,0.015062110037600619,0.327168940100828,0.012214891172827421,0.6735941320293398,0.3969217085256553,0.6667369655669426,0.011002444987775062,32.70593742337999,998.0,180.0,0.18036072144288579,0.18036072144288579,0.0,0.0,False,position_open,0.18036072144288579,[],3.0,0.0,True,0.12713102776424745,28672.0,,,,,0.18407960199004975,random_entries,200.0
atr-volatility-breakout,USDJPY.r,H1,permutation,ok,,True,True,True,0.014470336124596027,0.007235168062298013,"spread is 1.4% of one ATR (3 of 207 points), 0.7% of a 2x ATR stop. The spread was measured from 2025-05-01, after this series begins (2021-05-25): for the earlier bars it is an assumption, not a measurement",True,1661,34.10297192573519,0.17364864007626557,"PASSES on 1 of 15 combinations. Best: long at 5 bars, net +25.94 pt (p=0.0432). Caution: with 15 parallel tests some positives at the 5% level are expected by chance; confirm out-of-sample.",0.04177433247200689,False,62e2a0406fee92a6,32849,935.0,51.286772556767005,151.2867725567671,0.01252700853794918,0.39838294063249335,0.06756376639848224,0.3582887700534759,0.5538222484657016,0.7017713480492522,0.0032085561497326204,16.76553783647904,1661.0,726.0,0.4370860927152318,0.4370860927152318,0.0,0.0,True,position_open,0.4370860927152318,"['signal while already in a position rejected 726 of 1661 signals (44%): above 20%, this gate is selecting the trades rather than trimming the tail']",3.0,0.0,True,0.12685317665682364,28682.0,,,,"44% of the signals were rejected, 44% of them because a position was already open. That is structural to a one-position engine and cannot be relaxed; the discretionary gates rejected 0%, so there is nothing to open",0.18407960199004975,random_entries,200.0
bollinger-breakout,USDJPY.r,H1,permutation,ok,,True,True,True,0.014470336124596027,0.007235168062298013,"spread is 1.4% of one ATR (3 of 207 points), 0.7% of a 2x ATR stop. The spread was measured from 2025-05-01, after this series begins (2021-05-25): for the earlier bars it is an assumption, not a measurement",True,1992,63.5220324499266,0.03451877852371599,"PASSES on 3 of 15 combinations. Best: both at 15 bars, net +36.60 pt (p=0.0109). Caution: with 15 parallel tests some positives at the 5% level are expected by chance; confirm out-of-sample.",0.042068699343882666,False,21a941c11a687d20,32849,1051.0,86.47782238548965,186.4778223854896,0.010794065911760695,0.492114768686394,0.11083336215949449,0.37297811607992387,0.5947186174149518,0.7264582366033601,0.0028544243577545195,45.79005112294328,1992.0,941.0,0.4723895582329317,0.4723895582329317,0.0,0.0,True,position_open,0.4723895582329317,"['signal while already in a position rejected 941 of 1992 signals (47%): above 20%, this gate is selecting the trades rather than trimming the tail']",3.0,0.0,True,0.12685317665682364,28682.0,,,,"47% of the signals were rejected, 47% of them because a position was already open. That is structural to a one-position engine and cannot be relaxed; the discretionary gates rejected 0%, so there is nothing to open",0.07462686567164178,random_entries,200.0
atr-volatility-breakout,USDCAD.r,H4,permutation,ok,,True,True,True,0.017307692096939768,0.008653846048469884,"spread is 1.7% of one ATR (5 of 289 points), 0.9% of a 2x ATR stop. The spread was measured from 2025-05-01, after this series begins (2021-05-25): for the earlier bars it is an assumption, not a measurement",True,398,70.7267876720666,0.0249497859136647,"PASSES on 1 of 15 combinations. Best: short at 5 bars, net +70.73 pt (p=0.0249). Caution: with 15 parallel tests some positives at the 5% level are expected by chance; confirm out-of-sample.",0.014112903225806451,False,6f0c83090b28db7d,8214,218.0,11.395161754301625,111.39516175430161,0.008877845783097374,0.22039145940301189,0.05850043196811362,0.3669724770642202,0.6362531793798112,0.8958336050921762,0.0,0.0,398.0,180.0,0.45226130653266333,0.45226130653266333,0.0,0.0,True,position_open,0.45226130653266333,"['signal while already in a position rejected 180 of 398 signals (45%): above 20%, this gate is selecting the trades rather than trimming the tail']",5.0,0.0,True,0.0,8214.0,,,,"45% of the signals were rejected, 45% of them because a position was already open. That is structural to a one-position engine and cannot be relaxed; the discretionary gates rejected 0%, so there is nothing to open",0.3383084577114428,random_entries,200.0
bollinger-mean-reversion,USDCAD.r,H4,permutation,ok,,True,True,True,0.017307692096939768,0.008653846048469884,"spread is 1.7% of one ATR (5 of 289 points), 0.9% of a 2x ATR stop. The spread was measured from 2025-05-01, after this series begins (2021-05-25): for the earlier bars it is an assumption, not a measurement",True,497,95.35792378343356,0.04076753490666141,"PASSES on 3 of 15 combinations. Best: both at 15 bars, net +74.38 pt (p=0.0239). Caution: with 15 parallel tests some positives at the 5% level are expected by chance; confirm out-of-sample.",0.04238143289606458,False,9944cd486a9e304e,8214,416.0,8.682842917352252,108.68284291735218,0.007390938633183115,0.1852029509813971,-0.007524520091192462,0.6658653846153846,0.348584774161287,0.8802492013556482,0.009615384615384616,23.651105802212406,497.0,81.0,0.16297786720321933,0.16297786720321933,0.0,0.0,False,position_open,0.16297786720321933,[],5.0,0.0,True,0.0,8214.0,,,,,0.32338308457711445,random_entries,200.0
bollinger-mean-reversion,AUDUSD.r,D1,backtest,negative net PnL: nothing to attack with a null,,True,True,True,0.004762306669942238,0.002381153334971119,"spread is 0.5% of one ATR (3 of 630 points), 0.2% of a 2x ATR stop. The spread was measured from 2025-05-01, after this series begins (2021-05-25): for the earlier bars it is an assumption, not a measurement",True,74,918.3943293347864,0.02816290188648507,"PASSES on 6 of 15 combinations. Best: both at 30 bars, net +730.64 pt (p=0.0003). Caution: with 15 parallel tests some positives at the 5% level are expected by chance; confirm out-of-sample.",0.005703422053231939,False,0abb2e4b822f1baf,1370,61.0,-3.043465577650786,96.95653442234928,-0.005920302139873873,0.39555752071089767,-0.000813036165637129,0.6721311475409836,0.9014603819657437,0.9632732869520964,0.0,0.0,74.0,13.0,0.17567567567567569,0.17567567567567569,0.0,0.0,False,position_open,0.17567567567567569,[],3.0,0.0,True,0.0,1370.0,,,,,,,
rsi-mean-reversion,EURUSD.r,H4,backtest,negative net PnL: nothing to attack with a null,,True,True,True,0.0036368097491996437,0.0018184048745998218,"spread is 0.4% of one ATR (1 of 275 points), 0.2% of a 2x ATR stop. The spread was measured from 2025-05-01, after this series begins (2020-01-02): for the earlier bars it is an assumption, not a measurement",True,330,187.49649208261775,0.11008607126786851,"PASSES on 1 of 15 combinations. Best: long at 30 bars, net +178.66 pt (p=0.0183). Caution: with 15 parallel tests some positives at the 5% level are expected by chance; confirm out-of-sample.",0.0472125900240064,False,e9ca11903a5c1074,10385,253.0,-7.1341873246459215,92.86581267535396,-0.0070626355727888696,0.06020841299467093,-0.016077767355124818,0.6600790513833992,0.45193849645115436,0.9106447691369053,0.011857707509881422,22.617704176210516,330.0,77.0,0.23333333333333334,0.23333333333333334,0.0,0.0,True,position_open,0.23333333333333334,"['signal while already in a position rejected 77 of 330 signals (23%): above 20%, this gate is selecting the trades rather than trimming the tail']",1.0,0.0,True,0.0,10385.0,,,,"23% of the signals were rejected, 23% of them because a position was already open. That is structural to a one-position engine and cannot be relaxed; the discretionary gates rejected 0%, so there is nothing to open",,,
ema-trend-filter,USDJPY.r,H1,backtest,negative net PnL: nothing to attack with a null,,True,True,True,0.014470336124596027,0.007235168062298013,"spread is 1.4% of one ATR (3 of 207 points), 0.7% of a 2x ATR stop. The spread was measured from 2025-05-01, after this series begins (2021-05-25): for the earlier bars it is an assumption, not a measurement",True,1172,241.87351377917506,0.001417779139631925,"PASSES on 2 of 15 combinations. Best: short at 120 bars, net +241.87 pt (p=0.0014). Caution: with 15 parallel tests some positives at the 5% level are expected by chance; confirm out-of-sample.",0.042232831435916274,False,ac6579a8b9774b14,32849,381.0,-16.10457158291895,83.89542841708109,-0.010495937698197486,0.21286817386669257,0.022088750353095758,0.3438320209973753,0.7996587254226184,0.8377814092664482,0.0,0.0,1172.0,791.0,0.6749146757679181,0.6749146757679181,0.0,0.0,True,position_open,0.6749146757679181,"['signal while already in a position rejected 791 of 1172 signals (67%): above 20%, this gate is selecting the trades rather than trimming the tail']",3.0,0.0,True,0.12685317665682364,28682.0,,,,"67% of the signals were rejected, 67% of them because a position was already open. That is structural to a one-position engine and cannot be relaxed; the discretionary gates rejected 0%, so there is nothing to open",,,
bollinger-breakout,XAGUSD.r,H1,backtest,negative net PnL: nothing to attack with a null,,True,True,True,0.09745965302803648,0.04872982651401824,"spread is 9.7% of one ATR (13 of 133 points), 4.9% of a 2x ATR stop. The spread was measured from 2025-04-03, after this series begins (2020-02-27): for the earlier bars it is an assumption, not a measurement",True,2390,45.39369643135424,0.027992412449090343,"PASSES on 1 of 15 combinations. Best: long at 15 bars, net +45.39 pt (p=0.0280). Caution: with 15 parallel tests some positives at the 5% level are expected by chance; confirm out-of-sample.",0.16881150643451928,False,f4f4b2441f3df795,38517,241.0,-109.86412298919844,-9.864122989198293,-0.014746741237866071,0.021773747554653406,0.011878555105183323,0.34439834024896265,1.0176644609122216,0.8191175138863118,0.0,0.0,2390.0,2149.0,0.899163179916318,0.10753138075313808,0.0,0.7916317991631799,True,insufficient_equity,0.7916317991631799,"['equity too small for the minimum lot rejected 1892 of 2390 signals (79%): above 20%, this gate is selecting the trades rather than trimming the tail']",13.0,0.0,True,0.11405353480281434,34124.0,,,,"90% of the signals never became trades, and 79% of them because the account no longer held enough equity for the broker's minimum lot. That is not a risk block choosing trades, it is a strategy that lost the money it needed to keep trading: the equity curve after that point is a flat line, not a result",,,
stochastic-reversal,XTIUSD,H4,backtest,negative net PnL: nothing to attack with a null,,True,True,True,0.03646448827569436,0.01823224413784718,"spread is 3.6% of one ATR (30 of 823 points), 1.8% of a 2x ATR stop. The spread was measured from 2025-04-02, after this series begins (2020-02-23): for the earlier bars it is an assumption, not a measurement",True,759,586.1446363317104,0.025083673068978296,"PASSES on 3 of 15 combinations. Best: short at 60 bars, net +586.14 pt (p=0.0251). Caution: with 15 parallel tests some positives at the 5% level are expected by chance; confirm out-of-sample.",0.09217286189181022,False,303cb28dba601e28,10094,256.0,-103.21133266806379,-3.2113326680639105,-0.015699318012820856,0.47819578751136116,0.04401437741409855,0.6953125,1.006821545267905,0.80187021677788,0.00390625,39.18405231115207,759.0,503.0,0.6627140974967062,0.039525691699604744,0.0,0.6231884057971014,True,insufficient_equity,0.6231884057971014,"['equity too small for the minimum lot rejected 473 of 759 signals (62%): above 20%, this gate is selecting the trades rather than trimming the tail']",30.0,0.0,True,0.0,10094.0,,,,"66% of the signals never became trades, and 62% of them because the account no longer held enough equity for the broker's minimum lot. That is not a risk block choosing trades, it is a strategy that lost the money it needed to keep trading: the equity curve after that point is a flat line, not a result",,,
ema-trend-filter,EURUSD.r,H1,backtest,negative net PnL: nothing to attack with a null,,True,True,True,0.007679899323800575,0.0038399496619002877,"spread is 0.8% of one ATR (1 of 130 points), 0.4% of a 2x ATR stop. The spread was measured from 2025-05-01, after this series begins (2020-01-02): for the earlier bars it is an assumption, not a measurement",True,1609,69.06998490251003,0.045223929386493666,"PASSES on 1 of 15 combinations. Best: short at 120 bars, net +69.07 pt (p=0.0452). Caution: with 15 parallel tests some positives at the 5% level are expected by chance; confirm out-of-sample.",0.02371273712737127,False,a174d89584db7f77,41530,532.0,-35.51842642664455,64.4815735733553,-0.016503274347759125,0.09377049957273312,-0.04539267790218688,0.31954887218045114,0.5680226609312526,0.7036151381012545,0.007518796992481203,22.377616416003406,1609.0,1077.0,0.6693598508390305,0.6693598508390305,0.0,0.0,True,position_open,0.6693598508390305,"['signal while already in a position rejected 1077 of 1609 signals (67%): above 20%, this gate is selecting the trades rather than trimming the tail']",1.0,0.0,True,0.10033710570671804,37363.0,,,,"67% of the signals were rejected, 67% of them because a position was already open. That is structural to a one-position engine and cannot be relaxed; the discretionary gates rejected 0%, so there is nothing to open",,,
stochastic-reversal,XAUEUR.r,H4,backtest,negative net PnL: nothing to attack with a null,,True,True,True,0.010087175386279757,0.005043587693139878,"spread is 1.0% of one ATR (10 of 991 points), 0.5% of a 2x ATR stop. The spread was measured from 2025-04-04, after this series begins (2021-06-21): for the earlier bars it is an assumption, not a measurement",True,582,688.8683068186401,0.18378714993503564,"PASSES on 1 of 15 combinations. Best: short at 5 bars, net +314.29 pt (p=0.0422). Caution: with 15 parallel tests some positives at the 5% level are expected by chance; confirm out-of-sample.",0.135048231511254,False,3c4ae8adb958346a,8053,374.0,-126.44884619513803,-26.448846195137463,-0.016833995448481364,-0.04825643981871059,0.0230805222662812,0.6871657754010695,1.1061498363224898,0.7449443821591979,0.0,0.0,582.0,208.0,0.35738831615120276,0.09450171821305842,0.0,0.26288659793814434,True,insufficient_equity,0.26288659793814434,"['equity too small for the minimum lot rejected 153 of 582 signals (26%): above 20%, this gate is selecting the trades rather than trimming the tail']",10.0,0.0,True,0.0,8053.0,,,,"36% of the signals never became trades, and 26% of them because the account no longer held enough equity for the broker's minimum lot. That is not a risk block choosing trades, it is a strategy that lost the money it needed to keep trading: the equity curve after that point is a flat line, not a result",,,
bollinger-mean-reversion,EURUSD.r,H4,backtest,negative net PnL: nothing to attack with a null,,True,True,True,0.0036368097491996437,0.0018184048745998218,"spread is 0.4% of one ATR (1 of 275 points), 0.2% of a 2x ATR stop. The spread was measured from 2025-05-01, after this series begins (2020-01-02): for the earlier bars it is an assumption, not a measurement",True,633,125.64888346418215,0.02499032471829188,"PASSES on 1 of 15 combinations. Best: short at 30 bars, net +125.65 pt (p=0.0250). Caution: with 15 parallel tests some positives at the 5% level are expected by chance; confirm out-of-sample.",0.048793423495094135,False,d25c74d83750dbd4,10385,540.0,-35.74647864637228,64.25352135362766,-0.01691054016249076,0.5549647752841738,-0.009386640003615903,0.6648148148148149,0.9418793139314906,0.6945003739351792,0.007407407407407408,32.24813631020234,633.0,93.0,0.14691943127962084,0.14691943127962084,0.0,0.0,False,position_open,0.14691943127962084,[],1.0,0.0,True,0.0,10385.0,,,,,,,
roc-momentum,USDCAD.r,D1,backtest,negative net PnL: nothing to attack with a null,,True,True,True,0.006510206023604206,0.003255103011802103,"spread is 0.7% of one ATR (5 of 768 points), 0.3% of a 2x ATR stop. The spread was measured from 2025-05-01, after this series begins (2021-05-25): for the earlier bars it is an assumption, not a measurement",True,177,718.4926285714296,0.0430697145958534,"PASSES on 2 of 15 combinations. Best: short at 120 bars, net +718.49 pt (p=0.0431). Caution: with 15 parallel tests some positives at the 5% level are expected by chance; confirm out-of-sample.",0.0,False,37d014522f542f58,1370,44.0,-11.863875281604246,88.13612471839578,-0.01922256845000101,0.18583158894220628,-0.043989537596120204,0.3409090909090909,0.5323776813741979,0.8991327077522717,0.0,0.0,177.0,133.0,0.751412429378531,0.751412429378531,0.0,0.0,True,position_open,0.751412429378531,"['signal while already in a position rejected 133 of 177 signals (75%): above 20%, this gate is selecting the trades rather than trimming the tail']",5.0,0.0,True,0.0,1370.0,,,,"75% of the signals were rejected, 75% of them because a position was already open. That is structural to a one-position engine and cannot be relaxed; the discretionary gates rejected 0%, so there is nothing to open",,,
stochastic-reversal,AUDUSD.r,H1,backtest,negative net PnL: nothing to attack with a null,,True,True,True,0.025799096276849957,0.012899548138424978,"spread is 2.6% of one ATR (3 of 116 points), 1.3% of a 2x ATR stop. The spread was measured from 2025-05-01, after this series begins (2021-05-25): for the earlier bars it is an assumption, not a measurement",True,2439,33.544366014253974,0.043350856475063315,"PASSES on 2 of 15 combinations. Best: both at 60 bars, net +23.45 pt (p=0.0410). Caution: with 15 parallel tests some positives at the 5% level are expected by chance; confirm out-of-sample.",0.04425956738768719,False,825b5e42d67f7033,32849,2074.0,-68.25642753930869,31.74357246069137,-0.020087931044626632,0.10442131234323686,-0.02675341943551489,0.6485053037608486,0.9458993834958069,0.36038817840450443,0.01253616200578592,73.24563577598491,2439.0,365.0,0.14965149651496515,0.14965149651496515,0.0,0.0,False,position_open,0.14965149651496515,[],3.0,0.0,True,0.12694450363785809,28679.0,,,,,,,
bollinger-breakout,USDCAD.r,D1,backtest,negative net PnL: nothing to attack with a null,,True,True,True,0.006510206023604206,0.003255103011802103,"spread is 0.7% of one ATR (5 of 768 points), 0.3% of a 2x ATR stop. The spread was measured from 2025-05-01, after this series begins (2021-05-25): for the earlier bars it is an assumption, not a measurement",True,85,498.91078244274667,0.1904650246312003,"PASSES on 1 of 15 combinations. Best: short at 5 bars, net +366.35 pt (p=0.0162). Caution: with 15 parallel tests some positives at the 5% level are expected by chance; confirm out-of-sample.",0.0,False,fd5153a769ae0abd,1370,40.0,-15.023421223045982,84.97657877695403,-0.02575484585140152,0.27269229058636507,-0.0033670979855635053,0.35,0.790254251227946,0.8714477685625286,0.0,0.0,85.0,45.0,0.5294117647058824,0.5294117647058824,0.0,0.0,True,position_open,0.5294117647058824,"['signal while already in a position rejected 45 of 85 signals (53%): above 20%, this gate is selecting the trades rather than trimming the tail']",5.0,0.0,True,0.0,1370.0,,,,"53% of the signals were rejected, 53% of them because a position was already open. That is structural to a one-position engine and cannot be relaxed; the discretionary gates rejected 0%, so there is nothing to open",,,
bollinger-breakout,XAUEUR.r,H1,backtest,negative net PnL: nothing to attack with a null,,True,True,True,0.01997877587435218,0.00998938793717609,"spread is 2.0% of one ATR (10 of 501 points), 1.0% of a 2x ATR stop. The spread was measured from 2025-04-04, after this series begins (2021-06-21): for the earlier bars it is an assumption, not a measurement",True,1876,236.60300654200785,0.01678422094994214,"PASSES on 3 of 15 combinations. Best: long at 15 bars, net +193.75 pt (p=0.0028). Caution: with 15 parallel tests some positives at the 5% level are expected by chance; confirm out-of-sample.",0.07813898001789442,False,7e49e77d912823ed,30777,278.0,-103.54793810501695,-3.5479381050166374,-0.02831011112838113,0.28724607402964253,-0.006460797136601735,0.34532374100719426,1.0176581826031266,0.6372813655754197,0.0035971223021582736,15.96489171373264,1876.0,1598.0,0.8518123667377399,0.16257995735607675,0.0,0.6892324093816631,True,insufficient_equity,0.6892324093816631,"['equity too small for the minimum lot rejected 1293 of 1876 signals (69%): above 20%, this gate is selecting the trades rather than trimming the tail']",10.0,0.0,True,0.14247652467751892,26392.0,,,,"85% of the signals never became trades, and 69% of them because the account no longer held enough equity for the broker's minimum lot. That is not a risk block choosing trades, it is a strategy that lost the money it needed to keep trading: the equity curve after that point is a flat line, not a result",,,
bollinger-breakout,XAUUSD.r,H4,backtest,negative net PnL: nothing to attack with a null,,True,True,True,0.006385539213631889,0.0031927696068159445,"spread is 0.6% of one ATR (7 of 1096 points), 0.3% of a 2x ATR stop. The spread was measured from 2025-04-02, after this series begins (2020-02-27): for the earlier bars it is an assumption, not a measurement",True,599,350.78116341715656,0.020943218183732237,"PASSES on 2 of 15 combinations. Best: both at 5 bars, net +285.85 pt (p=0.0172). Caution: with 15 parallel tests some positives at the 5% level are expected by chance; confirm out-of-sample.",0.06967615309126596,False,577ef1fc52ee087b,10076,142.0,-117.75060957987277,-17.75060957987282,-0.028422647402919218,-0.3405188471072748,0.0334394790582899,0.36619718309859156,1.0588202456495244,0.7353434048819198,0.0,0.0,599.0,457.0,0.7629382303839732,0.24373956594323873,0.0,0.5191986644407346,True,insufficient_equity,0.5191986644407346,"['equity too small for the minimum lot rejected 311 of 599 signals (52%): above 20%, this gate is selecting the trades rather than trimming the tail', 'signal while already in a position rejected 146 of 599 signals (24%): above 20%, this gate is selecting the trades rather than trimming the tail']",7.0,0.0,True,0.0,10076.0,,,,"76% of the signals never became trades, and 52% of them because the account no longer held enough equity for the broker's minimum lot. That is not a risk block choosing trades, it is a strategy that lost the money it needed to keep trading: the equity curve after that point is a flat line, not a result",,,
rsi-mean-reversion,EURUSD.r,D1,backtest,negative net PnL: nothing to attack with a null,,True,True,True,0.0013375010023585125,0.0006687505011792563,"spread is 0.1% of one ATR (1 of 748 points), 0.1% of a 2x ATR stop. The spread was measured from 2025-05-01, after this series begins (2020-01-01): for the earlier bars it is an assumption, not a measurement",True,50,811.8043858094218,0.015353435337003285,"PASSES on 1 of 15 combinations. Best: both at 15 bars, net +545.53 pt (p=0.0056). Caution: with 15 parallel tests some positives at the 5% level are expected by chance; confirm out-of-sample.",0.014450867052023121,False,177f95affa4e7114,1732,38.0,-14.604799296646839,85.39520070335317,-0.03697697826378801,0.23054959247882637,-0.0313869187868194,0.6578947368421053,0.8324408787980616,0.8209467936008001,0.0,0.0,50.0,12.0,0.24,0.24,0.0,0.0,True,position_open,0.24,"['signal while already in a position rejected 12 of 50 signals (24%): above 20%, this gate is selecting the trades rather than trimming the tail']",1.0,0.0,True,0.0,1732.0,,,,"24% of the signals were rejected, 24% of them because a position was already open. That is structural to a one-position engine and cannot be relaxed; the discretionary gates rejected 0%, so there is nothing to open",,,
atr-volatility-breakout,XAGUSD.r,H4,backtest,too few trades (26 < 30),,True,True,True,0.047892780583584524,0.023946390291792262,"spread is 4.8% of one ATR (13 of 271 points), 2.4% of a 2x ATR stop. The spread was measured from 2025-04-03, after this series begins (2020-02-27): for the earlier bars it is an assumption, not a measurement",True,487,370.4307607619814,0.04372630365013852,"PASSES on 1 of 15 combinations. Best: short at 120 bars, net +370.43 pt (p=0.0437). Caution: with 15 parallel tests some positives at the 5% level are expected by chance; confirm out-of-sample.",0.1561181434599156,False,e05ff1689d59ba81,10079,26.0,-105.21410832932328,-5.214108329323352,-0.044225599256766855,-0.09113994373685805,0.21672054868916943,0.4230769230769231,1.0096625947251576,0.8234180439369294,0.0,0.0,487.0,461.0,0.946611909650924,0.028747433264887063,0.0,0.917864476386037,True,insufficient_equity,0.917864476386037,"['equity too small for the minimum lot rejected 447 of 487 signals (92%): above 20%, this gate is selecting the trades rather than trimming the tail']",13.0,0.0,True,0.0,10079.0,,,,"95% of the signals never became trades, and 92% of them because the account no longer held enough equity for the broker's minimum lot. That is not a risk block choosing trades, it is a strategy that lost the money it needed to keep trading: the equity curve after that point is a flat line, not a result",,,
bollinger-mean-reversion,XAUUSD.r,H1,backtest,negative net PnL: nothing to attack with a null,,True,True,True,0.012728058057192923,0.006364029028596461,"spread is 1.3% of one ATR (7 of 550 points), 0.6% of a 2x ATR stop. The spread was measured from 2025-04-02, after this series begins (2020-02-27): for the earlier bars it is an assumption, not a measurement",True,2357,515.0501295417679,0.026254846585023195,"PASSES on 2 of 15 combinations. Best: long at 60 bars, net +449.63 pt (p=0.0086). Caution: with 15 parallel tests some positives at the 5% level are expected by chance; confirm out-of-sample.",0.16266075388026607,False,957bfd7e22841403,38510,292.0,-108.66170533434965,-8.661705334349511,-0.04450886363952622,-0.032090114917847086,-0.06746905030202409,0.6198630136986302,1.045157218417085,0.44753106998498327,0.00684931506849315,22.90526549763672,2357.0,2065.0,0.8761137038608401,0.022486211285532458,0.0,0.8536274925753076,True,insufficient_equity,0.8536274925753076,"['equity too small for the minimum lot rejected 2012 of 2357 signals (85%): above 20%, this gate is selecting the trades rather than trimming the tail']",7.0,0.0,True,0.11519085951700857,34074.0,,,,"88% of the signals never became trades, and 85% of them because the account no longer held enough equity for the broker's minimum lot. That is not a risk block choosing trades, it is a strategy that lost the money it needed to keep trading: the equity curve after that point is a flat line, not a result",,,
roc-momentum,XAUUSD.r,D1,backtest,too few trades (18 < 30),,True,True,True,0.002362462220752431,0.0011812311103762156,"spread is 0.2% of one ATR (7 of 2963 points), 0.1% of a 2x ATR stop. The spread was measured from 2025-04-02, after this series begins (2020-02-27): for the earlier bars it is an assumption, not a measurement",True,237,7498.16171574904,0.04270118278230317,"PASSES on 1 of 15 combinations. Best: long at 120 bars, net +7498.16 pt (p=0.0427). Caution: with 15 parallel tests some positives at the 5% level are expected by chance; confirm out-of-sample.",0.06486486486486487,False,0e72f71a107fb276,1682,18.0,-103.74890067149434,-3.748900671494461,-0.04599413871808144,0.5173842694812594,0.03320923748667172,0.3888888888888889,1.006866814778424,0.8475992026982322,0.0,0.0,237.0,218.0,0.919831223628692,0.350210970464135,0.0,0.569620253164557,True,insufficient_equity,0.569620253164557,"['equity too small for the minimum lot rejected 135 of 237 signals (57%): above 20%, this gate is selecting the trades rather than trimming the tail', 'signal while already in a position rejected 83 of 237 signals (35%): above 20%, this gate is selecting the trades rather than trimming the tail']",7.0,0.0,True,0.0,1682.0,,,,"92% of the signals never became trades, and 57% of them because the account no longer held enough equity for the broker's minimum lot. That is not a risk block choosing trades, it is a strategy that lost the money it needed to keep trading: the equity curve after that point is a flat line, not a result",,,
bollinger-mean-reversion,XTIUSD,D1,backtest,negative net PnL: nothing to attack with a null,,True,True,True,0.01314985639032265,0.006574928195161325,"spread is 1.3% of one ATR (30 of 2281 points), 0.7% of a 2x ATR stop. The spread was measured from 2025-04-02, after this series begins (2020-02-23): for the earlier bars it is an assumption, not a measurement",True,94,4157.721485623003,0.07586079092985354,"PASSES on 1 of 15 combinations. Best: both at 120 bars, net +3457.28 pt (p=0.0311). Caution: with 15 parallel tests some positives at the 5% level are expected by chance; confirm out-of-sample.",0.0673758865248227,False,f8c2a724785d9006,1685,52.0,-104.66403599517163,-4.664035995171659,-0.046780456430049314,0.21384759878557236,-0.07822862097102826,0.6153846153846154,1.0138061202433242,0.7372460770039657,0.0,0.0,94.0,42.0,0.44680851063829785,0.10638297872340426,0.0,0.3404255319148936,True,insufficient_equity,0.3404255319148936,"['equity too small for the minimum lot rejected 32 of 94 signals (34%): above 20%, this gate is selecting the trades rather than trimming the tail']",30.0,0.0,True,0.0,1685.0,,,,"45% of the signals never became trades, and 34% of them because the account no longer held enough equity for the broker's minimum lot. That is not a risk block choosing trades, it is a strategy that lost the money it needed to keep trading: the equity curve after that point is a flat line, not a result",,,
ema-trend-filter,XAUUSD.r,H1,backtest,negative net PnL: nothing to attack with a null,,True,True,True,0.012728058057192923,0.006364029028596461,"spread is 1.3% of one ATR (7 of 550 points), 0.6% of a 2x ATR stop. The spread was measured from 2025-04-02, after this series begins (2020-02-27): for the earlier bars it is an assumption, not a measurement",True,1456,281.6330746955745,0.032941212001686204,"PASSES on 1 of 15 combinations. Best: short at 30 bars, net +281.63 pt (p=0.0329). Caution: with 15 parallel tests some positives at the 5% level are expected by chance; confirm out-of-sample.",0.08574113225276016,False,c58526278866e606,38510,118.0,-101.83081211682743,-1.8308121168275342,-0.05831967153949058,-0.43999278029650696,-0.09358103368210656,0.3135593220338983,1.0067576797344093,0.5276346505045915,0.0,0.0,1456.0,1338.0,0.9189560439560439,0.2245879120879121,0.0,0.6943681318681318,True,insufficient_equity,0.6943681318681318,"['equity too small for the minimum lot rejected 1011 of 1456 signals (69%): above 20%, this gate is selecting the trades rather than trimming the tail', 'signal while already in a position rejected 327 of 1456 signals (22%): above 20%, this gate is selecting the trades rather than trimming the tail']",7.0,0.0,True,0.11519085951700857,34074.0,,,,"92% of the signals never became trades, and 69% of them because the account no longer held enough equity for the broker's minimum lot. That is not a risk block choosing trades, it is a strategy that lost the money it needed to keep trading: the equity curve after that point is a flat line, not a result",,,
bollinger-breakout,XAUEUR.r,D1,backtest,too few trades (15 < 30),,True,True,True,0.0037239237659102654,0.0018619618829551327,"spread is 0.4% of one ATR (10 of 2685 points), 0.2% of a 2x ATR stop. The spread was measured from 2025-04-04, after this series begins (2021-06-20): for the earlier bars it is an assumption, not a measurement",True,79,8424.513553826202,0.01775197366171055,"PASSES on 1 of 15 combinations. Best: both at 30 bars, net +3271.76 pt (p=0.0403). Caution: with 15 parallel tests some positives at the 5% level are expected by chance; confirm out-of-sample.",0.06666666666666667,False,e298a2abafc903f0,1345,15.0,-107.11698985036196,-7.116989850361911,-0.06113643590133468,0.15932091948665678,0.0641724874496377,0.4,1.0513211062411132,0.8162566395411945,0.0,0.0,79.0,64.0,0.810126582278481,0.22784810126582278,0.0,0.5822784810126582,True,insufficient_equity,0.5822784810126582,"['equity too small for the minimum lot rejected 46 of 79 signals (58%): above 20%, this gate is selecting the trades rather than trimming the tail', 'signal while already in a position rejected 18 of 79 signals (23%): above 20%, this gate is selecting the trades rather than trimming the tail']",10.0,0.0,True,0.0,1345.0,,,,"81% of the signals never became trades, and 58% of them because the account no longer held enough equity for the broker's minimum lot. That is not a risk block choosing trades, it is a strategy that lost the money it needed to keep trading: the equity curve after that point is a flat line, not a result",,,
roc-momentum,XBRUSD,H4,backtest,negative net PnL: nothing to attack with a null,,True,True,True,0.03858196341765645,0.019290981708828224,"spread is 3.9% of one ATR (30 of 778 points), 1.9% of a 2x ATR stop. The spread was measured from 2025-02-14, after this series begins (2020-02-27): for the earlier bars it is an assumption, not a measurement",True,1207,161.0927916821817,0.01741586774994941,"PASSES on 1 of 15 combinations. Best: short at 5 bars, net +161.09 pt (p=0.0174). Caution: with 15 parallel tests some positives at the 5% level are expected by chance; confirm out-of-sample.",0.03615819209039548,False,9412abdad182d73c,10066,43.0,-101.9176743102706,-1.9176743102706197,-0.06154044828555066,-0.34089406900377117,-0.3969129082461453,0.37209302325581395,1.01080689079423,0.6885926104675293,0.0,0.0,1207.0,1164.0,0.9643744821872411,0.14167357083678542,0.0,0.8227009113504556,True,insufficient_equity,0.8227009113504556,"['equity too small for the minimum lot rejected 993 of 1207 signals (82%): above 20%, this gate is selecting the trades rather than trimming the tail']",30.0,0.0,True,0.0,10066.0,,,,"96% of the signals never became trades, and 82% of them because the account no longer held enough equity for the broker's minimum lot. That is not a risk block choosing trades, it is a strategy that lost the money it needed to keep trading: the equity curve after that point is a flat line, not a result",,,
donchian-breakout,XAUEUR.r,H4,backtest,negative net PnL: nothing to attack with a null,,True,True,True,0.010087175386279757,0.005043587693139878,"spread is 1.0% of one ATR (10 of 991 points), 0.5% of a 2x ATR stop. The spread was measured from 2025-04-04, after this series begins (2021-06-21): for the earlier bars it is an assumption, not a measurement",True,607,468.72344151272847,0.001100924573958495,"PASSES on 2 of 15 combinations. Best: long at 5 bars, net +468.72 pt (p=0.0011). Caution: with 15 parallel tests some positives at the 5% level are expected by chance; confirm out-of-sample.",0.07349665924276169,False,70e8026176bbe41c,8053,74.0,-124.08109768626198,-24.081097686261966,-0.06918340628208126,0.6461412194915568,-0.09180223746968035,0.32432432432432434,1.075317030132944,0.5535915658754968,0.0,0.0,607.0,533.0,0.8780889621087314,0.15485996705107083,0.0,0.7232289950576606,True,insufficient_equity,0.7232289950576606,"['equity too small for the minimum lot rejected 439 of 607 signals (72%): above 20%, this gate is selecting the trades rather than trimming the tail']",10.0,0.0,True,0.0,8053.0,,,,"88% of the signals never became trades, and 72% of them because the account no longer held enough equity for the broker's minimum lot. That is not a risk block choosing trades, it is a strategy that lost the money it needed to keep trading: the equity curve after that point is a flat line, not a result",,,
roc-momentum,XAGUSD.r,D1,backtest,too few trades (15 < 30),,True,True,True,0.018251616491909286,0.009125808245954643,"spread is 1.8% of one ATR (13 of 712 points), 0.9% of a 2x ATR stop. The spread was measured from 2025-04-03, after this series begins (2020-02-27): for the earlier bars it is an assumption, not a measurement",True,209,573.2137611312689,0.015127857537060918,"PASSES on 2 of 15 combinations. Best: short at 15 bars, net +573.21 pt (p=0.0151). Caution: with 15 parallel tests some positives at the 5% level are expected by chance; confirm out-of-sample.",0.15763546798029554,False,c40c6c0ba4e47b6d,1682,15.0,-103.32414230774623,-3.3241423077462144,-0.06989727546794662,0.39061832789670703,0.029998491223879573,0.4,1.010769003323405,0.790563542272487,0.0,0.0,209.0,193.0,0.9234449760765551,0.3397129186602871,0.0,0.583732057416268,True,insufficient_equity,0.583732057416268,"['equity too small for the minimum lot rejected 122 of 209 signals (58%): above 20%, this gate is selecting the trades rather than trimming the tail', 'signal while already in a position rejected 71 of 209 signals (34%): above 20%, this gate is selecting the trades rather than trimming the tail']",13.0,0.0,True,0.0,1682.0,,,,"92% of the signals never became trades, and 58% of them because the account no longer held enough equity for the broker's minimum lot. That is not a risk block choosing trades, it is a strategy that lost the money it needed to keep trading: the equity curve after that point is a flat line, not a result",,,
ema-trend-filter,XTIUSD,D1,backtest,too few trades (14 < 30),,True,True,True,0.01314985639032265,0.006574928195161325,"spread is 1.3% of one ATR (30 of 2281 points), 0.7% of a 2x ATR stop. The spread was measured from 2025-04-02, after this series begins (2020-02-23): for the earlier bars it is an assumption, not a measurement",True,74,5289.72775680124,0.04238334089099427,"PASSES on 1 of 15 combinations. Best: short at 120 bars, net +5289.73 pt (p=0.0424). Caution: with 15 parallel tests some positives at the 5% level are expected by chance; confirm out-of-sample.",0.028301886792452834,False,d3ca8d99a9808ac0,1685,14.0,-127.03975335671493,-27.039753356714982,-0.0723689976269228,-0.3932676206493482,0.05100834230004071,0.35714285714285715,1.0488678830474492,0.7908118618116884,0.0,0.0,74.0,60.0,0.8108108108108109,0.7567567567567568,0.0,0.05405405405405406,True,position_open,0.7567567567567568,"['signal while already in a position rejected 56 of 74 signals (76%): above 20%, this gate is selecting the trades rather than trimming the tail']",30.0,0.0,True,0.0,1685.0,,,,"81% of the signals were rejected, 76% of them because a position was already open. That is structural to a one-position engine and cannot be relaxed; the discretionary gates rejected 0%, so there is nothing to open",,,
atr-volatility-breakout,XAUEUR.r,D1,backtest,too few trades (14 < 30),,True,True,True,0.0037239237659102654,0.0018619618829551327,"spread is 0.4% of one ATR (10 of 2685 points), 0.2% of a 2x ATR stop. The spread was measured from 2025-04-04, after this series begins (2021-06-20): for the earlier bars it is an assumption, not a measurement",True,67,5045.123827629912,0.036049554426226815,"PASSES on 1 of 15 combinations. Best: both at 30 bars, net +3264.64 pt (p=0.0402). Caution: with 15 parallel tests some positives at the 5% level are expected by chance; confirm out-of-sample.",0.07262569832402235,False,f39763e9ef6a9dd6,1345,14.0,-138.43959126676265,-38.43959126676263,-0.07425499071020453,0.10067302744483549,0.05268597938076288,0.42857142857142855,1.0607973501525232,0.7855072420139808,0.0,0.0,67.0,53.0,0.7910447761194029,0.2835820895522388,0.0,0.5074626865671642,True,insufficient_equity,0.5074626865671642,"['equity too small for the minimum lot rejected 34 of 67 signals (51%): above 20%, this gate is selecting the trades rather than trimming the tail', 'signal while already in a position rejected 19 of 67 signals (28%): above 20%, this gate is selecting the trades rather than trimming the tail']",10.0,0.0,True,0.0,1345.0,,,,"79% of the signals never became trades, and 51% of them because the account no longer held enough equity for the broker's minimum lot. That is not a risk block choosing trades, it is a strategy that lost the money it needed to keep trading: the equity curve after that point is a flat line, not a result",,,
roc-momentum,USDJPY.r,H4,backtest,negative net PnL: nothing to attack with a null,,True,True,True,0.006604612117296079,0.0033023060586480396,"spread is 0.7% of one ATR (3 of 454 points), 0.3% of a 2x ATR stop. The spread was measured from 2025-05-01, after this series begins (2021-05-25): for the earlier bars it is an assumption, not a measurement",True,978,196.28629985973726,0.13661542046263042,"PASSES on 2 of 15 combinations. Best: short at 5 bars, net +113.68 pt (p=0.0021). Caution: with 15 parallel tests some positives at the 5% level are expected by chance; confirm out-of-sample.",0.03934426229508197,False,bf261ad0a45ea9cc,8214,153.0,-100.93020268871462,-0.93020268871462,-0.07716929808457575,-0.1865016302706169,-0.05887034550962137,0.32679738562091504,1.0071094644278566,0.3413302375799223,0.006535947712418301,10.224631007946385,978.0,825.0,0.843558282208589,0.4897750511247444,0.0,0.3537832310838446,True,position_open,0.4897750511247444,"['signal while already in a position rejected 479 of 978 signals (49%): above 20%, this gate is selecting the trades rather than trimming the tail', 'equity too small for the minimum lot rejected 346 of 978 signals (35%): above 20%, this gate is selecting the trades rather than trimming the tail']",3.0,0.0,True,0.0,8214.0,,,,"84% of the signals were rejected, 49% of them because a position was already open. That is structural to a one-position engine and cannot be relaxed; the discretionary gates rejected 0%, so there is nothing to open",,,
bollinger-mean-reversion,AUDUSD.r,H1,backtest,negative net PnL: nothing to attack with a null,,True,True,True,0.025799096276849957,0.012899548138424978,"spread is 2.6% of one ATR (3 of 116 points), 1.3% of a 2x ATR stop. The spread was measured from 2025-05-01, after this series begins (2021-05-25): for the earlier bars it is an assumption, not a measurement",True,2001,51.39184954630718,0.007762874703630351,"PASSES on 6 of 15 combinations. Best: both at 60 bars, net +45.02 pt (p=0.0015). Caution: with 15 parallel tests some positives at the 5% level are expected by chance; confirm out-of-sample.",0.04440054963929921,False,e54ae16d9f6a43e0,32849,671.0,-102.89319654584273,-2.893196545842656,-0.07862759530639431,0.3518642375334325,-0.052643875122031995,0.6318926974664679,1.0266596574843763,0.04206841571143416,0.014903129657228018,34.11966426645435,2001.0,1330.0,0.6646676661669165,0.05897051474262868,0.0,0.6056971514242878,True,insufficient_equity,0.6056971514242878,"['equity too small for the minimum lot rejected 1212 of 2001 signals (61%): above 20%, this gate is selecting the trades rather than trimming the tail']",3.0,0.0,True,0.12694450363785809,28679.0,,,,"66% of the signals never became trades, and 61% of them because the account no longer held enough equity for the broker's minimum lot. That is not a risk block choosing trades, it is a strategy that lost the money it needed to keep trading: the equity curve after that point is a flat line, not a result",,,
roc-momentum,AUDUSD.r,D1,backtest,negative net PnL: nothing to attack with a null,,True,True,True,0.004762306669942238,0.002381153334971119,"spread is 0.5% of one ATR (3 of 630 points), 0.2% of a 2x ATR stop. The spread was measured from 2025-05-01, after this series begins (2021-05-25): for the earlier bars it is an assumption, not a measurement",True,181,767.1459348837212,0.006146066468816547,"PASSES on 4 of 15 combinations. Best: long at 60 bars, net +700.24 pt (p=0.0011). Caution: with 15 parallel tests some positives at the 5% level are expected by chance; confirm out-of-sample.",0.0,False,fb4a57bdbb5f19c3,1370,35.0,-45.940908357015736,54.05909164298428,-0.08068365918562231,0.4596020883185708,-0.11953284191731418,0.3142857142857143,0.8901835164452572,0.6361806783512174,0.0,0.0,181.0,146.0,0.8066298342541437,0.8066298342541437,0.0,0.0,True,position_open,0.8066298342541437,"['signal while already in a position rejected 146 of 181 signals (81%): above 20%, this gate is selecting the trades rather than trimming the tail']",3.0,0.0,True,0.0,1370.0,,,,"81% of the signals were rejected, 81% of them because a position was already open. That is structural to a one-position engine and cannot be relaxed; the discretionary gates rejected 0%, so there is nothing to open",,,
bollinger-mean-reversion,USDCAD.r,D1,backtest,negative net PnL: nothing to attack with a null,,True,True,True,0.006510206023604206,0.003255103011802103,"spread is 0.7% of one ATR (5 of 768 points), 0.3% of a 2x ATR stop. The spread was measured from 2025-05-01, after this series begins (2021-05-25): for the earlier bars it is an assumption, not a measurement",True,85,1296.126755555555,0.015070729739374733,"PASSES on 3 of 15 combinations. Best: short at 120 bars, net +1296.13 pt (p=0.0151). Caution: with 15 parallel tests some positives at the 5% level are expected by chance; confirm out-of-sample.",0.013861386138613862,False,7aae5d11451f71a5,1370,69.0,-42.80587610204246,57.194123897957525,-0.08306693065561793,-0.1637827428270548,-0.09968111025397879,0.6086956521739131,0.5682143120308258,0.4925388411152736,0.0,0.0,85.0,16.0,0.18823529411764706,0.18823529411764706,0.0,0.0,False,position_open,0.18823529411764706,[],5.0,0.0,True,0.0,1370.0,,,,,,,
rsi-mean-reversion,XAUEUR.r,H4,backtest,negative net PnL: nothing to attack with a null,,True,True,True,0.010087175386279757,0.005043587693139878,"spread is 1.0% of one ATR (10 of 991 points), 0.5% of a 2x ATR stop. The spread was measured from 2025-04-04, after this series begins (2021-06-21): for the earlier bars it is an assumption, not a measurement",True,262,1565.3825662079007,0.10949777186531806,"PASSES on 1 of 15 combinations. Best: long at 30 bars, net +1116.69 pt (p=0.0444). Caution: with 15 parallel tests some positives at the 5% level are expected by chance; confirm out-of-sample.",0.13802704852824185,False,ad96ef86314638d9,8053,93.0,-102.47369839994872,-2.473698399948585,-0.0842481180730656,-0.09503812957703205,-0.09157631334798065,0.6021505376344086,1.1302251942365407,0.41862544269300117,0.0,0.0,262.0,169.0,0.6450381679389313,0.08778625954198473,0.0,0.5572519083969466,True,insufficient_equity,0.5572519083969466,"['equity too small for the minimum lot rejected 146 of 262 signals (56%): above 20%, this gate is selecting the trades rather than trimming the tail']",10.0,0.0,True,0.0,8053.0,,,,"65% of the signals never became trades, and 56% of them because the account no longer held enough equity for the broker's minimum lot. That is not a risk block choosing trades, it is a strategy that lost the money it needed to keep trading: the equity curve after that point is a flat line, not a result",,,
donchian-breakout,XAUEUR.r,H1,backtest,negative net PnL: nothing to attack with a null,,True,True,True,0.01997877587435218,0.00998938793717609,"spread is 2.0% of one ATR (10 of 501 points), 1.0% of a 2x ATR stop. The spread was measured from 2025-04-04, after this series begins (2021-06-21): for the earlier bars it is an assumption, not a measurement",True,2148,322.5497732185461,0.058624340311092205,"PASSES on 5 of 15 combinations. Best: long at 15 bars, net +224.65 pt (p=0.0005). Caution: with 15 parallel tests some positives at the 5% level are expected by chance; confirm out-of-sample.",0.07792601576713158,False,d39a5a2afd3bf597,30777,107.0,-104.26939222222451,-4.269392222224349,-0.10337627898007713,-0.07771872072894336,-0.12355346750130924,0.29906542056074764,1.0293673474649712,0.28734888987673046,0.0,0.0,2148.0,2041.0,0.9501862197392924,0.051675977653631286,0.0,0.8985102420856611,True,insufficient_equity,0.8985102420856611,"['equity too small for the minimum lot rejected 1930 of 2148 signals (90%): above 20%, this gate is selecting the trades rather than trimming the tail']",10.0,0.0,True,0.14247652467751892,26392.0,,,,"95% of the signals never became trades, and 90% of them because the account no longer held enough equity for the broker's minimum lot. That is not a risk block choosing trades, it is a strategy that lost the money it needed to keep trading: the equity curve after that point is a flat line, not a result",,,
bollinger-breakout,XAUUSD.r,H1,backtest,negative net PnL: nothing to attack with a null,,True,True,True,0.012728058057192923,0.006364029028596461,"spread is 1.3% of one ATR (7 of 550 points), 0.6% of a 2x ATR stop. The spread was measured from 2025-04-02, after this series begins (2020-02-27): for the earlier bars it is an assumption, not a measurement",True,2357,192.91182701626022,0.045462621341663345,"PASSES on 3 of 15 combinations. Best: both at 15 bars, net +153.87 pt (p=0.0041). Caution: with 15 parallel tests some positives at the 5% level are expected by chance; confirm out-of-sample.",0.08425448292802752,False,1c34b0c420bceb23,38510,54.0,-104.8317421096762,-4.83174210967616,-0.10581877611526135,-0.5588912317416168,-0.042010161612814526,0.3333333333333333,1.0732483443712768,0.4402586817221019,0.0,0.0,2357.0,2303.0,0.9770895205770047,0.025456088247772592,0.0,0.951633432329232,True,insufficient_equity,0.951633432329232,"['equity too small for the minimum lot rejected 2243 of 2357 signals (95%): above 20%, this gate is selecting the trades rather than trimming the tail']",7.0,0.0,True,0.11519085951700857,34074.0,,,,"98% of the signals never became trades, and 95% of them because the account no longer held enough equity for the broker's minimum lot. That is not a risk block choosing trades, it is a strategy that lost the money it needed to keep trading: the equity curve after that point is a flat line, not a result",,,
atr-volatility-breakout,XAUEUR.r,H1,backtest,negative net PnL: nothing to attack with a null,,True,True,True,0.01997877587435218,0.00998938793717609,"spread is 2.0% of one ATR (10 of 501 points), 1.0% of a 2x ATR stop. The spread was measured from 2025-04-04, after this series begins (2021-06-21): for the earlier bars it is an assumption, not a measurement",True,1530,181.56527118979284,0.009788791880202985,"PASSES on 2 of 15 combinations. Best: both at 15 bars, net +171.19 pt (p=0.0033). Caution: with 15 parallel tests some positives at the 5% level are expected by chance; confirm out-of-sample.",0.07706535141800246,False,25c4313a83b493c4,30777,91.0,-102.15687243087976,-2.15687243087973,-0.1105978481043236,-0.38067425245046393,-0.13864696443648283,0.2967032967032967,1.0171340219120169,0.2942327786048595,0.0,0.0,1530.0,1439.0,0.9405228758169935,0.048366013071895426,0.0,0.8921568627450981,True,insufficient_equity,0.8921568627450981,"['equity too small for the minimum lot rejected 1365 of 1530 signals (89%): above 20%, this gate is selecting the trades rather than trimming the tail']",10.0,0.0,True,0.14247652467751892,26392.0,,,,"94% of the signals never became trades, and 89% of them because the account no longer held enough equity for the broker's minimum lot. That is not a risk block choosing trades, it is a strategy that lost the money it needed to keep trading: the equity curve after that point is a flat line, not a result",,,
bollinger-mean-reversion,XAUEUR.r,H1,backtest,negative net PnL: nothing to attack with a null,,True,True,True,0.01997877587435218,0.00998938793717609,"spread is 2.0% of one ATR (10 of 501 points), 1.0% of a 2x ATR stop. The spread was measured from 2025-04-04, after this series begins (2021-06-21): for the earlier bars it is an assumption, not a measurement",True,1876,470.5374364467517,0.0058220454248699705,"PASSES on 1 of 15 combinations. Best: long at 60 bars, net +470.54 pt (p=0.0058). Caution: with 15 parallel tests some positives at the 5% level are expected by chance; confirm out-of-sample.",0.14861038280020974,False,9852a1064e78d1db,30777,132.0,-107.04420499132559,-7.044204991325323,-0.1504745914022844,-0.3050042785041371,-0.11990527061984259,0.5909090909090909,1.0492490759120159,0.08619697854666963,0.030303030303030304,50.43658501619212,1876.0,1744.0,0.929637526652452,0.010127931769722815,0.0,0.9195095948827292,True,insufficient_equity,0.9195095948827292,"['equity too small for the minimum lot rejected 1725 of 1876 signals (92%): above 20%, this gate is selecting the trades rather than trimming the tail']",10.0,0.0,True,0.14247652467751892,26392.0,,,,"93% of the signals never became trades, and 92% of them because the account no longer held enough equity for the broker's minimum lot. That is not a risk block choosing trades, it is a strategy that lost the money it needed to keep trading: the equity curve after that point is a flat line, not a result",,,
rsi-mean-reversion,XTIUSD,H1,backtest,negative net PnL: nothing to attack with a null,,True,True,True,0.07499984076297975,0.037499920381489873,"spread is 7.5% of one ATR (30 of 400 points), 3.7% of a 2x ATR stop. The spread was measured from 2025-04-02, after this series begins (2020-02-23): for the earlier bars it is an assumption, not a measurement",True,1236,305.4674158082752,0.047969927482342745,"PASSES on 1 of 15 combinations. Best: long at 120 bars, net +305.47 pt (p=0.0480). Caution: with 15 parallel tests some positives at the 5% level are expected by chance; confirm out-of-sample.",0.10552127827875336,False,d04a0dc545ad489e,38564,106.0,-101.13809242059793,-1.1380924205979444,-0.1582762741002176,-0.23268489504672943,-0.1599609197271366,0.5566037735849056,1.0113809242059795,0.10619230945668567,0.009433962264150943,4.6306203157594155,1236.0,1130.0,0.9142394822006472,0.021844660194174758,0.0,0.8923948220064725,True,insufficient_equity,0.8923948220064725,"['equity too small for the minimum lot rejected 1103 of 1236 signals (89%): above 20%, this gate is selecting the trades rather than trimming the tail']",30.0,0.0,True,0.1145368737682813,34147.0,,,,"91% of the signals never became trades, and 89% of them because the account no longer held enough equity for the broker's minimum lot. That is not a risk block choosing trades, it is a strategy that lost the money it needed to keep trading: the equity curve after that point is a flat line, not a result",,,
rsi-mean-reversion,XBRUSD,H1,backtest,negative net PnL: nothing to attack with a null,,True,True,True,0.07355337738489766,0.03677668869244883,"spread is 7.4% of one ATR (30 of 408 points), 3.7% of a 2x ATR stop. The spread was measured from 2025-02-14, after this series begins (2020-02-28): for the earlier bars it is an assumption, not a measurement",True,1111,354.52222567166746,0.035924053598574646,"PASSES on 1 of 15 combinations. Best: long at 120 bars, net +354.52 pt (p=0.0359). Caution: with 15 parallel tests some positives at the 5% level are expected by chance; confirm out-of-sample.",0.09134659039317171,False,8fa8c3be16b8cdd7,35149,90.0,-101.45648740141998,-1.4564874014199258,-0.17127655873361997,-0.011509362546725816,-0.1796502454456301,0.5666666666666667,1.009150523186578,0.10772615794624718,0.0,0.0,1111.0,1021.0,0.918991899189919,0.0297029702970297,0.0,0.8892889288928892,True,insufficient_equity,0.8892889288928892,"['equity too small for the minimum lot rejected 988 of 1111 signals (89%): above 20%, this gate is selecting the trades rather than trimming the tail']",30.0,0.0,True,0.1344277219835557,30424.0,,,,"92% of the signals never became trades, and 89% of them because the account no longer held enough equity for the broker's minimum lot. That is not a risk block choosing trades, it is a strategy that lost the money it needed to keep trading: the equity curve after that point is a flat line, not a result",,,
donchian-breakout,XAUEUR.r,D1,backtest,too few trades (11 < 30),,True,True,True,0.0037239237659102654,0.0018619618829551327,"spread is 0.4% of one ATR (10 of 2685 points), 0.2% of a 2x ATR stop. The spread was measured from 2025-04-04, after this series begins (2021-06-20): for the earlier bars it is an assumption, not a measurement",True,97,3753.5047800108637,0.07469191682512111,"PASSES on 1 of 15 combinations. Best: both at 30 bars, net +3576.47 pt (p=0.0243). Caution: with 15 parallel tests some positives at the 5% level are expected by chance; confirm out-of-sample.",0.06857142857142857,False,5542e31bff6ecd4f,1345,11.0,-139.22788712143193,-39.22788712143195,-0.17708525417953258,0.017456723986824053,-0.034369495226013,0.36363636363636365,1.097506173449335,0.5700078759878262,0.0,0.0,97.0,86.0,0.8865979381443299,0.07216494845360824,0.0,0.8144329896907216,True,insufficient_equity,0.8144329896907216,"['equity too small for the minimum lot rejected 79 of 97 signals (81%): above 20%, this gate is selecting the trades rather than trimming the tail']",10.0,0.0,True,0.0,1345.0,,,,"89% of the signals never became trades, and 81% of them because the account no longer held enough equity for the broker's minimum lot. That is not a risk block choosing trades, it is a strategy that lost the money it needed to keep trading: the equity curve after that point is a flat line, not a result",,,
roc-momentum,XTIUSD,H4,backtest,too few trades (17 < 30),,True,True,True,0.03646448827569436,0.01823224413784718,"spread is 3.6% of one ATR (30 of 823 points), 1.8% of a 2x ATR stop. The spread was measured from 2025-04-02, after this series begins (2020-02-23): for the earlier bars it is an assumption, not a measurement",True,1201,511.04825266335286,0.015308745930151524,"PASSES on 1 of 15 combinations. Best: long at 60 bars, net +511.05 pt (p=0.0153). Caution: with 15 parallel tests some positives at the 5% level are expected by chance; confirm out-of-sample.",0.03850267379679144,False,b1cc1ffb96eeaec5,10094,17.0,-102.7546527338953,-2.754652733895293,-0.18436652631697215,0.11312670791153687,-0.29532647523936506,0.23529411764705882,1.0255484119262546,0.45821319650410874,0.0,0.0,1201.0,1184.0,0.9858451290591174,0.03164029975020816,0.0,0.9542048293089093,True,insufficient_equity,0.9542048293089093,"['equity too small for the minimum lot rejected 1146 of 1201 signals (95%): above 20%, this gate is selecting the trades rather than trimming the tail']",30.0,0.0,True,0.0,10094.0,,,,"99% of the signals never became trades, and 95% of them because the account no longer held enough equity for the broker's minimum lot. That is not a risk block choosing trades, it is a strategy that lost the money it needed to keep trading: the equity curve after that point is a flat line, not a result",,,
ema-trend-filter,GBPUSD.r,H4,backtest,negative net PnL: nothing to attack with a null,,True,True,True,0.00859340881828639,0.004296704409143195,"spread is 0.9% of one ATR (3 of 349 points), 0.4% of a 2x ATR stop. The spread was measured from 2025-04-30, after this series begins (2021-05-25): for the earlier bars it is an assumption, not a measurement",True,305,730.6207993575483,0.0017838663642215646,"PASSES on 2 of 15 combinations. Best: long at 120 bars, net +730.62 pt (p=0.0018). Caution: with 15 parallel tests some positives at the 5% level are expected by chance; confirm out-of-sample.",0.016771488469601675,False,79c63c63eaea0384,8214,49.0,-101.91595696224473,-1.915956962244758,-0.18639514093741327,-0.6020343313229602,-0.2796775088675809,0.24489795918367346,1.0155973893887127,0.19819358038340495,0.0,0.0,305.0,256.0,0.839344262295082,0.26885245901639343,0.0,0.5704918032786885,True,insufficient_equity,0.5704918032786885,"['equity too small for the minimum lot rejected 174 of 305 signals (57%): above 20%, this gate is selecting the trades rather than trimming the tail', 'signal while already in a position rejected 82 of 305 signals (27%): above 20%, this gate is selecting the trades rather than trimming the tail']",3.0,0.0,True,0.0,8214.0,,,,"84% of the signals never became trades, and 57% of them because the account no longer held enough equity for the broker's minimum lot. That is not a risk block choosing trades, it is a strategy that lost the money it needed to keep trading: the equity curve after that point is a flat line, not a result",,,
donchian-breakout,XAUUSD.r,H4,backtest,too few trades (15 < 30),,True,True,True,0.006385539213631889,0.0031927696068159445,"spread is 0.6% of one ATR (7 of 1096 points), 0.3% of a 2x ATR stop. The spread was measured from 2025-04-02, after this series begins (2020-02-27): for the earlier bars it is an assumption, not a measurement",True,763,264.35017338023226,0.0344314277690323,"PASSES on 1 of 15 combinations. Best: long at 5 bars, net +264.35 pt (p=0.0344). Caution: with 15 parallel tests some positives at the 5% level are expected by chance; confirm out-of-sample.",0.07110300820419325,False,bc1285b2803c0835,10076,15.0,-108.28637636530082,-8.286376365300868,-0.18847518912517178,0.13008031800209927,-0.4389112275988796,0.2,1.0425085047568456,0.4774512056528222,0.0,0.0,763.0,748.0,0.9803407601572739,0.02621231979030144,0.0,0.9541284403669725,True,insufficient_equity,0.9541284403669725,"['equity too small for the minimum lot rejected 728 of 763 signals (95%): above 20%, this gate is selecting the trades rather than trimming the tail']",7.0,0.0,True,0.0,10076.0,,,,"98% of the signals never became trades, and 95% of them because the account no longer held enough equity for the broker's minimum lot. That is not a risk block choosing trades, it is a strategy that lost the money it needed to keep trading: the equity curve after that point is a flat line, not a result",,,
rsi-mean-reversion,XTIUSD,H4,backtest,negative net PnL: nothing to attack with a null,,True,True,True,0.03646448827569436,0.01823224413784718,"spread is 3.6% of one ATR (30 of 823 points), 1.8% of a 2x ATR stop. The spread was measured from 2025-04-02, after this series begins (2020-02-23): for the earlier bars it is an assumption, not a measurement",True,325,1027.8317958171156,0.0009916508164896642,"PASSES on 4 of 15 combinations. Best: long at 30 bars, net +1027.83 pt (p=0.0010). Caution: with 15 parallel tests some positives at the 5% level are expected by chance; confirm out-of-sample.",0.09458655562165379,False,f1df0f5aba86d09d,10094,44.0,-103.44430876598062,-3.4443087659805958,-0.2091578211778759,-0.07129243463031826,-0.14835759780305163,0.5681818181818182,1.0341492297324977,0.17246999529980456,0.0,0.0,325.0,281.0,0.8646153846153846,0.024615384615384615,0.0,0.84,True,insufficient_equity,0.84,"['equity too small for the minimum lot rejected 273 of 325 signals (84%): above 20%, this gate is selecting the trades rather than trimming the tail']",30.0,0.0,True,0.0,10094.0,,,,"86% of the signals never became trades, and 84% of them because the account no longer held enough equity for the broker's minimum lot. That is not a risk block choosing trades, it is a strategy that lost the money it needed to keep trading: the equity curve after that point is a flat line, not a result",,,
bollinger-mean-reversion,USDJPY.r,D1,backtest,negative net PnL: nothing to attack with a null,,True,True,True,0.0023921618614187517,0.0011960809307093759,"spread is 0.2% of one ATR (3 of 1254 points), 0.1% of a 2x ATR stop. The spread was measured from 2025-05-01, after this series begins (2021-05-25): for the earlier bars it is an assumption, not a measurement",True,90,1047.4634027411687,0.009060944432327855,"PASSES on 2 of 15 combinations. Best: short at 15 bars, net +1047.46 pt (p=0.0091). Caution: with 15 parallel tests some positives at the 5% level are expected by chance; confirm out-of-sample.",0.04195804195804196,False,1f70a79888bbe7af,1370,50.0,-110.98940349767999,-10.989403497679982,-0.21269470014892278,-0.6291673483484082,-0.15433765107998096,0.58,1.0917719627303621,0.1390055558276977,0.04,38.77620661649247,90.0,39.0,0.43333333333333335,0.05555555555555555,0.0,0.37777777777777777,True,insufficient_equity,0.37777777777777777,"['equity too small for the minimum lot rejected 34 of 90 signals (38%): above 20%, this gate is selecting the trades rather than trimming the tail']",3.0,0.0,True,0.0,1370.0,,,,"43% of the signals never became trades, and 38% of them because the account no longer held enough equity for the broker's minimum lot. That is not a risk block choosing trades, it is a strategy that lost the money it needed to keep trading: the equity curve after that point is a flat line, not a result",,,
bollinger-breakout,XAGUSD.r,D1,backtest,too few trades (3 < 30),,True,True,True,0.018251616491909286,0.009125808245954643,"spread is 1.8% of one ATR (13 of 712 points), 0.9% of a 2x ATR stop. The spread was measured from 2025-04-03, after this series begins (2020-02-27): for the earlier bars it is an assumption, not a measurement",True,104,2714.1969830345715,0.0002968505476356187,"PASSES on 3 of 15 combinations. Best: short at 120 bars, net +2714.20 pt (p=0.0003). Caution: with 15 parallel tests some positives at the 5% level are expected by chance; confirm out-of-sample.",0.15463917525773196,False,35f311c6bd2b7ab0,1682,3.0,-123.71377568161688,-23.71377568161688,-0.21604382548623638,0.0019626661942771777,0.816071300936961,0.6666666666666666,1.0941259048826133,0.7442043924710187,0.0,0.0,104.0,101.0,0.9711538461538461,0.038461538461538464,0.0,0.9326923076923077,True,insufficient_equity,0.9326923076923077,"['equity too small for the minimum lot rejected 97 of 104 signals (93%): above 20%, this gate is selecting the trades rather than trimming the tail']",13.0,0.0,True,0.0,1682.0,,,,"97% of the signals never became trades, and 93% of them because the account no longer held enough equity for the broker's minimum lot. That is not a risk block choosing trades, it is a strategy that lost the money it needed to keep trading: the equity curve after that point is a flat line, not a result",,,
macd-signal,XAGUSD.r,H1,backtest,too few trades (23 < 30),,True,True,True,0.09745965302803648,0.04872982651401824,"spread is 9.7% of one ATR (13 of 133 points), 4.9% of a 2x ATR stop. The spread was measured from 2025-04-03, after this series begins (2020-02-27): for the earlier bars it is an assumption, not a measurement",True,2912,40.15690013594923,0.2304819670175321,"PASSES on 1 of 15 combinations. Best: long at 15 bars, net +38.21 pt (p=0.0454). Caution: with 15 parallel tests some positives at the 5% level are expected by chance; confirm out-of-sample.",0.17059980334316618,False,4a05a25fc4096f5a,38517,23.0,-106.68300305539464,-6.6830030553945985,-0.21980126772123623,0.2678275210292486,-0.3600904492309134,0.21739130434782608,1.066830030553946,0.30326356820738054,0.0,0.0,2912.0,2889.0,0.9921016483516484,0.011675824175824176,0.0,0.9804258241758241,True,insufficient_equity,0.9804258241758241,"['equity too small for the minimum lot rejected 2855 of 2912 signals (98%): above 20%, this gate is selecting the trades rather than trimming the tail']",13.0,0.0,True,0.11405353480281434,34124.0,,,,"99% of the signals never became trades, and 98% of them because the account no longer held enough equity for the broker's minimum lot. That is not a risk block choosing trades, it is a strategy that lost the money it needed to keep trading: the equity curve after that point is a flat line, not a result",,,
stochastic-reversal,XBRUSD,H4,backtest,too few trades (25 < 30),,True,True,True,0.03858196341765645,0.019290981708828224,"spread is 3.9% of one ATR (30 of 778 points), 1.9% of a 2x ATR stop. The spread was measured from 2025-02-14, after this series begins (2020-02-27): for the earlier bars it is an assumption, not a measurement",True,773,371.74900878165613,0.045462465348406256,"PASSES on 2 of 15 combinations. Best: both at 30 bars, net +279.31 pt (p=0.0409). Caution: with 15 parallel tests some positives at the 5% level are expected by chance; confirm out-of-sample.",0.09634857318195766,False,cb782d5a0312c4ae,10066,25.0,-100.95866704280436,-0.9586670428043735,-0.223610781539257,-0.2939064309940916,-0.21042046140815474,0.6,1.0065252590178597,0.2746109844389666,0.0,0.0,773.0,748.0,0.9676584734799483,0.01034928848641656,0.0,0.9573091849935317,True,insufficient_equity,0.9573091849935317,"['equity too small for the minimum lot rejected 740 of 773 signals (96%): above 20%, this gate is selecting the trades rather than trimming the tail']",30.0,0.0,True,0.0,10066.0,,,,"97% of the signals never became trades, and 96% of them because the account no longer held enough equity for the broker's minimum lot. That is not a risk block choosing trades, it is a strategy that lost the money it needed to keep trading: the equity curve after that point is a flat line, not a result",,,
stochastic-reversal,EURUSD.r,H4,backtest,negative net PnL: nothing to attack with a null,,True,True,True,0.0036368097491996437,0.0018184048745998218,"spread is 0.4% of one ATR (1 of 275 points), 0.2% of a 2x ATR stop. The spread was measured from 2025-05-01, after this series begins (2020-01-02): for the earlier bars it is an assumption, not a measurement",True,803,167.68209287272512,0.015131362532798343,"PASSES on 5 of 15 combinations. Best: both at 60 bars, net +141.36 pt (p=0.0057). Caution: with 15 parallel tests some positives at the 5% level are expected by chance; confirm out-of-sample.",0.048793423495094135,False,41193e3e262dc3d7,10385,78.0,-101.71872523565123,-1.7187252356512102,-0.25478549907093945,0.10206378667159231,-0.17711977867902542,0.5512820512820513,1.0165781909879648,0.0272907126309756,0.01282051282051282,8.26746135451873,803.0,725.0,0.9028642590286425,0.017434620174346202,0.0,0.8854296388542964,True,insufficient_equity,0.8854296388542964,"['equity too small for the minimum lot rejected 711 of 803 signals (89%): above 20%, this gate is selecting the trades rather than trimming the tail']",1.0,0.0,True,0.0,10385.0,,,,"90% of the signals never became trades, and 89% of them because the account no longer held enough equity for the broker's minimum lot. That is not a risk block choosing trades, it is a strategy that lost the money it needed to keep trading: the equity curve after that point is a flat line, not a result",,,
stochastic-reversal,XAGUSD.r,H4,backtest,too few trades (18 < 30),,True,True,True,0.047892780583584524,0.023946390291792262,"spread is 4.8% of one ATR (13 of 271 points), 2.4% of a 2x ATR stop. The spread was measured from 2025-04-03, after this series begins (2020-02-27): for the earlier bars it is an assumption, not a measurement",True,705,310.1720384658181,0.12414148973162231,"PASSES on 1 of 15 combinations. Best: both at 60 bars, net +248.74 pt (p=0.0358). Caution: with 15 parallel tests some positives at the 5% level are expected by chance; confirm out-of-sample.",0.25409836065573765,True,a476b1338a6c449f,10079,18.0,-105.33987582291567,-5.339875822915651,-0.2993996486734105,0.12000136403068576,-0.24019914501512968,0.5,1.050753105600394,0.22110810245073376,0.0,0.0,705.0,687.0,0.9744680851063829,0.005673758865248227,0.0,0.9687943262411347,True,insufficient_equity,0.9687943262411347,"['equity too small for the minimum lot rejected 683 of 705 signals (97%): above 20%, this gate is selecting the trades rather than trimming the tail']",13.0,0.0,True,0.0,10079.0,,,,"97% of the signals never became trades, and 97% of them because the account no longer held enough equity for the broker's minimum lot. That is not a risk block choosing trades, it is a strategy that lost the money it needed to keep trading: the equity curve after that point is a flat line, not a result",,,
macd-signal,EURUSD.r,D1,backtest,too few trades (22 < 30),,True,True,True,0.0013375010023585125,0.0006687505011792563,"spread is 0.1% of one ATR (1 of 748 points), 0.1% of a 2x ATR stop. The spread was measured from 2025-05-01, after this series begins (2020-01-01): for the earlier bars it is an assumption, not a measurement",True,146,1196.4411119502283,0.04953894150926619,"PASSES on 1 of 15 combinations. Best: long at 120 bars, net +1196.44 pt (p=0.0495). Caution: with 15 parallel tests some positives at the 5% level are expected by chance; confirm out-of-sample.",0.0,False,6ac3dd19182fc40a,1732,22.0,-113.74085130763063,-13.740851307630649,-0.30151122920156237,-0.34966775528052974,-0.2584748929729264,0.2727272727272727,1.096239958415338,0.1719547711477667,0.0,0.0,146.0,124.0,0.8493150684931506,0.2054794520547945,0.0,0.6438356164383562,True,insufficient_equity,0.6438356164383562,"['equity too small for the minimum lot rejected 94 of 146 signals (64%): above 20%, this gate is selecting the trades rather than trimming the tail', 'signal while already in a position rejected 30 of 146 signals (21%): above 20%, this gate is selecting the trades rather than trimming the tail']",1.0,0.0,True,0.0,1732.0,,,,"85% of the signals never became trades, and 64% of them because the account no longer held enough equity for the broker's minimum lot. That is not a risk block choosing trades, it is a strategy that lost the money it needed to keep trading: the equity curve after that point is a flat line, not a result",,,
roc-momentum,USDJPY.r,D1,backtest,too few trades (16 < 30),,True,True,True,0.0023921618614187517,0.0011960809307093759,"spread is 0.2% of one ATR (3 of 1254 points), 0.1% of a 2x ATR stop. The spread was measured from 2025-05-01, after this series begins (2021-05-25): for the earlier bars it is an assumption, not a measurement",True,162,897.9678410647871,0.09072757237121898,"PASSES on 2 of 15 combinations. Best: long at 30 bars, net +798.30 pt (p=0.0372). Caution: with 15 parallel tests some positives at the 5% level are expected by chance; confirm out-of-sample.",0.0,False,c02979ae9ff76de1,1370,16.0,-104.7057100813192,-4.705710081319172,-0.3118332798302944,-0.23272302277071097,-0.6665949566680374,0.1875,1.0470571008131917,0.23139929978836138,0.0,0.0,162.0,146.0,0.9012345679012346,0.24074074074074073,0.0,0.6604938271604939,True,insufficient_equity,0.6604938271604939,"['equity too small for the minimum lot rejected 107 of 162 signals (66%): above 20%, this gate is selecting the trades rather than trimming the tail', 'signal while already in a position rejected 39 of 162 signals (24%): above 20%, this gate is selecting the trades rather than trimming the tail']",3.0,0.0,True,0.0,1370.0,,,,"90% of the signals never became trades, and 66% of them because the account no longer held enough equity for the broker's minimum lot. That is not a risk block choosing trades, it is a strategy that lost the money it needed to keep trading: the equity curve after that point is a flat line, not a result",,,
donchian-breakout,XAUUSD.r,H1,backtest,too few trades (14 < 30),,True,True,True,0.012728058057192923,0.006364029028596461,"spread is 1.3% of one ATR (7 of 550 points), 0.6% of a 2x ATR stop. The spread was measured from 2025-04-02, after this series begins (2020-02-27): for the earlier bars it is an assumption, not a measurement",True,2733,178.989461673662,0.02509280141792536,"PASSES on 3 of 15 combinations. Best: both at 15 bars, net +153.60 pt (p=0.0021). Caution: with 15 parallel tests some positives at the 5% level are expected by chance; confirm out-of-sample.",0.08443465491923642,False,0acac03b963dd480,38510,14.0,-112.12381882387297,-12.123818823872966,-0.3265232589628397,0.38843989382599103,-0.1422880061025376,0.2857142857142857,1.080520108244452,0.24349902176206606,0.0,0.0,2733.0,2719.0,0.9948774240761068,0.0018294914013904135,0.0,0.9930479326747165,True,insufficient_equity,0.9930479326747165,"['equity too small for the minimum lot rejected 2714 of 2733 signals (99%): above 20%, this gate is selecting the trades rather than trimming the tail']",7.0,0.0,True,0.11519085951700857,34074.0,,,,"99% of the signals never became trades, and 99% of them because the account no longer held enough equity for the broker's minimum lot. That is not a risk block choosing trades, it is a strategy that lost the money it needed to keep trading: the equity curve after that point is a flat line, not a result",,,
ema-trend-filter,XAGUSD.r,D1,backtest,too few trades (5 < 30),,True,True,True,0.018251616491909286,0.009125808245954643,"spread is 1.8% of one ATR (13 of 712 points), 0.9% of a 2x ATR stop. The spread was measured from 2025-04-03, after this series begins (2020-02-27): for the earlier bars it is an assumption, not a measurement",True,72,1696.5448997012372,0.017338354605727968,"PASSES on 2 of 15 combinations. Best: short at 120 bars, net +1696.54 pt (p=0.0173). Caution: with 15 parallel tests some positives at the 5% level are expected by chance; confirm out-of-sample.",0.1642512077294686,False,1de621bc90baca97,1682,5.0,-123.04080951342686,-23.040809513426844,-0.33944436811707174,-0.4088699930735273,-0.4351304986654255,0.2,1.1629141303150627,0.4901084523385728,0.0,0.0,72.0,66.0,0.9166666666666666,0.1111111111111111,0.0,0.8055555555555556,True,insufficient_equity,0.8055555555555556,"['equity too small for the minimum lot rejected 58 of 72 signals (81%): above 20%, this gate is selecting the trades rather than trimming the tail']",13.0,0.0,True,0.0,1682.0,,,,"92% of the signals never became trades, and 81% of them because the account no longer held enough equity for the broker's minimum lot. That is not a risk block choosing trades, it is a strategy that lost the money it needed to keep trading: the equity curve after that point is a flat line, not a result",,,
donchian-breakout,XAGUSD.r,D1,backtest,too few trades (5 < 30),,True,True,True,0.018251616491909286,0.009125808245954643,"spread is 1.8% of one ATR (13 of 712 points), 0.9% of a 2x ATR stop. The spread was measured from 2025-04-03, after this series begins (2020-02-27): for the earlier bars it is an assumption, not a measurement",True,132,2709.878233034571,0.00016039026585867866,"PASSES on 5 of 15 combinations. Best: short at 120 bars, net +2709.88 pt (p=0.0002). Caution: with 15 parallel tests some positives at the 5% level are expected by chance; confirm out-of-sample.",0.14594594594594593,False,9eb88926811bc200,1682,5.0,-162.94006056281262,-62.94006056281262,-0.34502319535102083,0.41894042032331896,0.03216247717669296,0.4,1.2622996826212023,0.48345964545220776,0.0,0.0,132.0,127.0,0.9621212121212122,0.06818181818181818,0.0,0.8939393939393939,True,insufficient_equity,0.8939393939393939,"['equity too small for the minimum lot rejected 118 of 132 signals (89%): above 20%, this gate is selecting the trades rather than trimming the tail']",13.0,0.0,True,0.0,1682.0,,,,"96% of the signals never became trades, and 89% of them because the account no longer held enough equity for the broker's minimum lot. That is not a risk block choosing trades, it is a strategy that lost the money it needed to keep trading: the equity curve after that point is a flat line, not a result",,,
atr-volatility-breakout,XAGUSD.r,D1,backtest,too few trades (3 < 30),,True,True,True,0.018251616491909286,0.009125808245954643,"spread is 1.8% of one ATR (13 of 712 points), 0.9% of a 2x ATR stop. The spread was measured from 2025-04-03, after this series begins (2020-02-27): for the earlier bars it is an assumption, not a measurement",True,100,2937.5708256271637,0.0016722988974843256,"PASSES on 6 of 15 combinations. Best: both at 30 bars, net +1439.82 pt (p=0.0145). Caution: with 15 parallel tests some positives at the 5% level are expected by chance; confirm out-of-sample.",0.11627906976744186,False,b2a4fc4cef92344d,1682,3.0,-120.22002258431874,-20.22002258431874,-0.4005816117573099,-0.3319477577083262,-0.06718380589639154,0.3333333333333333,1.1019656774752637,0.5595429955756921,0.0,0.0,100.0,97.0,0.97,0.03,0.0,0.94,True,insufficient_equity,0.94,"['equity too small for the minimum lot rejected 94 of 100 signals (94%): above 20%, this gate is selecting the trades rather than trimming the tail']",13.0,0.0,True,0.0,1682.0,,,,"97% of the signals never became trades, and 94% of them because the account no longer held enough equity for the broker's minimum lot. That is not a risk block choosing trades, it is a strategy that lost the money it needed to keep trading: the equity curve after that point is a flat line, not a result",,,
atr-volatility-breakout,XAUUSD.r,H1,backtest,too few trades (12 < 30),,True,True,True,0.012728058057192923,0.006364029028596461,"spread is 1.3% of one ATR (7 of 550 points), 0.6% of a 2x ATR stop. The spread was measured from 2025-04-02, after this series begins (2020-02-27): for the earlier bars it is an assumption, not a measurement",True,1946,237.29267453733087,0.015349358201767749,"PASSES on 3 of 15 combinations. Best: both at 15 bars, net +180.81 pt (p=0.0025). Caution: with 15 parallel tests some positives at the 5% level are expected by chance; confirm out-of-sample.",0.08405225536110425,False,ce4bbbeac7647942,38510,12.0,-113.84984118752189,-13.849841187521921,-0.4240247739058914,-0.46546982449659274,-0.23895790651817786,0.25,1.125102095765998,0.16987825144145607,0.0,0.0,1946.0,1934.0,0.9938335046248715,0.0010277492291880781,0.0,0.9928057553956835,True,insufficient_equity,0.9928057553956835,"['equity too small for the minimum lot rejected 1932 of 1946 signals (99%): above 20%, this gate is selecting the trades rather than trimming the tail']",7.0,0.0,True,0.11519085951700857,34074.0,,,,"99% of the signals never became trades, and 99% of them because the account no longer held enough equity for the broker's minimum lot. That is not a risk block choosing trades, it is a strategy that lost the money it needed to keep trading: the equity curve after that point is a flat line, not a result",,,
donchian-breakout,XAUUSD.r,D1,backtest,too few trades (6 < 30),,True,True,True,0.002362462220752431,0.0011812311103762156,"spread is 0.2% of one ATR (7 of 2963 points), 0.1% of a 2x ATR stop. The spread was measured from 2025-04-02, after this series begins (2020-02-27): for the earlier bars it is an assumption, not a measurement",True,139,5955.625599261526,0.09672897197899055,"PASSES on 2 of 15 combinations. Best: both at 30 bars, net +3297.98 pt (p=0.0187). Caution: with 15 parallel tests some positives at the 5% level are expected by chance; confirm out-of-sample.",0.07009345794392523,False,ca0bf86e821a29e3,1682,6.0,-146.58657185404232,-46.58657185404231,-0.44481088728815527,0.0037479381107150913,-0.5601095660363103,0.16666666666666666,1.1970455146554417,0.3256110650021298,0.0,0.0,139.0,133.0,0.9568345323741008,0.07194244604316546,0.0,0.8848920863309353,True,insufficient_equity,0.8848920863309353,"['equity too small for the minimum lot rejected 123 of 139 signals (88%): above 20%, this gate is selecting the trades rather than trimming the tail']",7.0,0.0,True,0.0,1682.0,,,,"96% of the signals never became trades, and 88% of them because the account no longer held enough equity for the broker's minimum lot. That is not a risk block choosing trades, it is a strategy that lost the money it needed to keep trading: the equity curve after that point is a flat line, not a result",,,
ema-trend-filter,XBRUSD,H4,backtest,too few trades (10 < 30),,True,True,True,0.03858196341765645,0.019290981708828224,"spread is 3.9% of one ATR (30 of 778 points), 1.9% of a 2x ATR stop. The spread was measured from 2025-02-14, after this series begins (2020-02-27): for the earlier bars it is an assumption, not a measurement",True,463,731.0506209513906,0.052845586180918946,"PASSES on 1 of 15 combinations. Best: short at 30 bars, net +491.99 pt (p=0.0362). Caution: with 15 parallel tests some positives at the 5% level are expected by chance; confirm out-of-sample.",0.03651354534746761,False,0c13c8bb6c76572a,10066,10.0,-118.6595064434776,-18.65950644347759,-0.4666366540749122,-0.04811551599004146,-0.5838769427001033,0.2,1.172083266708716,0.1741482322383514,0.0,0.0,463.0,453.0,0.978401727861771,0.08423326133909287,0.0,0.8941684665226782,True,insufficient_equity,0.8941684665226782,"['equity too small for the minimum lot rejected 414 of 463 signals (89%): above 20%, this gate is selecting the trades rather than trimming the tail']",30.0,0.0,True,0.0,10066.0,,,,"98% of the signals never became trades, and 89% of them because the account no longer held enough equity for the broker's minimum lot. That is not a risk block choosing trades, it is a strategy that lost the money it needed to keep trading: the equity curve after that point is a flat line, not a result",,,
roc-momentum,GBPUSD.r,D1,backtest,too few trades (11 < 30),,True,True,True,0.0032331466889170043,0.0016165733444585021,"spread is 0.3% of one ATR (3 of 928 points), 0.2% of a 2x ATR stop. The spread was measured from 2025-04-30, after this series begins (2021-05-25): for the earlier bars it is an assumption, not a measurement",True,164,609.0686567164187,0.07290078002466482,"PASSES on 1 of 15 combinations. Best: long at 15 bars, net +480.39 pt (p=0.0302). Caution: with 15 parallel tests some positives at the 5% level are expected by chance; confirm out-of-sample.",0.017543859649122806,False,9dabb3a18ddcdf80,1370,11.0,-115.04939169047721,-15.0493916904772,-0.5486092850045201,-0.22905951735818048,-0.48408993609956885,0.18181818181818182,1.13825167487979,0.09885256733726866,0.0,0.0,164.0,153.0,0.9329268292682927,0.12804878048780488,0.0,0.8048780487804879,True,insufficient_equity,0.8048780487804879,"['equity too small for the minimum lot rejected 132 of 164 signals (80%): above 20%, this gate is selecting the trades rather than trimming the tail']",3.0,0.0,True,0.0,1370.0,,,,"93% of the signals never became trades, and 80% of them because the account no longer held enough equity for the broker's minimum lot. That is not a risk block choosing trades, it is a strategy that lost the money it needed to keep trading: the equity curve after that point is a flat line, not a result",,,
atr-volatility-breakout,XAUEUR.r,H4,backtest,too few trades (13 < 30),,True,True,True,0.010087175386279757,0.005043587693139878,"spread is 1.0% of one ATR (10 of 991 points), 0.5% of a 2x ATR stop. The spread was measured from 2025-04-04, after this series begins (2021-06-21): for the earlier bars it is an assumption, not a measurement",True,401,451.58596028078773,0.32985301726930416,"PASSES on 1 of 15 combinations. Best: long at 5 bars, net +411.92 pt (p=0.0227). Caution: with 15 parallel tests some positives at the 5% level are expected by chance; confirm out-of-sample.",0.0709838107098381,False,d9f2a1b3854279ba,8053,13.0,-105.43053115811011,-5.430531158110108,-0.5606584494190261,-0.16283488128758825,-0.5633489153019113,0.15384615384615385,1.0543053115811012,0.06611217041672002,0.0,0.0,401.0,388.0,0.9675810473815462,0.0024937655860349127,0.0,0.9650872817955112,True,insufficient_equity,0.9650872817955112,"['equity too small for the minimum lot rejected 387 of 401 signals (97%): above 20%, this gate is selecting the trades rather than trimming the tail']",10.0,0.0,True,0.0,8053.0,,,,"97% of the signals never became trades, and 97% of them because the account no longer held enough equity for the broker's minimum lot. That is not a risk block choosing trades, it is a strategy that lost the money it needed to keep trading: the equity curve after that point is a flat line, not a result",,,
bollinger-breakout,XAUEUR.r,H4,backtest,too few trades (14 < 30),,True,True,True,0.010087175386279757,0.005043587693139878,"spread is 1.0% of one ATR (10 of 991 points), 0.5% of a 2x ATR stop. The spread was measured from 2025-04-04, after this series begins (2021-06-21): for the earlier bars it is an assumption, not a measurement",True,445,584.7667804398116,0.001024465174054523,"PASSES on 2 of 15 combinations. Best: long at 5 bars, net +584.77 pt (p=0.0010). Caution: with 15 parallel tests some positives at the 5% level are expected by chance; confirm out-of-sample.",0.07003444316877153,False,64f60850c67f5495,8053,14.0,-113.1860245214566,-13.186024521456586,-0.5875287083151957,-0.5718893203952734,-0.6417261084031226,0.14285714285714285,1.1318602452145659,0.046640244009290344,0.0,0.0,445.0,431.0,0.9685393258426966,0.006741573033707865,0.0,0.9617977528089887,True,insufficient_equity,0.9617977528089887,"['equity too small for the minimum lot rejected 428 of 445 signals (96%): above 20%, this gate is selecting the trades rather than trimming the tail']",10.0,0.0,True,0.0,8053.0,,,,"97% of the signals never became trades, and 96% of them because the account no longer held enough equity for the broker's minimum lot. That is not a risk block choosing trades, it is a strategy that lost the money it needed to keep trading: the equity curve after that point is a flat line, not a result",,,
rsi-mean-reversion,XBRUSD,H4,backtest,too few trades (10 < 30),,True,True,True,0.03858196341765645,0.019290981708828224,"spread is 3.9% of one ATR (30 of 778 points), 1.9% of a 2x ATR stop. The spread was measured from 2025-02-14, after this series begins (2020-02-27): for the earlier bars it is an assumption, not a measurement",True,316,748.1068159104532,0.05310810331714355,"PASSES on 4 of 15 combinations. Best: both at 60 bars, net +747.49 pt (p=0.0097). Caution: with 15 parallel tests some positives at the 5% level are expected by chance; confirm out-of-sample.",0.09696225836146058,False,d625d0f932d42bc1,10066,10.0,-105.42203140233252,-5.422031402332539,-0.6987112322879009,-0.6619369452010797,-0.6828990232402775,0.3,1.0519628574327595,0.05448798791822451,0.0,0.0,316.0,306.0,0.9683544303797469,0.012658227848101266,0.0,0.9556962025316456,True,insufficient_equity,0.9556962025316456,"['equity too small for the minimum lot rejected 302 of 316 signals (96%): above 20%, this gate is selecting the trades rather than trimming the tail']",30.0,0.0,True,0.0,10066.0,,,,"97% of the signals never became trades, and 96% of them because the account no longer held enough equity for the broker's minimum lot. That is not a risk block choosing trades, it is a strategy that lost the money it needed to keep trading: the equity curve after that point is a flat line, not a result",,,
bollinger-mean-reversion,XBRUSD,H4,backtest,too few trades (7 < 30),,True,True,True,0.03858196341765645,0.019290981708828224,"spread is 3.9% of one ATR (30 of 778 points), 1.9% of a 2x ATR stop. The spread was measured from 2025-02-14, after this series begins (2020-02-27): for the earlier bars it is an assumption, not a measurement",True,608,484.43262070926426,0.06911775357239303,"PASSES on 1 of 15 combinations. Best: both at 60 bars, net +482.88 pt (p=0.0181). Caution: with 15 parallel tests some positives at the 5% level are expected by chance; confirm out-of-sample.",0.09824561403508772,False,0e017439f191fddd,10066,7.0,-101.52321252384877,-1.523212523848784,-0.7357066516582053,-0.5912258530546635,-0.5942337000266269,0.2857142857142857,1.015232125238488,0.0995412411739478,0.0,0.0,608.0,601.0,0.9884868421052632,0.001644736842105263,0.0,0.9868421052631579,True,insufficient_equity,0.9868421052631579,"['equity too small for the minimum lot rejected 600 of 608 signals (99%): above 20%, this gate is selecting the trades rather than trimming the tail']",30.0,0.0,True,0.0,10066.0,,,,"99% of the signals never became trades, and 99% of them because the account no longer held enough equity for the broker's minimum lot. That is not a risk block choosing trades, it is a strategy that lost the money it needed to keep trading: the equity curve after that point is a flat line, not a result",,,
ema-trend-filter,XBRUSD,D1,backtest,too few trades (2 < 30),,True,True,True,0.014020380705156456,0.007010190352578228,"spread is 1.4% of one ATR (30 of 2140 points), 0.7% of a 2x ATR stop. The spread was measured from 2025-02-14, after this series begins (2020-02-27): for the earlier bars it is an assumption, not a measurement",True,72,7830.96274726768,3.1710398261997064e-05,"PASSES on 4 of 15 combinations. Best: short at 120 bars, net +7830.96 pt (p=0.0000). Caution: with 15 parallel tests some positives at the 5% level are expected by chance; confirm out-of-sample.",0.033898305084745756,False,adf12f7738d746d0,1681,2.0,-346.4051439880011,-246.40514398800107,-1.134849132081134,-0.4523198561515301,-2.135984169857086,0.0,2.2039249198790793,0.3547376599202279,0.0,0.0,72.0,70.0,0.9722222222222222,0.1527777777777778,0.0,0.8194444444444444,True,insufficient_equity,0.8194444444444444,"['equity too small for the minimum lot rejected 59 of 72 signals (82%): above 20%, this gate is selecting the trades rather than trimming the tail']",30.0,0.0,True,0.0,1681.0,,,,"97% of the signals never became trades, and 82% of them because the account no longer held enough equity for the broker's minimum lot. That is not a risk block choosing trades, it is a strategy that lost the money it needed to keep trading: the equity curve after that point is a flat line, not a result",,,
roc-momentum,XAUUSD.r,H4,backtest,too few trades (2 < 30),,True,True,True,0.006385539213631889,0.0031927696068159445,"spread is 0.6% of one ATR (7 of 1096 points), 0.3% of a 2x ATR stop. The spread was measured from 2025-04-02, after this series begins (2020-02-27): for the earlier bars it is an assumption, not a measurement",True,1202,538.2530164576276,0.030586469854289144,"PASSES on 1 of 15 combinations. Best: long at 30 bars, net +538.25 pt (p=0.0306). Caution: with 15 parallel tests some positives at the 5% level are expected by chance; confirm out-of-sample.",0.07116788321167883,False,4773fa173b7fd78c,10076,2.0,-101.97141598492269,-1.971415984922693,-3.1390732530864023,-0.4388831984212168,-1.1334432370336271,0.0,1.0134006932386443,0.14105052058700762,0.0,0.0,1202.0,1200.0,0.9983361064891847,0.0066555740432612314,0.0,0.9916805324459235,True,insufficient_equity,0.9916805324459235,"['equity too small for the minimum lot rejected 1192 of 1202 signals (99%): above 20%, this gate is selecting the trades rather than trimming the tail']",7.0,0.0,True,0.0,10076.0,,,,"100% of the signals never became trades, and 99% of them because the account no longer held enough equity for the broker's minimum lot. That is not a risk block choosing trades, it is a strategy that lost the money it needed to keep trading: the equity curve after that point is a flat line, not a result",,,
roc-momentum,XBRUSD,D1,backtest,too few trades (2 < 30),,True,True,True,0.014020380705156456,0.007010190352578228,"spread is 1.4% of one ATR (30 of 2140 points), 0.7% of a 2x ATR stop. The spread was measured from 2025-02-14, after this series begins (2020-02-27): for the earlier bars it is an assumption, not a measurement",True,217,3087.1347615279287,0.014785318245648993,"PASSES on 1 of 15 combinations. Best: short at 120 bars, net +3087.13 pt (p=0.0148). Caution: with 15 parallel tests some positives at the 5% level are expected by chance; confirm out-of-sample.",0.02654867256637168,False,bbaf04d0132724c1,1681,2.0,-141.94408285114662,-41.944082851146604,-3.298828191514546,-0.4733922313658858,-1.1435127954920106,0.0,1.2961133508372362,0.13442586388562705,0.0,0.0,217.0,215.0,0.9907834101382489,0.0,0.0,0.9907834101382489,True,insufficient_equity,0.9907834101382489,"['equity too small for the minimum lot rejected 215 of 217 signals (99%): above 20%, this gate is selecting the trades rather than trimming the tail']",30.0,0.0,True,0.0,1681.0,,,,"99% of the signals never became trades, and 99% of them because the account no longer held enough equity for the broker's minimum lot. That is not a risk block choosing trades, it is a strategy that lost the money it needed to keep trading: the equity curve after that point is a flat line, not a result",,,
bollinger-breakout,XAUUSD.r,D1,backtest,too few trades (2 < 30),,True,True,True,0.002362462220752431,0.0011812311103762156,"spread is 0.2% of one ATR (7 of 2963 points), 0.1% of a 2x ATR stop. The spread was measured from 2025-04-02, after this series begins (2020-02-27): for the earlier bars it is an assumption, not a measurement",True,103,7589.6508209488,0.0222304514402909,"PASSES on 4 of 15 combinations. Best: short at 30 bars, net +7447.55 pt (p=0.0013). Caution: with 15 parallel tests some positives at the 5% level are expected by chance; confirm out-of-sample.",0.0717948717948718,False,d0a966abfb91a93f,1682,2.0,-110.39279122486774,-10.392791224867736,-4.323668462907617,-0.626666648150625,-1.1115319808388986,0.0,1.1012275809439174,0.10320124988308166,0.0,0.0,103.0,101.0,0.9805825242718447,0.0,0.0,0.9805825242718447,True,insufficient_equity,0.9805825242718447,"['equity too small for the minimum lot rejected 101 of 103 signals (98%): above 20%, this gate is selecting the trades rather than trimming the tail']",7.0,0.0,True,0.0,1682.0,,,,"98% of the signals never became trades, and 98% of them because the account no longer held enough equity for the broker's minimum lot. That is not a risk block choosing trades, it is a strategy that lost the money it needed to keep trading: the equity curve after that point is a flat line, not a result",,,
atr-volatility-breakout,XAUUSD.r,D1,backtest,too few trades (2 < 30),,True,True,True,0.002362462220752431,0.0011812311103762156,"spread is 0.2% of one ATR (7 of 2963 points), 0.1% of a 2x ATR stop. The spread was measured from 2025-04-02, after this series begins (2020-02-27): for the earlier bars it is an assumption, not a measurement",True,83,8634.469453082129,0.08118809679092953,"PASSES on 1 of 15 combinations. Best: both at 30 bars, net +3399.42 pt (p=0.0377). Caution: with 15 parallel tests some positives at the 5% level are expected by chance; confirm out-of-sample.",0.07614213197969542,False,1e328a432b961081,1682,2.0,-102.87225943128189,-2.87225943128189,-6.905769440507401,-0.43701773203448785,-1.0243073494174864,0.0,1.0287225943128189,0.06495941749586143,0.0,0.0,83.0,81.0,0.9759036144578314,0.0,0.0,0.9759036144578314,True,insufficient_equity,0.9759036144578314,"['equity too small for the minimum lot rejected 81 of 83 signals (98%): above 20%, this gate is selecting the trades rather than trimming the tail']",7.0,0.0,True,0.0,1682.0,,,,"98% of the signals never became trades, and 98% of them because the account no longer held enough equity for the broker's minimum lot. That is not a risk block choosing trades, it is a strategy that lost the money it needed to keep trading: the equity curve after that point is a flat line, not a result",,,
donchian-breakout,GBPUSD.r,D1,backtest,too few trades (7 < 30),,True,True,True,0.0032331466889170043,0.0016165733444585021,"spread is 0.3% of one ATR (3 of 928 points), 0.2% of a 2x ATR stop. The spread was measured from 2025-04-30, after this series begins (2021-05-25): for the earlier bars it is an assumption, not a measurement",True,114,728.7133935585221,0.013906890470553601,"PASSES on 1 of 15 combinations. Best: long at 30 bars, net +728.71 pt (p=0.0139). Caution: with 15 parallel tests some positives at the 5% level are expected by chance; confirm out-of-sample.",0.017543859649122806,False,6026234f7012b78b,1370,7.0,-112.91116993762472,-12.911169937624711,-10.13124051049822,0.3722902454466841,-1.0343731970419168,0.0,1.1152823775482483,1.7805424934458358e-07,0.0,0.0,114.0,107.0,0.9385964912280702,0.07894736842105263,0.0,0.8596491228070176,True,insufficient_equity,0.8596491228070176,"['equity too small for the minimum lot rejected 98 of 114 signals (86%): above 20%, this gate is selecting the trades rather than trimming the tail']",3.0,0.0,True,0.0,1370.0,,,,"94% of the signals never became trades, and 86% of them because the account no longer held enough equity for the broker's minimum lot. That is not a risk block choosing trades, it is a strategy that lost the money it needed to keep trading: the equity curve after that point is a flat line, not a result",,,
ma-crossover,XAUUSD.r,H1,gate,stopped at gate zero,,True,True,True,0.012728058057192923,0.006364029028596461,"spread is 1.3% of one ATR (7 of 550 points), 0.6% of a 2x ATR stop. The spread was measured from 2025-04-02, after this series begins (2020-02-27): for the earlier bars it is an assumption, not a measurement",False,243,397.21582561747016,0.32678167857526796,"DOES NOT PASS: no horizon beats the spread with significance. The best is long at 120 bars with net +397.22 pt over 121 observations, but p=0.327 (standard error 882.8 pt): indistinguishable from zero. No SL/TP combination can rescue a signal without an edge.",0.08358662613981764,False,,38510,,,,,,,,,,,,,,,,,,,,,[],,,,,,,,,,,,
ma-crossover,XAUUSD.r,H4,gate,stopped at gate zero,,True,True,True,0.006385539213631889,0.0031927696068159445,"spread is 0.6% of one ATR (7 of 1096 points), 0.3% of a 2x ATR stop. The spread was measured from 2025-04-02, after this series begins (2020-02-27): for the earlier bars it is an assumption, not a measurement",False,62,695.6578785365305,0.38057648038305625,"DOES NOT PASS: no horizon beats the spread with significance. The best is long at 120 bars with net +695.66 pt over 31 observations, but p=0.381 (standard error 2267.8 pt): indistinguishable from zero. No SL/TP combination can rescue a signal without an edge.",0.08256172839506172,False,,10076,,,,,,,,,,,,,,,,,,,,,[],,,,,,,,,,,,
ma-crossover,XAUUSD.r,D1,gate,stopped at gate zero,,True,True,True,0.002362462220752431,0.0011812311103762156,"spread is 0.2% of one ATR (7 of 2963 points), 0.1% of a 2x ATR stop. The spread was measured from 2025-04-02, after this series begins (2020-02-27): for the earlier bars it is an assumption, not a measurement",False,11,12747.383738796416,0.053704125156720184,"DOES NOT PASS: no horizon beats the spread with significance. The best is short at 120 bars with net +12747.38 pt over 5 observations, but p=0.054 (standard error 6162.5 pt): indistinguishable from zero. No SL/TP combination can rescue a signal without an edge.",0.08391608391608392,False,,1682,,,,,,,,,,,,,,,,,,,,,[],,,,,,,,,,,,
ma-crossover,XAGUSD.r,H1,gate,stopped at gate zero,,True,True,True,0.09745965302803648,0.04872982651401824,"spread is 9.7% of one ATR (13 of 133 points), 4.9% of a 2x ATR stop. The spread was measured from 2025-04-03, after this series begins (2020-02-27): for the earlier bars it is an assumption, not a measurement",False,230,287.3967271291754,0.07552800027141526,"DOES NOT PASS: no horizon beats the spread with significance. The best is short at 120 bars with net +287.40 pt over 114 observations, but p=0.076 (standard error 198.8 pt): indistinguishable from zero. No SL/TP combination can rescue a signal without an edge.",0.17057193247669436,False,,38517,,,,,,,,,,,,,,,,,,,,,[],,,,,,,,,,,,
ma-crossover,XAGUSD.r,H4,gate,stopped at gate zero,,True,True,True,0.047892780583584524,0.023946390291792262,"spread is 4.8% of one ATR (13 of 271 points), 2.4% of a 2x ATR stop. The spread was measured from 2025-04-03, after this series begins (2020-02-27): for the earlier bars it is an assumption, not a measurement",False,64,-126.03562201907829,0.659416295238874,"DOES NOT PASS: no horizon beats the spread with significance. The best is short at 15 bars with net -126.04 pt over 32 observations, but p=0.659 (standard error 303.9 pt): indistinguishable from zero. No SL/TP combination can rescue a signal without an edge.",0.1646090534979424,False,,10079,,,,,,,,,,,,,,,,,,,,,[],,,,,,,,,,,,
ma-crossover,XAGUSD.r,D1,gate,stopped at gate zero,,True,True,True,0.018251616491909286,0.009125808245954643,"spread is 1.8% of one ATR (13 of 712 points), 0.9% of a 2x ATR stop. The spread was measured from 2025-04-03, after this series begins (2020-02-27): for the earlier bars it is an assumption, not a measurement",False,9,1758.9782330345715,0.14375013462499875,"DOES NOT PASS: no horizon beats the spread with significance. The best is short at 120 bars with net +1758.98 pt over 4 observations, but p=0.144 (standard error 1363.6 pt): indistinguishable from zero. No SL/TP combination can rescue a signal without an edge.",0.19753086419753085,False,,1682,,,,,,,,,,,,,,,,,,,,,[],,,,,,,,,,,,
ma-crossover,XAUEUR.r,H1,gate,stopped at gate zero,,True,True,True,0.01997877587435218,0.00998938793717609,"spread is 2.0% of one ATR (10 of 501 points), 1.0% of a 2x ATR stop. The spread was measured from 2025-04-04, after this series begins (2021-06-21): for the earlier bars it is an assumption, not a measurement",False,206,313.68276714071567,0.301568777667201,"DOES NOT PASS: no horizon beats the spread with significance. The best is long at 120 bars with net +313.68 pt over 103 observations, but p=0.302 (standard error 601.5 pt): indistinguishable from zero. No SL/TP combination can rescue a signal without an edge.",0.07888111888111887,False,,30777,,,,,,,,,,,,,,,,,,,,,[],,,,,,,,,,,,
ma-crossover,XAUEUR.r,H4,gate,stopped at gate zero,,True,True,True,0.010087175386279757,0.005043587693139878,"spread is 1.0% of one ATR (10 of 991 points), 0.5% of a 2x ATR stop. The spread was measured from 2025-04-04, after this series begins (2021-06-21): for the earlier bars it is an assumption, not a measurement",False,62,602.8632624067961,0.1576565173752491,"DOES NOT PASS: no horizon beats the spread with significance. The best is long at 15 bars with net +602.86 pt over 31 observations, but p=0.158 (standard error 590.3 pt): indistinguishable from zero. No SL/TP combination can rescue a signal without an edge.",0.08871493803000652,False,,8053,,,,,,,,,,,,,,,,,,,,,[],,,,,,,,,,,,
ma-crossover,XAUEUR.r,D1,gate,stopped at gate zero,,True,True,True,0.0037239237659102654,0.0018619618829551327,"spread is 0.4% of one ATR (10 of 2685 points), 0.2% of a 2x ATR stop. The spread was measured from 2025-04-04, after this series begins (2021-06-20): for the earlier bars it is an assumption, not a measurement",False,5,6076.597551020412,0.07391633335483105,"DOES NOT PASS: no horizon beats the spread with significance. The best is short at 120 bars with net +6076.60 pt over 2 observations, but p=0.074 (standard error 1437.0 pt): indistinguishable from zero. No SL/TP combination can rescue a signal without an edge.",0.07216494845360824,False,,1345,,,,,,,,,,,,,,,,,,,,,[],,,,,,,,,,,,
ma-crossover,EURUSD.r,H1,gate,stopped at gate zero,,True,True,True,0.007679899323800575,0.0038399496619002877,"spread is 0.8% of one ATR (1 of 130 points), 0.4% of a 2x ATR stop. The spread was measured from 2025-05-01, after this series begins (2020-01-02): for the earlier bars it is an assumption, not a measurement",False,268,36.86132422337991,0.35498100276342215,"DOES NOT PASS: no horizon beats the spread with significance. The best is short at 120 bars with net +36.86 pt over 133 observations, but p=0.355 (standard error 98.9 pt): indistinguishable from zero. No SL/TP combination can rescue a signal without an edge.",0.025601950624809508,False,,41530,,,,,,,,,,,,,,,,,,,,,[],,,,,,,,,,,,
ma-crossover,EURUSD.r,H4,gate,stopped at gate zero,,True,True,True,0.0036368097491996437,0.0018184048745998218,"spread is 0.4% of one ATR (1 of 275 points), 0.2% of a 2x ATR stop. The spread was measured from 2025-05-01, after this series begins (2020-01-02): for the earlier bars it is an assumption, not a measurement",False,53,345.4945427648761,0.2136855098243302,"DOES NOT PASS: no horizon beats the spread with significance. The best is long at 120 bars with net +345.49 pt over 27 observations, but p=0.214 (standard error 428.5 pt): indistinguishable from zero. No SL/TP combination can rescue a signal without an edge.",0.007220216606498194,False,,10385,,,,,,,,,,,,,,,,,,,,,[],,,,,,,,,,,,
ma-crossover,EURUSD.r,D1,gate,stopped at gate zero,,True,True,True,0.0013375010023585125,0.0006687505011792563,"spread is 0.1% of one ATR (1 of 748 points), 0.1% of a 2x ATR stop. The spread was measured from 2025-05-01, after this series begins (2020-01-01): for the earlier bars it is an assumption, not a measurement",False,13,646.454887218048,0.269892062573579,"DOES NOT PASS: no horizon beats the spread with significance. The best is short at 60 bars with net +646.45 pt over 7 observations, but p=0.270 (standard error 994.6 pt): indistinguishable from zero. No SL/TP combination can rescue a signal without an edge.",0.0,False,,1732,,,,,,,,,,,,,,,,,,,,,[],,,,,,,,,,,,
ma-crossover,GBPUSD.r,H1,gate,stopped at gate zero,,True,True,True,0.018020655893110193,0.009010327946555097,"spread is 1.8% of one ATR (3 of 166 points), 0.9% of a 2x ATR stop. The spread was measured from 2025-04-30, after this series begins (2021-05-25): for the earlier bars it is an assumption, not a measurement",False,192,104.24876654787582,0.23971227484030022,"DOES NOT PASS: no horizon beats the spread with significance. The best is short at 120 bars with net +104.25 pt over 95 observations, but p=0.240 (standard error 146.8 pt): indistinguishable from zero. No SL/TP combination can rescue a signal without an edge.",0.03225806451612903,False,,32848,,,,,,,,,,,,,,,,,,,,,[],,,,,,,,,,,,
ma-crossover,GBPUSD.r,H4,gate,stopped at gate zero,,True,True,True,0.00859340881828639,0.004296704409143195,"spread is 0.9% of one ATR (3 of 349 points), 0.4% of a 2x ATR stop. The spread was measured from 2025-04-30, after this series begins (2021-05-25): for the earlier bars it is an assumption, not a measurement",False,43,265.5335961148231,0.138957088970052,"DOES NOT PASS: no horizon beats the spread with significance. The best is long at 15 bars with net +265.53 pt over 22 observations, but p=0.139 (standard error 238.4 pt): indistinguishable from zero. No SL/TP combination can rescue a signal without an edge.",0.01910828025477707,False,,8214,,,,,,,,,,,,,,,,,,,,,[],,,,,,,,,,,,
ma-crossover,GBPUSD.r,D1,gate,stopped at gate zero,,True,True,True,0.0032331466889170043,0.0016165733444585021,"spread is 0.3% of one ATR (3 of 928 points), 0.2% of a 2x ATR stop. The spread was measured from 2025-04-30, after this series begins (2021-05-25): for the earlier bars it is an assumption, not a measurement",False,11,1322.232800000003,0.23746472726362033,"DOES NOT PASS: no horizon beats the spread with significance. The best is long at 120 bars with net +1322.23 pt over 4 observations, but p=0.237 (standard error 1623.1 pt): indistinguishable from zero. No SL/TP combination can rescue a signal without an edge.",0.015151515151515152,False,,1370,,,,,,,,,,,,,,,,,,,,,[],,,,,,,,,,,,
ma-crossover,USDJPY.r,H1,gate,stopped at gate zero,,True,True,True,0.014470336124596027,0.007235168062298013,"spread is 1.4% of one ATR (3 of 207 points), 0.7% of a 2x ATR stop. The spread was measured from 2025-05-01, after this series begins (2021-05-25): for the earlier bars it is an assumption, not a measurement",False,217,39.69154860011581,0.07884927435170264,"DOES NOT PASS: no horizon beats the spread with significance. The best is long at 5 bars with net +39.69 pt over 108 observations, but p=0.079 (standard error 27.9 pt): indistinguishable from zero. No SL/TP combination can rescue a signal without an edge.",0.04070723684210526,False,,32849,,,,,,,,,,,,,,,,,,,,,[],,,,,,,,,,,,
ma-crossover,USDJPY.r,H4,gate,stopped at gate zero,,True,True,True,0.006604612117296079,0.0033023060586480396,"spread is 0.7% of one ATR (3 of 454 points), 0.3% of a 2x ATR stop. The spread was measured from 2025-05-01, after this series begins (2021-05-25): for the earlier bars it is an assumption, not a measurement",False,45,1021.7945503964743,0.05982956330032396,"DOES NOT PASS: no horizon beats the spread with significance. The best is long at 120 bars with net +1021.79 pt over 22 observations, but p=0.060 (standard error 629.8 pt): indistinguishable from zero. No SL/TP combination can rescue a signal without an edge.",0.03815261044176707,False,,8214,,,,,,,,,,,,,,,,,,,,,[],,,,,,,,,,,,
ma-crossover,USDJPY.r,D1,gate,stopped at gate zero,,True,True,True,0.0023921618614187517,0.0011960809307093759,"spread is 0.2% of one ATR (3 of 1254 points), 0.1% of a 2x ATR stop. The spread was measured from 2025-05-01, after this series begins (2021-05-25): for the earlier bars it is an assumption, not a measurement",False,6,1780.6836408364104,0.3213989381922404,"DOES NOT PASS: no horizon beats the spread with significance. The best is short at 15 bars with net +1780.68 pt over 3 observations, but p=0.321 (standard error 3292.4 pt): indistinguishable from zero. No SL/TP combination can rescue a signal without an edge.",0.0,False,,1370,,,,,,,,,,,,,,,,,,,,,[],,,,,,,,,,,,
ma-crossover,AUDUSD.r,H1,gate,stopped at gate zero,,True,True,True,0.025799096276849957,0.012899548138424978,"spread is 2.6% of one ATR (3 of 116 points), 1.3% of a 2x ATR stop. The spread was measured from 2025-05-01, after this series begins (2021-05-25): for the earlier bars it is an assumption, not a measurement",False,212,13.622957466862402,0.42150844493656336,"DOES NOT PASS: no horizon beats the spread with significance. The best is short at 60 bars with net +13.62 pt over 105 observations, but p=0.422 (standard error 68.6 pt): indistinguishable from zero. No SL/TP combination can rescue a signal without an edge.",0.022310361923648984,False,,32849,,,,,,,,,,,,,,,,,,,,,[],,,,,,,,,,,,
ma-crossover,AUDUSD.r,D1,gate,stopped at gate zero,,True,True,True,0.004762306669942238,0.002381153334971119,"spread is 0.5% of one ATR (3 of 630 points), 0.2% of a 2x ATR stop. The spread was measured from 2025-05-01, after this series begins (2021-05-25): for the earlier bars it is an assumption, not a measurement",False,9,1268.9380597014917,0.10895309999211356,"DOES NOT PASS: no horizon beats the spread with significance. The best is short at 30 bars with net +1268.94 pt over 4 observations, but p=0.109 (standard error 816.3 pt): indistinguishable from zero. No SL/TP combination can rescue a signal without an edge.",0.0,False,,1370,,,,,,,,,,,,,,,,,,,,,[],,,,,,,,,,,,
ma-crossover,USDCAD.r,H1,gate,stopped at gate zero,,True,True,True,0.03648764786316221,0.018243823931581107,"spread is 3.6% of one ATR (5 of 137 points), 1.8% of a 2x ATR stop. The spread was measured from 2025-05-01, after this series begins (2021-05-25): for the earlier bars it is an assumption, not a measurement",False,198,6.0359137454839455,0.4477502578398084,"DOES NOT PASS: no horizon beats the spread with significance. The best is short at 15 bars with net +6.04 pt over 99 observations, but p=0.448 (standard error 45.8 pt): indistinguishable from zero. No SL/TP combination can rescue a signal without an edge.",0.017715617715617714,False,,32849,,,,,,,,,,,,,,,,,,,,,[],,,,,,,,,,,,
ma-crossover,USDCAD.r,H4,gate,stopped at gate zero,,True,True,True,0.017307692096939768,0.008653846048469884,"spread is 1.7% of one ATR (5 of 289 points), 0.9% of a 2x ATR stop. The spread was measured from 2025-05-01, after this series begins (2021-05-25): for the earlier bars it is an assumption, not a measurement",False,53,579.0571498650967,0.037736923321981974,"DOES NOT PASS: no horizon beats the spread with significance. The best is short at 60 bars with net +579.06 pt over 27 observations, but p=0.038 (standard error 312.7 pt): indistinguishable from zero. No SL/TP combination can rescue a signal without an edge.",0.0156794425087108,False,,8214,,,,,,,,,,,,,,,,,,,,,[],,,,,,,,,,,,
ma-crossover,USDCAD.r,D1,gate,stopped at gate zero,,True,True,True,0.006510206023604206,0.003255103011802103,"spread is 0.7% of one ATR (5 of 768 points), 0.3% of a 2x ATR stop. The spread was measured from 2025-05-01, after this series begins (2021-05-25): for the earlier bars it is an assumption, not a measurement",False,10,435.22783882783654,0.2171767136824474,"DOES NOT PASS: no horizon beats the spread with significance. The best is long at 5 bars with net +435.23 pt over 5 observations, but p=0.217 (standard error 501.4 pt): indistinguishable from zero. No SL/TP combination can rescue a signal without an edge.",0.008403361344537815,False,,1370,,,,,,,,,,,,,,,,,,,,,[],,,,,,,,,,,,
ma-crossover,XTIUSD,H4,gate,stopped at gate zero,,True,True,True,0.03646448827569436,0.01823224413784718,"spread is 3.6% of one ATR (30 of 823 points), 1.8% of a 2x ATR stop. The spread was measured from 2025-04-02, after this series begins (2020-02-23): for the earlier bars it is an assumption, not a measurement",False,53,1848.825962888125,0.08931182138339633,"DOES NOT PASS: no horizon beats the spread with significance. The best is short at 120 bars with net +1848.83 pt over 26 observations, but p=0.089 (standard error 1336.0 pt): indistinguishable from zero. No SL/TP combination can rescue a signal without an edge.",0.03666666666666667,False,,10094,,,,,,,,,,,,,,,,,,,,,[],,,,,,,,,,,,
ma-crossover,XTIUSD,D1,gate,stopped at gate zero,,True,True,True,0.01314985639032265,0.006574928195161325,"spread is 1.3% of one ATR (30 of 2281 points), 0.7% of a 2x ATR stop. The spread was measured from 2025-04-02, after this series begins (2020-02-23): for the earlier bars it is an assumption, not a measurement",False,10,9086.053514376998,0.0612738803172741,"DOES NOT PASS: no horizon beats the spread with significance. The best is short at 120 bars with net +9086.05 pt over 4 observations, but p=0.061 (standard error 4257.8 pt): indistinguishable from zero. No SL/TP combination can rescue a signal without an edge.",0.03937007874015748,False,,1685,,,,,,,,,,,,,,,,,,,,,[],,,,,,,,,,,,
ma-crossover,XBRUSD,H1,gate,stopped at gate zero,,True,True,True,0.07355337738489766,0.03677668869244883,"spread is 7.4% of one ATR (30 of 408 points), 3.7% of a 2x ATR stop. The spread was measured from 2025-02-14, after this series begins (2020-02-28): for the earlier bars it is an assumption, not a measurement",False,219,258.52661527477653,0.11700112640724802,"DOES NOT PASS: no horizon beats the spread with significance. The best is short at 30 bars with net +258.53 pt over 109 observations, but p=0.117 (standard error 216.0 pt): indistinguishable from zero. No SL/TP combination can rescue a signal without an edge.",0.04171741778319123,False,,35149,,,,,,,,,,,,,,,,,,,,,[],,,,,,,,,,,,
ma-crossover,XBRUSD,H4,gate,stopped at gate zero,,True,True,True,0.03858196341765645,0.019290981708828224,"spread is 3.9% of one ATR (30 of 778 points), 1.9% of a 2x ATR stop. The spread was measured from 2025-02-14, after this series begins (2020-02-27): for the earlier bars it is an assumption, not a measurement",False,55,1714.550863552068,0.1221437157707772,"DOES NOT PASS: no horizon beats the spread with significance. The best is short at 120 bars with net +1714.55 pt over 27 observations, but p=0.122 (standard error 1439.2 pt): indistinguishable from zero. No SL/TP combination can rescue a signal without an edge.",0.035632183908045977,False,,10066,,,,,,,,,,,,,,,,,,,,,[],,,,,,,,,,,,
ma-crossover,XBRUSD,D1,gate,stopped at gate zero,,True,True,True,0.014020380705156456,0.007010190352578228,"spread is 1.4% of one ATR (30 of 2140 points), 0.7% of a 2x ATR stop. The spread was measured from 2025-02-14, after this series begins (2020-02-27): for the earlier bars it is an assumption, not a measurement",False,10,7725.477898782833,0.07937559571779229,"DOES NOT PASS: no horizon beats the spread with significance. The best is short at 120 bars with net +7725.48 pt over 4 observations, but p=0.079 (standard error 4138.3 pt): indistinguishable from zero. No SL/TP combination can rescue a signal without an edge.",0.031496062992125984,False,,1681,,,,,,,,,,,,,,,,,,,,,[],,,,,,,,,,,,
rsi-mean-reversion,XAUUSD.r,H1,gate,stopped at gate zero,,True,True,True,0.012728058057192923,0.006364029028596461,"spread is 1.3% of one ATR (7 of 550 points), 0.6% of a 2x ATR stop. The spread was measured from 2025-04-02, after this series begins (2020-02-27): for the earlier bars it is an assumption, not a measurement",False,1272,505.32851877626706,0.053720086546470536,"DOES NOT PASS: no horizon beats the spread with significance. The best is short at 120 bars with net +505.33 pt over 737 observations, but p=0.054 (standard error 313.5 pt): indistinguishable from zero. No SL/TP combination can rescue a signal without an edge.",0.14549468191852297,False,,38510,,,,,,,,,,,,,,,,,,,,,[],,,,,,,,,,,,
rsi-mean-reversion,XAUUSD.r,H4,gate,stopped at gate zero,,True,True,True,0.006385539213631889,0.0031927696068159445,"spread is 0.6% of one ATR (7 of 1096 points), 0.3% of a 2x ATR stop. The spread was measured from 2025-04-02, after this series begins (2020-02-27): for the earlier bars it is an assumption, not a measurement",False,363,872.2714310917743,0.0757483798428148,"DOES NOT PASS: no horizon beats the spread with significance. The best is long at 30 bars with net +872.27 pt over 123 observations, but p=0.076 (standard error 604.4 pt): indistinguishable from zero. No SL/TP combination can rescue a signal without an edge.",0.15417488494411571,False,,10076,,,,,,,,,,,,,,,,,,,,,[],,,,,,,,,,,,
rsi-mean-reversion,XAUUSD.r,D1,gate,stopped at gate zero,,True,True,True,0.002362462220752431,0.0011812311103762156,"spread is 0.2% of one ATR (7 of 2963 points), 0.1% of a 2x ATR stop. The spread was measured from 2025-04-02, after this series begins (2020-02-27): for the earlier bars it is an assumption, not a measurement",False,48,3122.5007798440333,0.1575130988116218,"DOES NOT PASS: no horizon beats the spread with significance. The best is long at 15 bars with net +3122.50 pt over 10 observations, but p=0.158 (standard error 2934.6 pt): indistinguishable from zero. No SL/TP combination can rescue a signal without an edge.",0.1586998087954111,False,,1682,,,,,,,,,,,,,,,,,,,,,[],,,,,,,,,,,,
rsi-mean-reversion,XAGUSD.r,H1,gate,stopped at gate zero,,True,True,True,0.09745965302803648,0.04872982651401824,"spread is 9.7% of one ATR (13 of 133 points), 4.9% of a 2x ATR stop. The spread was measured from 2025-04-03, after this series begins (2020-02-27): for the earlier bars it is an assumption, not a measurement",False,1175,-8.067956222241515,0.6630673350054315,"DOES NOT PASS: no horizon beats the spread with significance. The best is short at 5 bars with net -8.07 pt over 646 observations, but p=0.663 (standard error 19.2 pt): indistinguishable from zero. No SL/TP combination can rescue a signal without an edge.",0.23500627352572148,True,,38517,,,,,,,,,,,,,,,,,,,,,[],,,,,,,,,,,,
rsi-mean-reversion,XAGUSD.r,H4,gate,stopped at gate zero,,True,True,True,0.047892780583584524,0.023946390291792262,"spread is 4.8% of one ATR (13 of 271 points), 2.4% of a 2x ATR stop. The spread was measured from 2025-04-03, after this series begins (2020-02-27): for the earlier bars it is an assumption, not a measurement",False,339,51.33229409699996,0.3230303414045459,"DOES NOT PASS: no horizon beats the spread with significance. The best is long at 15 bars with net +51.33 pt over 154 observations, but p=0.323 (standard error 111.6 pt): indistinguishable from zero. No SL/TP combination can rescue a signal without an edge.",0.2570841889117043,True,,10079,,,,,,,,,,,,,,,,,,,,,[],,,,,,,,,,,,
rsi-mean-reversion,XAGUSD.r,D1,gate,stopped at gate zero,,True,True,True,0.018251616491909286,0.009125808245954643,"spread is 1.8% of one ATR (13 of 712 points), 0.9% of a 2x ATR stop. The spread was measured from 2025-04-03, after this series begins (2020-02-27): for the earlier bars it is an assumption, not a measurement",False,51,689.9357680925478,0.06399081498880177,"DOES NOT PASS: no horizon beats the spread with significance. The best is long at 30 bars with net +689.94 pt over 18 observations, but p=0.064 (standard error 431.2 pt): indistinguishable from zero. No SL/TP combination can rescue a signal without an edge.",0.2983293556085919,True,,1682,,,,,,,,,,,,,,,,,,,,,[],,,,,,,,,,,,
rsi-mean-reversion,XAUEUR.r,H1,gate,stopped at gate zero,,True,True,True,0.01997877587435218,0.00998938793717609,"spread is 2.0% of one ATR (10 of 501 points), 1.0% of a 2x ATR stop. The spread was measured from 2025-04-04, after this series begins (2021-06-21): for the earlier bars it is an assumption, not a measurement",False,986,268.0833033753768,0.1961806577844908,"DOES NOT PASS: no horizon beats the spread with significance. The best is short at 120 bars with net +268.08 pt over 570 observations, but p=0.196 (standard error 313.2 pt): indistinguishable from zero. No SL/TP combination can rescue a signal without an edge.",0.13862278823396823,False,,30777,,,,,,,,,,,,,,,,,,,,,[],,,,,,,,,,,,
rsi-mean-reversion,XAUEUR.r,D1,gate,stopped at gate zero,,True,True,True,0.0037239237659102654,0.0018619618829551327,"spread is 0.4% of one ATR (10 of 2685 points), 0.2% of a 2x ATR stop. The spread was measured from 2025-04-04, after this series begins (2021-06-20): for the earlier bars it is an assumption, not a measurement",False,28,7435.808020050121,0.08282579883763797,"DOES NOT PASS: no horizon beats the spread with significance. The best is long at 15 bars with net +7435.81 pt over 6 observations, but p=0.083 (standard error 4583.3 pt): indistinguishable from zero. No SL/TP combination can rescue a signal without an edge.",0.1288056206088993,False,,1345,,,,,,,,,,,,,,,,,,,,,[],,,,,,,,,,,,
rsi-mean-reversion,EURUSD.r,H1,gate,stopped at gate zero,,True,True,True,0.007679899323800575,0.0038399496619002877,"spread is 0.8% of one ATR (1 of 130 points), 0.4% of a 2x ATR stop. The spread was measured from 2025-05-01, after this series begins (2020-01-02): for the earlier bars it is an assumption, not a measurement",False,1254,16.479940232810414,0.05722809217188718,"DOES NOT PASS: no horizon beats the spread with significance. The best is long at 5 bars with net +16.48 pt over 633 observations, but p=0.057 (standard error 10.4 pt): indistinguishable from zero. No SL/TP combination can rescue a signal without an edge.",0.062405961166439775,False,,41530,,,,,,,,,,,,,,,,,,,,,[],,,,,,,,,,,,
rsi-mean-reversion,GBPUSD.r,H4,gate,stopped at gate zero,,True,True,True,0.00859340881828639,0.004296704409143195,"spread is 0.9% of one ATR (3 of 349 points), 0.4% of a 2x ATR stop. The spread was measured from 2025-04-30, after this series begins (2021-05-25): for the earlier bars it is an assumption, not a measurement",False,243,101.78872429283848,0.3280047454110304,"DOES NOT PASS: no horizon beats the spread with significance. The best is long at 120 bars with net +101.79 pt over 122 observations, but p=0.328 (standard error 228.0 pt): indistinguishable from zero. No SL/TP combination can rescue a signal without an edge.",0.04353518821603928,False,,8214,,,,,,,,,,,,,,,,,,,,,[],,,,,,,,,,,,
rsi-mean-reversion,USDJPY.r,H1,gate,stopped at gate zero,,True,True,True,0.014470336124596027,0.007235168062298013,"spread is 1.4% of one ATR (3 of 207 points), 0.7% of a 2x ATR stop. The spread was measured from 2025-05-01, after this series begins (2021-05-25): for the earlier bars it is an assumption, not a measurement",False,1061,33.90861938860276,0.3089134178541608,"DOES NOT PASS: no horizon beats the spread with significance. The best is long at 60 bars with net +33.91 pt over 459 observations, but p=0.309 (standard error 67.9 pt): indistinguishable from zero. No SL/TP combination can rescue a signal without an edge.",0.06700838769804288,False,,32849,,,,,,,,,,,,,,,,,,,,,[],,,,,,,,,,,,
rsi-mean-reversion,USDJPY.r,H4,gate,stopped at gate zero,,True,True,True,0.006604612117296079,0.0033023060586480396,"spread is 0.7% of one ATR (3 of 454 points), 0.3% of a 2x ATR stop. The spread was measured from 2025-05-01, after this series begins (2021-05-25): for the earlier bars it is an assumption, not a measurement",False,261,62.63656728575907,0.386619638490845,"DOES NOT PASS: no horizon beats the spread with significance. The best is long at 30 bars with net +62.64 pt over 90 observations, but p=0.387 (standard error 216.7 pt): indistinguishable from zero. No SL/TP combination can rescue a signal without an edge.",0.05583585603767239,False,,8214,,,,,,,,,,,,,,,,,,,,,[],,,,,,,,,,,,
rsi-mean-reversion,USDJPY.r,D1,gate,stopped at gate zero,,True,True,True,0.0023921618614187517,0.0011960809307093759,"spread is 0.2% of one ATR (3 of 1254 points), 0.1% of a 2x ATR stop. The spread was measured from 2025-05-01, after this series begins (2021-05-25): for the earlier bars it is an assumption, not a measurement",False,40,2069.4362086956476,0.2023346402005295,"DOES NOT PASS: no horizon beats the spread with significance. The best is short at 120 bars with net +2069.44 pt over 23 observations, but p=0.202 (standard error 2435.6 pt): indistinguishable from zero. No SL/TP combination can rescue a signal without an edge.",0.03745318352059925,False,,1370,,,,,,,,,,,,,,,,,,,,,[],,,,,,,,,,,,
rsi-mean-reversion,USDCAD.r,H1,gate,stopped at gate zero,,True,True,True,0.03648764786316221,0.018243823931581107,"spread is 3.6% of one ATR (5 of 137 points), 1.8% of a 2x ATR stop. The spread was measured from 2025-05-01, after this series begins (2021-05-25): for the earlier bars it is an assumption, not a measurement",False,982,35.0826375376568,0.16891439614489623,"DOES NOT PASS: no horizon beats the spread with significance. The best is long at 60 bars with net +35.08 pt over 450 observations, but p=0.169 (standard error 36.6 pt): indistinguishable from zero. No SL/TP combination can rescue a signal without an edge.",0.050655649362313634,False,,32849,,,,,,,,,,,,,,,,,,,,,[],,,,,,,,,,,,
rsi-mean-reversion,USDCAD.r,H4,gate,stopped at gate zero,,True,True,True,0.017307692096939768,0.008653846048469884,"spread is 1.7% of one ATR (5 of 289 points), 0.9% of a 2x ATR stop. The spread was measured from 2025-05-01, after this series begins (2021-05-25): for the earlier bars it is an assumption, not a measurement",False,237,256.371442370331,0.08633158887076986,"DOES NOT PASS: no horizon beats the spread with significance. The best is long at 120 bars with net +256.37 pt over 99 observations, but p=0.086 (standard error 186.6 pt): indistinguishable from zero. No SL/TP combination can rescue a signal without an edge.",0.046570169918187534,False,,8214,,,,,,,,,,,,,,,,,,,,,[],,,,,,,,,,,,
rsi-mean-reversion,XBRUSD,D1,gate,stopped at gate zero,,True,True,True,0.014020380705156456,0.007010190352578228,"spread is 1.4% of one ATR (30 of 2140 points), 0.7% of a 2x ATR stop. The spread was measured from 2025-02-14, after this series begins (2020-02-27): for the earlier bars it is an assumption, not a measurement",False,46,9735.675947371015,0.018420555639157565,"DOES NOT PASS: no horizon beats the spread with significance. The best is long at 120 bars with net +9735.68 pt over 13 observations, but p=0.018 (standard error 4146.2 pt): indistinguishable from zero. No SL/TP combination can rescue a signal without an edge.",0.09392265193370167,False,,1681,,,,,,,,,,,,,,,,,,,,,[],,,,,,,,,,,,
bollinger-breakout,XAGUSD.r,H4,gate,stopped at gate zero,,True,True,True,0.047892780583584524,0.023946390291792262,"spread is 4.8% of one ATR (13 of 271 points), 2.4% of a 2x ATR stop. The spread was measured from 2025-04-03, after this series begins (2020-02-27): for the earlier bars it is an assumption, not a measurement",False,609,255.6724254660936,0.052371559495212994,"DOES NOT PASS: no horizon beats the spread with significance. The best is short at 30 bars with net +255.67 pt over 285 observations, but p=0.052 (standard error 157.1 pt): indistinguishable from zero. No SL/TP combination can rescue a signal without an edge.",0.16825095057034223,False,,10079,,,,,,,,,,,,,,,,,,,,,[],,,,,,,,,,,,
bollinger-breakout,EURUSD.r,H1,gate,stopped at gate zero,,True,True,True,0.007679899323800575,0.0038399496619002877,"spread is 0.8% of one ATR (1 of 130 points), 0.4% of a 2x ATR stop. The spread was measured from 2025-05-01, after this series begins (2020-01-02): for the earlier bars it is an assumption, not a measurement",False,2710,13.91912544932394,0.19533399089905035,"DOES NOT PASS: no horizon beats the spread with significance. The best is long at 30 bars with net +13.92 pt over 1334 observations, but p=0.195 (standard error 16.2 pt): indistinguishable from zero. No SL/TP combination can rescue a signal without an edge.",0.0255359394703657,False,,41530,,,,,,,,,,,,,,,,,,,,,[],,,,,,,,,,,,
bollinger-breakout,EURUSD.r,H4,gate,stopped at gate zero,,True,True,True,0.0036368097491996437,0.0018184048745998218,"spread is 0.4% of one ATR (1 of 275 points), 0.2% of a 2x ATR stop. The spread was measured from 2025-05-01, after this series begins (2020-01-02): for the earlier bars it is an assumption, not a measurement",False,633,27.19573967030582,0.17891235660745108,"DOES NOT PASS: no horizon beats the spread with significance. The best is long at 5 bars with net +27.20 pt over 324 observations, but p=0.179 (standard error 29.5 pt): indistinguishable from zero. No SL/TP combination can rescue a signal without an edge.",0.006702412868632707,False,,10385,,,,,,,,,,,,,,,,,,,,,[],,,,,,,,,,,,
bollinger-breakout,EURUSD.r,D1,gate,stopped at gate zero,,True,True,True,0.0013375010023585125,0.0006687505011792563,"spread is 0.1% of one ATR (1 of 748 points), 0.1% of a 2x ATR stop. The spread was measured from 2025-05-01, after this series begins (2020-01-01): for the earlier bars it is an assumption, not a measurement",False,109,152.24149323887033,0.18379582637752812,"DOES NOT PASS: no horizon beats the spread with significance. The best is long at 5 bars with net +152.24 pt over 51 observations, but p=0.184 (standard error 167.4 pt): indistinguishable from zero. No SL/TP combination can rescue a signal without an edge.",0.0,False,,1732,,,,,,,,,,,,,,,,,,,,,[],,,,,,,,,,,,
bollinger-breakout,GBPUSD.r,H1,gate,stopped at gate zero,,True,True,True,0.018020655893110193,0.009010327946555097,"spread is 1.8% of one ATR (3 of 166 points), 0.9% of a 2x ATR stop. The spread was measured from 2025-04-30, after this series begins (2021-05-25): for the earlier bars it is an assumption, not a measurement",False,2158,14.139818681523352,0.379479060835474,"DOES NOT PASS: no horizon beats the spread with significance. The best is short at 120 bars with net +14.14 pt over 1057 observations, but p=0.379 (standard error 46.1 pt): indistinguishable from zero. No SL/TP combination can rescue a signal without an edge.",0.032229965156794424,False,,32848,,,,,,,,,,,,,,,,,,,,,[],,,,,,,,,,,,
bollinger-breakout,GBPUSD.r,H4,gate,stopped at gate zero,,True,True,True,0.00859340881828639,0.004296704409143195,"spread is 0.9% of one ATR (3 of 349 points), 0.4% of a 2x ATR stop. The spread was measured from 2025-04-30, after this series begins (2021-05-25): for the earlier bars it is an assumption, not a measurement",False,493,23.16909555825764,0.39528566969096546,"DOES NOT PASS: no horizon beats the spread with significance. The best is short at 30 bars with net +23.17 pt over 246 observations, but p=0.395 (standard error 87.1 pt): indistinguishable from zero. No SL/TP combination can rescue a signal without an edge.",0.018726591760299626,False,,8214,,,,,,,,,,,,,,,,,,,,,[],,,,,,,,,,,,
bollinger-breakout,GBPUSD.r,D1,gate,stopped at gate zero,,True,True,True,0.0032331466889170043,0.0016165733444585021,"spread is 0.3% of one ATR (3 of 928 points), 0.2% of a 2x ATR stop. The spread was measured from 2025-04-30, after this series begins (2021-05-25): for the earlier bars it is an assumption, not a measurement",False,86,619.6421755725231,0.184292698294656,"DOES NOT PASS: no horizon beats the spread with significance. The best is long at 60 bars with net +619.64 pt over 40 observations, but p=0.184 (standard error 681.2 pt): indistinguishable from zero. No SL/TP combination can rescue a signal without an edge.",0.01694915254237288,False,,1370,,,,,,,,,,,,,,,,,,,,,[],,,,,,,,,,,,
bollinger-breakout,USDJPY.r,D1,gate,stopped at gate zero,,True,True,True,0.0023921618614187517,0.0011960809307093759,"spread is 0.2% of one ATR (3 of 1254 points), 0.1% of a 2x ATR stop. The spread was measured from 2025-05-01, after this series begins (2021-05-25): for the earlier bars it is an assumption, not a measurement",False,90,958.8664000000008,0.24925110068871636,"DOES NOT PASS: no horizon beats the spread with significance. The best is long at 120 bars with net +958.87 pt over 50 observations, but p=0.249 (standard error 1406.1 pt): indistinguishable from zero. No SL/TP combination can rescue a signal without an edge.",0.0,False,,1370,,,,,,,,,,,,,,,,,,,,,[],,,,,,,,,,,,
bollinger-breakout,AUDUSD.r,H1,gate,stopped at gate zero,,True,True,True,0.025799096276849957,0.012899548138424978,"spread is 2.6% of one ATR (3 of 116 points), 1.3% of a 2x ATR stop. The spread was measured from 2025-05-01, after this series begins (2021-05-25): for the earlier bars it is an assumption, not a measurement",False,2001,-0.03100592393549384,0.5017117648965581,"DOES NOT PASS: no horizon beats the spread with significance. The best is short at 5 bars with net -0.03 pt over 1004 observations, but p=0.502 (standard error 7.2 pt): indistinguishable from zero. No SL/TP combination can rescue a signal without an edge.",0.022310361923648984,False,,32849,,,,,,,,,,,,,,,,,,,,,[],,,,,,,,,,,,
bollinger-breakout,AUDUSD.r,H4,gate,stopped at gate zero,,True,True,True,0.012199373219038539,0.006099686609519269,"spread is 1.2% of one ATR (3 of 246 points), 0.6% of a 2x ATR stop. The spread was measured from 2025-05-01, after this series begins (2021-05-25): for the earlier bars it is an assumption, not a measurement",False,487,-6.851815324643738,0.6069025900952192,"DOES NOT PASS: no horizon beats the spread with significance. The best is long at 5 bars with net -6.85 pt over 250 observations, but p=0.607 (standard error 25.2 pt): indistinguishable from zero. No SL/TP combination can rescue a signal without an edge.",0.004608294930875576,False,,8214,,,,,,,,,,,,,,,,,,,,,[],,,,,,,,,,,,
bollinger-breakout,AUDUSD.r,D1,gate,stopped at gate zero,,True,True,True,0.004762306669942238,0.002381153334971119,"spread is 0.5% of one ATR (3 of 630 points), 0.2% of a 2x ATR stop. The spread was measured from 2025-05-01, after this series begins (2021-05-25): for the earlier bars it is an assumption, not a measurement",False,74,-37.92212652212659,0.5921485338157075,"DOES NOT PASS: no horizon beats the spread with significance. The best is long at 5 bars with net -37.92 pt over 37 observations, but p=0.592 (standard error 161.5 pt): indistinguishable from zero. No SL/TP combination can rescue a signal without an edge.",0.0,False,,1370,,,,,,,,,,,,,,,,,,,,,[],,,,,,,,,,,,
bollinger-breakout,USDCAD.r,H1,gate,stopped at gate zero,,True,True,True,0.03648764786316221,0.018243823931581107,"spread is 3.6% of one ATR (5 of 137 points), 1.8% of a 2x ATR stop. The spread was measured from 2025-05-01, after this series begins (2021-05-25): for the earlier bars it is an assumption, not a measurement",False,2134,3.314389643055076,0.4484634024776579,"DOES NOT PASS: no horizon beats the spread with significance. The best is short at 60 bars with net +3.31 pt over 977 observations, but p=0.448 (standard error 25.6 pt): indistinguishable from zero. No SL/TP combination can rescue a signal without an edge.",0.019896193771626297,False,,32849,,,,,,,,,,,,,,,,,,,,,[],,,,,,,,,,,,
bollinger-breakout,USDCAD.r,H4,gate,stopped at gate zero,,True,True,True,0.017307692096939768,0.008653846048469884,"spread is 1.7% of one ATR (5 of 289 points), 0.9% of a 2x ATR stop. The spread was measured from 2025-05-01, after this series begins (2021-05-25): for the earlier bars it is an assumption, not a measurement",False,497,46.816168203041045,0.07649680620012533,"DOES NOT PASS: no horizon beats the spread with significance. The best is short at 5 bars with net +46.82 pt over 226 observations, but p=0.076 (standard error 32.6 pt): indistinguishable from zero. No SL/TP combination can rescue a signal without an edge.",0.013133208255159474,False,,8214,,,,,,,,,,,,,,,,,,,,,[],,,,,,,,,,,,
bollinger-breakout,XTIUSD,H1,gate,stopped at gate zero,,True,True,True,0.07499984076297975,0.037499920381489873,"spread is 7.5% of one ATR (30 of 400 points), 3.7% of a 2x ATR stop. The spread was measured from 2025-04-02, after this series begins (2020-02-23): for the earlier bars it is an assumption, not a measurement",False,2452,155.62222848317643,0.124844208267202,"DOES NOT PASS: no horizon beats the spread with significance. The best is short at 120 bars with net +155.62 pt over 1162 observations, but p=0.125 (standard error 135.1 pt): indistinguishable from zero. No SL/TP combination can rescue a signal without an edge.",0.045640885487838206,False,,38564,,,,,,,,,,,,,,,,,,,,,[],,,,,,,,,,,,
bollinger-breakout,XTIUSD,H4,gate,stopped at gate zero,,True,True,True,0.03646448827569436,0.01823224413784718,"spread is 3.6% of one ATR (30 of 823 points), 1.8% of a 2x ATR stop. The spread was measured from 2025-04-02, after this series begins (2020-02-23): for the earlier bars it is an assumption, not a measurement",False,589,110.25422634942183,0.34376796224909767,"DOES NOT PASS: no horizon beats the spread with significance. The best is long at 30 bars with net +110.25 pt over 309 observations, but p=0.344 (standard error 273.9 pt): indistinguishable from zero. No SL/TP combination can rescue a signal without an edge.",0.037578288100208766,False,,10094,,,,,,,,,,,,,,,,,,,,,[],,,,,,,,,,,,
bollinger-breakout,XTIUSD,D1,gate,stopped at gate zero,,True,True,True,0.01314985639032265,0.006574928195161325,"spread is 1.3% of one ATR (30 of 2281 points), 0.7% of a 2x ATR stop. The spread was measured from 2025-04-02, after this series begins (2020-02-23): for the earlier bars it is an assumption, not a measurement",False,94,1069.910271903323,0.24123430666937462,"DOES NOT PASS: no horizon beats the spread with significance. The best is long at 30 bars with net +1069.91 pt over 50 observations, but p=0.241 (standard error 1511.8 pt): indistinguishable from zero. No SL/TP combination can rescue a signal without an edge.",0.03968253968253968,False,,1685,,,,,,,,,,,,,,,,,,,,,[],,,,,,,,,,,,
bollinger-breakout,XBRUSD,H1,gate,stopped at gate zero,,True,True,True,0.07355337738489766,0.03677668869244883,"spread is 7.4% of one ATR (30 of 408 points), 3.7% of a 2x ATR stop. The spread was measured from 2025-02-14, after this series begins (2020-02-28): for the earlier bars it is an assumption, not a measurement",False,2126,107.77564609276362,0.15949166233390477,"DOES NOT PASS: no horizon beats the spread with significance. The best is short at 60 bars with net +107.78 pt over 988 observations, but p=0.159 (standard error 108.1 pt): indistinguishable from zero. No SL/TP combination can rescue a signal without an edge.",0.041558441558441565,False,,35149,,,,,,,,,,,,,,,,,,,,,[],,,,,,,,,,,,
bollinger-breakout,XBRUSD,H4,gate,stopped at gate zero,,True,True,True,0.03858196341765645,0.019290981708828224,"spread is 3.9% of one ATR (30 of 778 points), 1.9% of a 2x ATR stop. The spread was measured from 2025-02-14, after this series begins (2020-02-27): for the earlier bars it is an assumption, not a measurement",False,608,81.96670957315165,0.22421626523509697,"DOES NOT PASS: no horizon beats the spread with significance. The best is long at 5 bars with net +81.97 pt over 323 observations, but p=0.224 (standard error 108.0 pt): indistinguishable from zero. No SL/TP combination can rescue a signal without an edge.",0.03695652173913044,False,,10066,,,,,,,,,,,,,,,,,,,,,[],,,,,,,,,,,,
bollinger-breakout,XBRUSD,D1,gate,stopped at gate zero,,True,True,True,0.014020380705156456,0.007010190352578228,"spread is 1.4% of one ATR (30 of 2140 points), 0.7% of a 2x ATR stop. The spread was measured from 2025-02-14, after this series begins (2020-02-27): for the earlier bars it is an assumption, not a measurement",False,87,1371.7355811889959,0.16508800400721013,"DOES NOT PASS: no horizon beats the spread with significance. The best is long at 15 bars with net +1371.74 pt over 46 observations, but p=0.165 (standard error 1393.5 pt): indistinguishable from zero. No SL/TP combination can rescue a signal without an edge.",0.02586206896551724,False,,1681,,,,,,,,,,,,,,,,,,,,,[],,,,,,,,,,,,
bollinger-mean-reversion,XAUUSD.r,H4,gate,stopped at gate zero,,True,True,True,0.006385539213631889,0.0031927696068159445,"spread is 0.6% of one ATR (7 of 1096 points), 0.3% of a 2x ATR stop. The spread was measured from 2025-04-02, after this series begins (2020-02-27): for the earlier bars it is an assumption, not a measurement",False,599,599.1039170172303,0.1579540526110822,"DOES NOT PASS: no horizon beats the spread with significance. The best is short at 60 bars with net +599.10 pt over 341 observations, but p=0.158 (standard error 596.5 pt): indistinguishable from zero. No SL/TP combination can rescue a signal without an edge.",0.15196242871519625,False,,10076,,,,,,,,,,,,,,,,,,,,,[],,,,,,,,,,,,
bollinger-mean-reversion,XAUUSD.r,D1,gate,stopped at gate zero,,True,True,True,0.002362462220752431,0.0011812311103762156,"spread is 0.2% of one ATR (7 of 2963 points), 0.1% of a 2x ATR stop. The spread was measured from 2025-04-02, after this series begins (2020-02-27): for the earlier bars it is an assumption, not a measurement",False,103,655.2462387964079,0.45503774829251054,"DOES NOT PASS: no horizon beats the spread with significance. The best is short at 120 bars with net +655.25 pt over 64 observations, but p=0.455 (standard error 5778.3 pt): indistinguishable from zero. No SL/TP combination can rescue a signal without an edge.",0.1532567049808429,False,,1682,,,,,,,,,,,,,,,,,,,,,[],,,,,,,,,,,,
bollinger-mean-reversion,XAGUSD.r,H1,gate,stopped at gate zero,,True,True,True,0.09745965302803648,0.04872982651401824,"spread is 9.7% of one ATR (13 of 133 points), 4.9% of a 2x ATR stop. The spread was measured from 2025-04-03, after this series begins (2020-02-27): for the earlier bars it is an assumption, not a measurement",False,2390,24.69705935894885,0.3967122273399555,"DOES NOT PASS: no horizon beats the spread with significance. The best is long at 120 bars with net +24.70 pt over 1187 observations, but p=0.397 (standard error 94.3 pt): indistinguishable from zero. No SL/TP combination can rescue a signal without an edge.",0.24721797948941743,True,,38517,,,,,,,,,,,,,,,,,,,,,[],,,,,,,,,,,,
bollinger-mean-reversion,XAGUSD.r,H4,gate,stopped at gate zero,,True,True,True,0.047892780583584524,0.023946390291792262,"spread is 4.8% of one ATR (13 of 271 points), 2.4% of a 2x ATR stop. The spread was measured from 2025-04-03, after this series begins (2020-02-27): for the earlier bars it is an assumption, not a measurement",False,609,402.8106168373548,0.05728177170443083,"DOES NOT PASS: no horizon beats the spread with significance. The best is short at 60 bars with net +402.81 pt over 321 observations, but p=0.057 (standard error 254.6 pt): indistinguishable from zero. No SL/TP combination can rescue a signal without an edge.",0.25645295587010825,True,,10079,,,,,,,,,,,,,,,,,,,,,[],,,,,,,,,,,,
bollinger-mean-reversion,XAGUSD.r,D1,gate,stopped at gate zero,,True,True,True,0.018251616491909286,0.009125808245954643,"spread is 1.8% of one ATR (13 of 712 points), 0.9% of a 2x ATR stop. The spread was measured from 2025-04-03, after this series begins (2020-02-27): for the earlier bars it is an assumption, not a measurement",False,104,1250.157337512183,0.2528009371882738,"DOES NOT PASS: no horizon beats the spread with significance. The best is short at 120 bars with net +1250.16 pt over 67 observations, but p=0.253 (standard error 1867.7 pt): indistinguishable from zero. No SL/TP combination can rescue a signal without an edge.",0.29876543209876544,True,,1682,,,,,,,,,,,,,,,,,,,,,[],,,,,,,,,,,,
bollinger-mean-reversion,XAUEUR.r,H4,gate,stopped at gate zero,,True,True,True,0.010087175386279757,0.005043587693139878,"spread is 1.0% of one ATR (10 of 991 points), 0.5% of a 2x ATR stop. The spread was measured from 2025-04-04, after this series begins (2021-06-21): for the earlier bars it is an assumption, not a measurement",False,445,1000.6919096422434,0.1273591763290014,"DOES NOT PASS: no horizon beats the spread with significance. The best is long at 120 bars with net +1000.69 pt over 198 observations, but p=0.127 (standard error 876.0 pt): indistinguishable from zero. No SL/TP combination can rescue a signal without an edge.",0.13971742543171115,False,,8053,,,,,,,,,,,,,,,,,,,,,[],,,,,,,,,,,,
bollinger-mean-reversion,XAUEUR.r,D1,gate,stopped at gate zero,,True,True,True,0.0037239237659102654,0.0018619618829551327,"spread is 0.4% of one ATR (10 of 2685 points), 0.2% of a 2x ATR stop. The spread was measured from 2025-04-04, after this series begins (2021-06-20): for the earlier bars it is an assumption, not a measurement",False,79,2626.838291761149,0.3134401681212704,"DOES NOT PASS: no horizon beats the spread with significance. The best is short at 120 bars with net +2626.84 pt over 54 observations, but p=0.313 (standard error 5372.2 pt): indistinguishable from zero. No SL/TP combination can rescue a signal without an edge.",0.12761020881670534,False,,1345,,,,,,,,,,,,,,,,,,,,,[],,,,,,,,,,,,
bollinger-mean-reversion,EURUSD.r,D1,gate,stopped at gate zero,,True,True,True,0.0013375010023585125,0.0006687505011792563,"spread is 0.1% of one ATR (1 of 748 points), 0.1% of a 2x ATR stop. The spread was measured from 2025-05-01, after this series begins (2020-01-01): for the earlier bars it is an assumption, not a measurement",False,109,502.34511993382927,0.27398762822816547,"DOES NOT PASS: no horizon beats the spread with significance. The best is short at 120 bars with net +502.35 pt over 48 observations, but p=0.274 (standard error 830.1 pt): indistinguishable from zero. No SL/TP combination can rescue a signal without an edge.",0.015384615384615384,False,,1732,,,,,,,,,,,,,,,,,,,,,[],,,,,,,,,,,,
bollinger-mean-reversion,GBPUSD.r,H1,gate,stopped at gate zero,,True,True,True,0.018020655893110193,0.009010327946555097,"spread is 1.8% of one ATR (3 of 166 points), 0.9% of a 2x ATR stop. The spread was measured from 2025-04-30, after this series begins (2021-05-25): for the earlier bars it is an assumption, not a measurement",False,2158,20.11312299997155,0.251269216428043,"DOES NOT PASS: no horizon beats the spread with significance. The best is short at 60 bars with net +20.11 pt over 1092 observations, but p=0.251 (standard error 30.0 pt): indistinguishable from zero. No SL/TP combination can rescue a signal without an edge.",0.055084382763642595,False,,32848,,,,,,,,,,,,,,,,,,,,,[],,,,,,,,,,,,
bollinger-mean-reversion,GBPUSD.r,H4,gate,stopped at gate zero,,True,True,True,0.00859340881828639,0.004296704409143195,"spread is 0.9% of one ATR (3 of 349 points), 0.4% of a 2x ATR stop. The spread was measured from 2025-04-30, after this series begins (2021-05-25): for the earlier bars it is an assumption, not a measurement",False,493,210.40268115335152,0.0979572741613689,"DOES NOT PASS: no horizon beats the spread with significance. The best is short at 120 bars with net +210.40 pt over 239 observations, but p=0.098 (standard error 162.2 pt): indistinguishable from zero. No SL/TP combination can rescue a signal without an edge.",0.043378245152809726,False,,8214,,,,,,,,,,,,,,,,,,,,,[],,,,,,,,,,,,
bollinger-mean-reversion,GBPUSD.r,D1,gate,stopped at gate zero,,True,True,True,0.0032331466889170043,0.0016165733444585021,"spread is 0.3% of one ATR (3 of 928 points), 0.2% of a 2x ATR stop. The spread was measured from 2025-04-30, after this series begins (2021-05-25): for the earlier bars it is an assumption, not a measurement",False,86,719.6535392088813,0.18525118991381773,"DOES NOT PASS: no horizon beats the spread with significance. The best is long at 60 bars with net +719.65 pt over 44 observations, but p=0.185 (standard error 795.2 pt): indistinguishable from zero. No SL/TP combination can rescue a signal without an edge.",0.015267175572519083,False,,1370,,,,,,,,,,,,,,,,,,,,,[],,,,,,,,,,,,
bollinger-mean-reversion,USDJPY.r,H1,gate,stopped at gate zero,,True,True,True,0.014470336124596027,0.007235168062298013,"spread is 1.4% of one ATR (3 of 207 points), 0.7% of a 2x ATR stop. The spread was measured from 2025-05-01, after this series begins (2021-05-25): for the earlier bars it is an assumption, not a measurement",False,1992,18.317978700127668,0.33195049916859576,"DOES NOT PASS: no horizon beats the spread with significance. The best is short at 60 bars with net +18.32 pt over 1056 observations, but p=0.332 (standard error 42.1 pt): indistinguishable from zero. No SL/TP combination can rescue a signal without an edge.",0.07032590051457975,False,,32849,,,,,,,,,,,,,,,,,,,,,[],,,,,,,,,,,,
bollinger-mean-reversion,USDJPY.r,H4,gate,stopped at gate zero,,True,True,True,0.006604612117296079,0.0033023060586480396,"spread is 0.7% of one ATR (3 of 454 points), 0.3% of a 2x ATR stop. The spread was measured from 2025-05-01, after this series begins (2021-05-25): for the earlier bars it is an assumption, not a measurement",False,455,18.308201287519637,0.4670519749296981,"DOES NOT PASS: no horizon beats the spread with significance. The best is long at 60 bars with net +18.31 pt over 191 observations, but p=0.467 (standard error 221.1 pt): indistinguishable from zero. No SL/TP combination can rescue a signal without an edge.",0.05607166556071666,False,,8214,,,,,,,,,,,,,,,,,,,,,[],,,,,,,,,,,,
bollinger-mean-reversion,USDCAD.r,H1,gate,stopped at gate zero,,True,True,True,0.03648764786316221,0.018243823931581107,"spread is 3.6% of one ATR (5 of 137 points), 1.8% of a 2x ATR stop. The spread was measured from 2025-05-01, after this series begins (2021-05-25): for the earlier bars it is an assumption, not a measurement",False,2134,14.390776469550516,0.1389033508067139,"DOES NOT PASS: no horizon beats the spread with significance. The best is long at 15 bars with net +14.39 pt over 978 observations, but p=0.139 (standard error 13.3 pt): indistinguishable from zero. No SL/TP combination can rescue a signal without an edge.",0.05252784918594687,False,,32849,,,,,,,,,,,,,,,,,,,,,[],,,,,,,,,,,,
bollinger-mean-reversion,XTIUSD,H1,gate,stopped at gate zero,,True,True,True,0.07499984076297975,0.037499920381489873,"spread is 7.5% of one ATR (30 of 400 points), 3.7% of a 2x ATR stop. The spread was measured from 2025-04-02, after this series begins (2020-02-23): for the earlier bars it is an assumption, not a measurement",False,2452,112.37266553133918,0.10270177991173846,"DOES NOT PASS: no horizon beats the spread with significance. The best is short at 60 bars with net +112.37 pt over 1285 observations, but p=0.103 (standard error 88.7 pt): indistinguishable from zero. No SL/TP combination can rescue a signal without an edge.",0.10552127827875336,False,,38564,,,,,,,,,,,,,,,,,,,,,[],,,,,,,,,,,,
bollinger-mean-reversion,XTIUSD,H4,gate,stopped at gate zero,,True,True,True,0.03646448827569436,0.01823224413784718,"spread is 3.6% of one ATR (30 of 823 points), 1.8% of a 2x ATR stop. The spread was measured from 2025-04-02, after this series begins (2020-02-23): for the earlier bars it is an assumption, not a measurement",False,589,442.588386442617,0.10266746227900281,"DOES NOT PASS: no horizon beats the spread with significance. The best is long at 60 bars with net +442.59 pt over 276 observations, but p=0.103 (standard error 348.6 pt): indistinguishable from zero. No SL/TP combination can rescue a signal without an edge.",0.09659902829379823,False,,10094,,,,,,,,,,,,,,,,,,,,,[],,,,,,,,,,,,
bollinger-mean-reversion,XBRUSD,H1,gate,stopped at gate zero,,True,True,True,0.07355337738489766,0.03677668869244883,"spread is 7.4% of one ATR (30 of 408 points), 3.7% of a 2x ATR stop. The spread was measured from 2025-02-14, after this series begins (2020-02-28): for the earlier bars it is an assumption, not a measurement",False,2126,112.18638804736554,0.12013344310171736,"DOES NOT PASS: no horizon beats the spread with significance. The best is short at 60 bars with net +112.19 pt over 1134 observations, but p=0.120 (standard error 95.5 pt): indistinguishable from zero. No SL/TP combination can rescue a signal without an edge.",0.09716099453359196,False,,35149,,,,,,,,,,,,,,,,,,,,,[],,,,,,,,,,,,
bollinger-mean-reversion,XBRUSD,D1,gate,stopped at gate zero,,True,True,True,0.014020380705156456,0.007010190352578228,"spread is 1.4% of one ATR (30 of 2140 points), 0.7% of a 2x ATR stop. The spread was measured from 2025-02-14, after this series begins (2020-02-27): for the earlier bars it is an assumption, not a measurement",False,87,3917.8905222698004,0.09897337564658737,"DOES NOT PASS: no horizon beats the spread with significance. The best is long at 120 bars with net +3917.89 pt over 38 observations, but p=0.099 (standard error 2988.5 pt): indistinguishable from zero. No SL/TP combination can rescue a signal without an edge.",0.06605504587155964,False,,1681,,,,,,,,,,,,,,,,,,,,,[],,,,,,,,,,,,
macd-signal,XAUUSD.r,H1,gate,stopped at gate zero,,True,True,True,0.012728058057192923,0.006364029028596461,"spread is 1.3% of one ATR (7 of 550 points), 0.6% of a 2x ATR stop. The spread was measured from 2025-04-02, after this series begins (2020-02-27): for the earlier bars it is an assumption, not a measurement",False,2950,164.33201506704597,0.2301553654624502,"DOES NOT PASS: no horizon beats the spread with significance. The best is short at 120 bars with net +164.33 pt over 1472 observations, but p=0.230 (standard error 222.5 pt): indistinguishable from zero. No SL/TP combination can rescue a signal without an edge.",0.08559782608695653,False,,38510,,,,,,,,,,,,,,,,,,,,,[],,,,,,,,,,,,
macd-signal,XAUUSD.r,H4,gate,stopped at gate zero,,True,True,True,0.006385539213631889,0.0031927696068159445,"spread is 0.6% of one ATR (7 of 1096 points), 0.3% of a 2x ATR stop. The spread was measured from 2025-04-02, after this series begins (2020-02-27): for the earlier bars it is an assumption, not a measurement",False,794,348.730342563008,0.26768669662179634,"DOES NOT PASS: no horizon beats the spread with significance. The best is short at 60 bars with net +348.73 pt over 396 observations, but p=0.268 (standard error 562.1 pt): indistinguishable from zero. No SL/TP combination can rescue a signal without an edge.",0.0710172744721689,False,,10076,,,,,,,,,,,,,,,,,,,,,[],,,,,,,,,,,,
macd-signal,XAUUSD.r,D1,gate,stopped at gate zero,,True,True,True,0.002362462220752431,0.0011812311103762156,"spread is 0.2% of one ATR (7 of 2963 points), 0.1% of a 2x ATR stop. The spread was measured from 2025-04-02, after this series begins (2020-02-27): for the earlier bars it is an assumption, not a measurement",False,129,4662.12773661342,0.1836224369980134,"DOES NOT PASS: no horizon beats the spread with significance. The best is long at 120 bars with net +4662.13 pt over 61 observations, but p=0.184 (standard error 5131.6 pt): indistinguishable from zero. No SL/TP combination can rescue a signal without an edge.",0.06818181818181819,False,,1682,,,,,,,,,,,,,,,,,,,,,[],,,,,,,,,,,,
macd-signal,XAGUSD.r,H4,gate,stopped at gate zero,,True,True,True,0.047892780583584524,0.023946390291792262,"spread is 4.8% of one ATR (13 of 271 points), 2.4% of a 2x ATR stop. The spread was measured from 2025-04-03, after this series begins (2020-02-27): for the earlier bars it is an assumption, not a measurement",False,758,248.1927520665979,0.05998606837326159,"DOES NOT PASS: no horizon beats the spread with significance. The best is long at 30 bars with net +248.19 pt over 377 observations, but p=0.060 (standard error 159.3 pt): indistinguishable from zero. No SL/TP combination can rescue a signal without an edge.",0.16484607745779545,False,,10079,,,,,,,,,,,,,,,,,,,,,[],,,,,,,,,,,,
macd-signal,XAGUSD.r,D1,gate,stopped at gate zero,,True,True,True,0.018251616491909286,0.009125808245954643,"spread is 1.8% of one ATR (13 of 712 points), 0.9% of a 2x ATR stop. The spread was measured from 2025-04-03, after this series begins (2020-02-27): for the earlier bars it is an assumption, not a measurement",False,127,463.0154254863312,0.1458538361920827,"DOES NOT PASS: no horizon beats the spread with significance. The best is short at 15 bars with net +463.02 pt over 63 observations, but p=0.146 (standard error 435.4 pt): indistinguishable from zero. No SL/TP combination can rescue a signal without an edge.",0.1292134831460674,False,,1682,,,,,,,,,,,,,,,,,,,,,[],,,,,,,,,,,,
macd-signal,XAUEUR.r,H1,gate,stopped at gate zero,,True,True,True,0.01997877587435218,0.00998938793717609,"spread is 2.0% of one ATR (10 of 501 points), 1.0% of a 2x ATR stop. The spread was measured from 2025-04-04, after this series begins (2021-06-21): for the earlier bars it is an assumption, not a measurement",False,2347,179.44718845171386,0.05699644163321804,"DOES NOT PASS: no horizon beats the spread with significance. The best is short at 30 bars with net +179.45 pt over 1173 observations, but p=0.057 (standard error 113.5 pt): indistinguishable from zero. No SL/TP combination can rescue a signal without an edge.",0.07807215332581735,False,,30777,,,,,,,,,,,,,,,,,,,,,[],,,,,,,,,,,,
macd-signal,XAUEUR.r,H4,gate,stopped at gate zero,,True,True,True,0.010087175386279757,0.005043587693139878,"spread is 1.0% of one ATR (10 of 991 points), 0.5% of a 2x ATR stop. The spread was measured from 2025-04-04, after this series begins (2021-06-21): for the earlier bars it is an assumption, not a measurement",False,660,342.3303030729405,0.258931927085976,"DOES NOT PASS: no horizon beats the spread with significance. The best is short at 60 bars with net +342.33 pt over 329 observations, but p=0.259 (standard error 528.8 pt): indistinguishable from zero. No SL/TP combination can rescue a signal without an edge.",0.07361268403171006,False,,8053,,,,,,,,,,,,,,,,,,,,,[],,,,,,,,,,,,
macd-signal,XAUEUR.r,D1,gate,stopped at gate zero,,True,True,True,0.0037239237659102654,0.0018619618829551327,"spread is 0.4% of one ATR (10 of 2685 points), 0.2% of a 2x ATR stop. The spread was measured from 2025-04-04, after this series begins (2021-06-20): for the earlier bars it is an assumption, not a measurement",False,114,3023.1802267573694,0.22388088632037806,"DOES NOT PASS: no horizon beats the spread with significance. The best is long at 120 bars with net +3023.18 pt over 54 observations, but p=0.224 (standard error 3952.7 pt): indistinguishable from zero. No SL/TP combination can rescue a signal without an edge.",0.06896551724137931,False,,1345,,,,,,,,,,,,,,,,,,,,,[],,,,,,,,,,,,
macd-signal,EURUSD.r,H1,gate,stopped at gate zero,,True,True,True,0.007679899323800575,0.0038399496619002877,"spread is 0.8% of one ATR (1 of 130 points), 0.4% of a 2x ATR stop. The spread was measured from 2025-05-01, after this series begins (2020-01-02): for the earlier bars it is an assumption, not a measurement",False,3265,21.164006605011366,0.2242966891036482,"DOES NOT PASS: no horizon beats the spread with significance. The best is short at 120 bars with net +21.16 pt over 1628 observations, but p=0.224 (standard error 27.9 pt): indistinguishable from zero. No SL/TP combination can rescue a signal without an edge.",0.026066350710900472,False,,41530,,,,,,,,,,,,,,,,,,,,,[],,,,,,,,,,,,
macd-signal,EURUSD.r,H4,gate,stopped at gate zero,,True,True,True,0.0036368097491996437,0.0018184048745998218,"spread is 0.4% of one ATR (1 of 275 points), 0.2% of a 2x ATR stop. The spread was measured from 2025-05-01, after this series begins (2020-01-02): for the earlier bars it is an assumption, not a measurement",False,801,49.266710550329975,0.2674111600658473,"DOES NOT PASS: no horizon beats the spread with significance. The best is short at 60 bars with net +49.27 pt over 398 observations, but p=0.267 (standard error 79.3 pt): indistinguishable from zero. No SL/TP combination can rescue a signal without an edge.",0.006361323155216285,False,,10385,,,,,,,,,,,,,,,,,,,,,[],,,,,,,,,,,,
macd-signal,GBPUSD.r,H1,gate,stopped at gate zero,,True,True,True,0.018020655893110193,0.009010327946555097,"spread is 1.8% of one ATR (3 of 166 points), 0.9% of a 2x ATR stop. The spread was measured from 2025-04-30, after this series begins (2021-05-25): for the earlier bars it is an assumption, not a measurement",False,2612,10.630769943463463,0.39186879174819245,"DOES NOT PASS: no horizon beats the spread with significance. The best is short at 120 bars with net +10.63 pt over 1302 observations, but p=0.392 (standard error 38.7 pt): indistinguishable from zero. No SL/TP combination can rescue a signal without an edge.",0.03023070803500398,False,,32848,,,,,,,,,,,,,,,,,,,,,[],,,,,,,,,,,,
macd-signal,GBPUSD.r,H4,gate,stopped at gate zero,,True,True,True,0.00859340881828639,0.004296704409143195,"spread is 0.9% of one ATR (3 of 349 points), 0.4% of a 2x ATR stop. The spread was measured from 2025-04-30, after this series begins (2021-05-25): for the earlier bars it is an assumption, not a measurement",False,661,51.16478025285987,0.3149595735070325,"DOES NOT PASS: no horizon beats the spread with significance. The best is long at 60 bars with net +51.16 pt over 330 observations, but p=0.315 (standard error 106.1 pt): indistinguishable from zero. No SL/TP combination can rescue a signal without an edge.",0.017921146953405017,False,,8214,,,,,,,,,,,,,,,,,,,,,[],,,,,,,,,,,,
macd-signal,USDJPY.r,H1,gate,stopped at gate zero,,True,True,True,0.014470336124596027,0.007235168062298013,"spread is 1.4% of one ATR (3 of 207 points), 0.7% of a 2x ATR stop. The spread was measured from 2025-05-01, after this series begins (2021-05-25): for the earlier bars it is an assumption, not a measurement",False,2452,52.46429586889454,0.16635077913072183,"DOES NOT PASS: no horizon beats the spread with significance. The best is short at 120 bars with net +52.46 pt over 1223 observations, but p=0.166 (standard error 54.1 pt): indistinguishable from zero. No SL/TP combination can rescue a signal without an edge.",0.042482452899889174,False,,32849,,,,,,,,,,,,,,,,,,,,,[],,,,,,,,,,,,
macd-signal,USDJPY.r,D1,gate,stopped at gate zero,,True,True,True,0.0023921618614187517,0.0011960809307093759,"spread is 0.2% of one ATR (3 of 1254 points), 0.1% of a 2x ATR stop. The spread was measured from 2025-05-01, after this series begins (2021-05-25): for the earlier bars it is an assumption, not a measurement",False,108,950.3463999999976,0.21529950824495814,"DOES NOT PASS: no horizon beats the spread with significance. The best is long at 120 bars with net +950.35 pt over 49 observations, but p=0.215 (standard error 1195.6 pt): indistinguishable from zero. No SL/TP combination can rescue a signal without an edge.",0.0,False,,1370,,,,,,,,,,,,,,,,,,,,,[],,,,,,,,,,,,
macd-signal,AUDUSD.r,H1,gate,stopped at gate zero,,True,True,True,0.025799096276849957,0.012899548138424978,"spread is 2.6% of one ATR (3 of 116 points), 1.3% of a 2x ATR stop. The spread was measured from 2025-05-01, after this series begins (2021-05-25): for the earlier bars it is an assumption, not a measurement",False,2564,23.560175247831545,0.16850871831132952,"DOES NOT PASS: no horizon beats the spread with significance. The best is short at 120 bars with net +23.56 pt over 1275 observations, but p=0.169 (standard error 24.5 pt): indistinguishable from zero. No SL/TP combination can rescue a signal without an edge.",0.022096850023507284,False,,32849,,,,,,,,,,,,,,,,,,,,,[],,,,,,,,,,,,
macd-signal,AUDUSD.r,H4,gate,stopped at gate zero,,True,True,True,0.012199373219038539,0.006099686609519269,"spread is 1.2% of one ATR (3 of 246 points), 0.6% of a 2x ATR stop. The spread was measured from 2025-05-01, after this series begins (2021-05-25): for the earlier bars it is an assumption, not a measurement",False,693,7.6373480328741365,0.4540653008730471,"DOES NOT PASS: no horizon beats the spread with significance. The best is short at 60 bars with net +7.64 pt over 343 observations, but p=0.454 (standard error 66.1 pt): indistinguishable from zero. No SL/TP combination can rescue a signal without an edge.",0.006578947368421052,False,,8214,,,,,,,,,,,,,,,,,,,,,[],,,,,,,,,,,,
macd-signal,USDCAD.r,H1,gate,stopped at gate zero,,True,True,True,0.03648764786316221,0.018243823931581107,"spread is 3.6% of one ATR (5 of 137 points), 1.8% of a 2x ATR stop. The spread was measured from 2025-05-01, after this series begins (2021-05-25): for the earlier bars it is an assumption, not a measurement",False,2610,4.648919064582152,0.4140142874429542,"DOES NOT PASS: no horizon beats the spread with significance. The best is long at 60 bars with net +4.65 pt over 1304 observations, but p=0.414 (standard error 21.4 pt): indistinguishable from zero. No SL/TP combination can rescue a signal without an edge.",0.02106518282988871,False,,32849,,,,,,,,,,,,,,,,,,,,,[],,,,,,,,,,,,
macd-signal,USDCAD.r,H4,gate,stopped at gate zero,,True,True,True,0.017307692096939768,0.008653846048469884,"spread is 1.7% of one ATR (5 of 289 points), 0.9% of a 2x ATR stop. The spread was measured from 2025-05-01, after this series begins (2021-05-25): for the earlier bars it is an assumption, not a measurement",False,687,46.64134038958668,0.14667031633908634,"DOES NOT PASS: no horizon beats the spread with significance. The best is short at 15 bars with net +46.64 pt over 343 observations, but p=0.147 (standard error 44.3 pt): indistinguishable from zero. No SL/TP combination can rescue a signal without an edge.",0.01348747591522158,False,,8214,,,,,,,,,,,,,,,,,,,,,[],,,,,,,,,,,,
macd-signal,USDCAD.r,D1,gate,stopped at gate zero,,True,True,True,0.006510206023604206,0.003255103011802103,"spread is 0.7% of one ATR (5 of 768 points), 0.3% of a 2x ATR stop. The spread was measured from 2025-05-01, after this series begins (2021-05-25): for the earlier bars it is an assumption, not a measurement",False,108,162.52364122782683,0.31710118201418314,"DOES NOT PASS: no horizon beats the spread with significance. The best is long at 30 bars with net +162.52 pt over 53 observations, but p=0.317 (standard error 339.6 pt): indistinguishable from zero. No SL/TP combination can rescue a signal without an edge.",0.0,False,,1370,,,,,,,,,,,,,,,,,,,,,[],,,,,,,,,,,,
macd-signal,XTIUSD,H1,gate,stopped at gate zero,,True,True,True,0.07499984076297975,0.037499920381489873,"spread is 7.5% of one ATR (30 of 400 points), 3.7% of a 2x ATR stop. The spread was measured from 2025-04-02, after this series begins (2020-02-23): for the earlier bars it is an assumption, not a measurement",False,2946,62.98934246252004,0.23579883141342184,"DOES NOT PASS: no horizon beats the spread with significance. The best is long at 60 bars with net +62.99 pt over 1470 observations, but p=0.236 (standard error 87.5 pt): indistinguishable from zero. No SL/TP combination can rescue a signal without an edge.",0.048548677112766496,False,,38564,,,,,,,,,,,,,,,,,,,,,[],,,,,,,,,,,,
macd-signal,XTIUSD,H4,gate,stopped at gate zero,,True,True,True,0.03646448827569436,0.01823224413784718,"spread is 3.6% of one ATR (30 of 823 points), 1.8% of a 2x ATR stop. The spread was measured from 2025-04-02, after this series begins (2020-02-23): for the earlier bars it is an assumption, not a measurement",False,801,205.05630763116048,0.18722313943492785,"DOES NOT PASS: no horizon beats the spread with significance. The best is short at 30 bars with net +205.06 pt over 400 observations, but p=0.187 (standard error 230.6 pt): indistinguishable from zero. No SL/TP combination can rescue a signal without an edge.",0.03711790393013101,False,,10094,,,,,,,,,,,,,,,,,,,,,[],,,,,,,,,,,,
macd-signal,XTIUSD,D1,gate,stopped at gate zero,,True,True,True,0.01314985639032265,0.006574928195161325,"spread is 1.3% of one ATR (30 of 2281 points), 0.7% of a 2x ATR stop. The spread was measured from 2025-04-02, after this series begins (2020-02-23): for the earlier bars it is an assumption, not a measurement",False,146,1496.8338174073,0.2156699127114029,"DOES NOT PASS: no horizon beats the spread with significance. The best is short at 120 bars with net +1496.83 pt over 66 observations, but p=0.216 (standard error 1890.3 pt): indistinguishable from zero. No SL/TP combination can rescue a signal without an edge.",0.029702970297029705,False,,1685,,,,,,,,,,,,,,,,,,,,,[],,,,,,,,,,,,
macd-signal,XBRUSD,H1,gate,stopped at gate zero,,True,True,True,0.07355337738489766,0.03677668869244883,"spread is 7.4% of one ATR (30 of 408 points), 3.7% of a 2x ATR stop. The spread was measured from 2025-02-14, after this series begins (2020-02-28): for the earlier bars it is an assumption, not a measurement",False,2707,170.09682794497078,0.08905896248902123,"DOES NOT PASS: no horizon beats the spread with significance. The best is long at 120 bars with net +170.10 pt over 1351 observations, but p=0.089 (standard error 126.3 pt): indistinguishable from zero. No SL/TP combination can rescue a signal without an edge.",0.042922374429223746,False,,35149,,,,,,,,,,,,,,,,,,,,,[],,,,,,,,,,,,
macd-signal,XBRUSD,H4,gate,stopped at gate zero,,True,True,True,0.03858196341765645,0.019290981708828224,"spread is 3.9% of one ATR (30 of 778 points), 1.9% of a 2x ATR stop. The spread was measured from 2025-02-14, after this series begins (2020-02-27): for the earlier bars it is an assumption, not a measurement",False,814,184.65367791670678,0.25028860594227087,"DOES NOT PASS: no horizon beats the spread with significance. The best is long at 60 bars with net +184.65 pt over 405 observations, but p=0.250 (standard error 273.9 pt): indistinguishable from zero. No SL/TP combination can rescue a signal without an edge.",0.03730569948186529,False,,10066,,,,,,,,,,,,,,,,,,,,,[],,,,,,,,,,,,
macd-signal,XBRUSD,D1,gate,stopped at gate zero,,True,True,True,0.014020380705156456,0.007010190352578228,"spread is 1.4% of one ATR (30 of 2140 points), 0.7% of a 2x ATR stop. The spread was measured from 2025-02-14, after this series begins (2020-02-27): for the earlier bars it is an assumption, not a measurement",False,138,855.8518879998527,0.2789609035401104,"DOES NOT PASS: no horizon beats the spread with significance. The best is short at 60 bars with net +855.85 pt over 67 observations, but p=0.279 (standard error 1453.2 pt): indistinguishable from zero. No SL/TP combination can rescue a signal without an edge.",0.029702970297029705,False,,1681,,,,,,,,,,,,,,,,,,,,,[],,,,,,,,,,,,
donchian-breakout,XAGUSD.r,H1,gate,stopped at gate zero,,True,True,True,0.09745965302803648,0.04872982651401824,"spread is 9.7% of one ATR (13 of 133 points), 4.9% of a 2x ATR stop. The spread was measured from 2025-04-03, after this series begins (2020-02-27): for the earlier bars it is an assumption, not a measurement",False,2678,59.221759204235326,0.16102167305162618,"DOES NOT PASS: no horizon beats the spread with significance. The best is short at 60 bars with net +59.22 pt over 1146 observations, but p=0.161 (standard error 59.8 pt): indistinguishable from zero. No SL/TP combination can rescue a signal without an edge.",0.16499097705594226,False,,38517,,,,,,,,,,,,,,,,,,,,,[],,,,,,,,,,,,
donchian-breakout,XAGUSD.r,H4,gate,stopped at gate zero,,True,True,True,0.047892780583584524,0.023946390291792262,"spread is 4.8% of one ATR (13 of 271 points), 2.4% of a 2x ATR stop. The spread was measured from 2025-04-03, after this series begins (2020-02-27): for the earlier bars it is an assumption, not a measurement",False,752,249.51957962285906,0.09852627011154869,"DOES NOT PASS: no horizon beats the spread with significance. The best is short at 120 bars with net +249.52 pt over 306 observations, but p=0.099 (standard error 193.0 pt): indistinguishable from zero. No SL/TP combination can rescue a signal without an edge.",0.15882967607105536,False,,10079,,,,,,,,,,,,,,,,,,,,,[],,,,,,,,,,,,
donchian-breakout,EURUSD.r,H1,gate,stopped at gate zero,,True,True,True,0.007679899323800575,0.0038399496619002877,"spread is 0.8% of one ATR (1 of 130 points), 0.4% of a 2x ATR stop. The spread was measured from 2025-05-01, after this series begins (2020-01-02): for the earlier bars it is an assumption, not a measurement",False,3061,-0.2977288101136817,0.5080596324168767,"DOES NOT PASS: no horizon beats the spread with significance. The best is long at 30 bars with net -0.30 pt over 1541 observations, but p=0.508 (standard error 14.7 pt): indistinguishable from zero. No SL/TP combination can rescue a signal without an edge.",0.025854108956602027,False,,41530,,,,,,,,,,,,,,,,,,,,,[],,,,,,,,,,,,
donchian-breakout,EURUSD.r,H4,gate,stopped at gate zero,,True,True,True,0.0036368097491996437,0.0018184048745998218,"spread is 0.4% of one ATR (1 of 275 points), 0.2% of a 2x ATR stop. The spread was measured from 2025-05-01, after this series begins (2020-01-02): for the earlier bars it is an assumption, not a measurement",False,792,10.821128417831769,0.33809111589802354,"DOES NOT PASS: no horizon beats the spread with significance. The best is long at 5 bars with net +10.82 pt over 393 observations, but p=0.338 (standard error 25.9 pt): indistinguishable from zero. No SL/TP combination can rescue a signal without an edge.",0.006305170239596469,False,,10385,,,,,,,,,,,,,,,,,,,,,[],,,,,,,,,,,,
donchian-breakout,EURUSD.r,D1,gate,stopped at gate zero,,True,True,True,0.0013375010023585125,0.0006687505011792563,"spread is 0.1% of one ATR (1 of 748 points), 0.1% of a 2x ATR stop. The spread was measured from 2025-05-01, after this series begins (2020-01-01): for the earlier bars it is an assumption, not a measurement",False,147,226.76178660049516,0.3690428419904914,"DOES NOT PASS: no horizon beats the spread with significance. The best is short at 120 bars with net +226.76 pt over 69 observations, but p=0.369 (standard error 675.4 pt): indistinguishable from zero. No SL/TP combination can rescue a signal without an edge.",0.0,False,,1732,,,,,,,,,,,,,,,,,,,,,[],,,,,,,,,,,,
donchian-breakout,GBPUSD.r,H1,gate,stopped at gate zero,,True,True,True,0.018020655893110193,0.009010327946555097,"spread is 1.8% of one ATR (3 of 166 points), 0.9% of a 2x ATR stop. The spread was measured from 2025-04-30, after this series begins (2021-05-25): for the earlier bars it is an assumption, not a measurement",False,2452,23.921349275661846,0.27183199826430915,"DOES NOT PASS: no horizon beats the spread with significance. The best is long at 120 bars with net +23.92 pt over 1236 observations, but p=0.272 (standard error 39.4 pt): indistinguishable from zero. No SL/TP combination can rescue a signal without an edge.",0.03234152652005175,False,,32848,,,,,,,,,,,,,,,,,,,,,[],,,,,,,,,,,,
donchian-breakout,GBPUSD.r,H4,gate,stopped at gate zero,,True,True,True,0.00859340881828639,0.004296704409143195,"spread is 0.9% of one ATR (3 of 349 points), 0.4% of a 2x ATR stop. The spread was measured from 2025-04-30, after this series begins (2021-05-25): for the earlier bars it is an assumption, not a measurement",False,642,8.386107092824203,0.41064894462442947,"DOES NOT PASS: no horizon beats the spread with significance. The best is short at 5 bars with net +8.39 pt over 320 observations, but p=0.411 (standard error 37.1 pt): indistinguishable from zero. No SL/TP combination can rescue a signal without an edge.",0.018903591682419656,False,,8214,,,,,,,,,,,,,,,,,,,,,[],,,,,,,,,,,,
donchian-breakout,USDJPY.r,H1,gate,stopped at gate zero,,True,True,True,0.014470336124596027,0.007235168062298013,"spread is 1.4% of one ATR (3 of 207 points), 0.7% of a 2x ATR stop. The spread was measured from 2025-05-01, after this series begins (2021-05-25): for the earlier bars it is an assumption, not a measurement",False,2503,51.45433628347503,0.05799029804843181,"DOES NOT PASS: no horizon beats the spread with significance. The best is short at 30 bars with net +51.45 pt over 989 observations, but p=0.058 (standard error 32.7 pt): indistinguishable from zero. No SL/TP combination can rescue a signal without an edge.",0.04142911440516914,False,,32849,,,,,,,,,,,,,,,,,,,,,[],,,,,,,,,,,,
donchian-breakout,USDJPY.r,H4,gate,stopped at gate zero,,True,True,True,0.006604612117296079,0.0033023060586480396,"spread is 0.7% of one ATR (3 of 454 points), 0.3% of a 2x ATR stop. The spread was measured from 2025-05-01, after this series begins (2021-05-25): for the earlier bars it is an assumption, not a measurement",False,665,142.37383419415437,0.1268913979966736,"DOES NOT PASS: no horizon beats the spread with significance. The best is long at 60 bars with net +142.37 pt over 418 observations, but p=0.127 (standard error 124.6 pt): indistinguishable from zero. No SL/TP combination can rescue a signal without an edge.",0.03827751196172249,False,,8214,,,,,,,,,,,,,,,,,,,,,[],,,,,,,,,,,,
donchian-breakout,USDJPY.r,D1,gate,stopped at gate zero,,True,True,True,0.0023921618614187517,0.0011960809307093759,"spread is 0.2% of one ATR (3 of 1254 points), 0.1% of a 2x ATR stop. The spread was measured from 2025-05-01, after this series begins (2021-05-25): for the earlier bars it is an assumption, not a measurement",False,119,651.2742896551731,0.3155207677084373,"DOES NOT PASS: no horizon beats the spread with significance. The best is short at 120 bars with net +651.27 pt over 29 observations, but p=0.316 (standard error 1341.2 pt): indistinguishable from zero. No SL/TP combination can rescue a signal without an edge.",0.0,False,,1370,,,,,,,,,,,,,,,,,,,,,[],,,,,,,,,,,,
donchian-breakout,AUDUSD.r,H1,gate,stopped at gate zero,,True,True,True,0.025799096276849957,0.012899548138424978,"spread is 2.6% of one ATR (3 of 116 points), 1.3% of a 2x ATR stop. The spread was measured from 2025-05-01, after this series begins (2021-05-25): for the earlier bars it is an assumption, not a measurement",False,2508,-8.267157582859959,0.9113245003738724,"DOES NOT PASS: no horizon beats the spread with significance. The best is short at 5 bars with net -8.27 pt over 1205 observations, but p=0.911 (standard error 6.1 pt): indistinguishable from zero. No SL/TP combination can rescue a signal without an edge.",0.022048015678588925,False,,32849,,,,,,,,,,,,,,,,,,,,,[],,,,,,,,,,,,
donchian-breakout,AUDUSD.r,H4,gate,stopped at gate zero,,True,True,True,0.012199373219038539,0.006099686609519269,"spread is 1.2% of one ATR (3 of 246 points), 0.6% of a 2x ATR stop. The spread was measured from 2025-05-01, after this series begins (2021-05-25): for the earlier bars it is an assumption, not a measurement",False,658,7.8418943156732865,0.45592012447012353,"DOES NOT PASS: no horizon beats the spread with significance. The best is short at 60 bars with net +7.84 pt over 320 observations, but p=0.456 (standard error 70.8 pt): indistinguishable from zero. No SL/TP combination can rescue a signal without an edge.",0.0045351473922902496,False,,8214,,,,,,,,,,,,,,,,,,,,,[],,,,,,,,,,,,
donchian-breakout,AUDUSD.r,D1,gate,stopped at gate zero,,True,True,True,0.004762306669942238,0.002381153334971119,"spread is 0.5% of one ATR (3 of 630 points), 0.2% of a 2x ATR stop. The spread was measured from 2025-05-01, after this series begins (2021-05-25): for the earlier bars it is an assumption, not a measurement",False,111,328.6539773584904,0.24478005306937334,"DOES NOT PASS: no horizon beats the spread with significance. The best is short at 120 bars with net +328.65 pt over 53 observations, but p=0.245 (standard error 472.2 pt): indistinguishable from zero. No SL/TP combination can rescue a signal without an edge.",0.0,False,,1370,,,,,,,,,,,,,,,,,,,,,[],,,,,,,,,,,,
donchian-breakout,USDCAD.r,H1,gate,stopped at gate zero,,True,True,True,0.03648764786316221,0.018243823931581107,"spread is 3.6% of one ATR (5 of 137 points), 1.8% of a 2x ATR stop. The spread was measured from 2025-05-01, after this series begins (2021-05-25): for the earlier bars it is an assumption, not a measurement",False,2508,1.1948158414894294,0.47221751398618184,"DOES NOT PASS: no horizon beats the spread with significance. The best is short at 30 bars with net +1.19 pt over 1198 observations, but p=0.472 (standard error 17.1 pt): indistinguishable from zero. No SL/TP combination can rescue a signal without an edge.",0.02050824788230049,False,,32849,,,,,,,,,,,,,,,,,,,,,[],,,,,,,,,,,,
donchian-breakout,USDCAD.r,H4,gate,stopped at gate zero,,True,True,True,0.017307692096939768,0.008653846048469884,"spread is 1.7% of one ATR (5 of 289 points), 0.9% of a 2x ATR stop. The spread was measured from 2025-05-01, after this series begins (2021-05-25): for the earlier bars it is an assumption, not a measurement",False,684,17.82356186561521,0.24677779769452557,"DOES NOT PASS: no horizon beats the spread with significance. The best is short at 5 bars with net +17.82 pt over 310 observations, but p=0.247 (standard error 26.0 pt): indistinguishable from zero. No SL/TP combination can rescue a signal without an edge.",0.01651376146788991,False,,8214,,,,,,,,,,,,,,,,,,,,,[],,,,,,,,,,,,
donchian-breakout,USDCAD.r,D1,gate,stopped at gate zero,,True,True,True,0.006510206023604206,0.003255103011802103,"spread is 0.7% of one ATR (5 of 768 points), 0.3% of a 2x ATR stop. The spread was measured from 2025-05-01, after this series begins (2021-05-25): for the earlier bars it is an assumption, not a measurement",False,117,123.5144688644686,0.2159368371497694,"DOES NOT PASS: no horizon beats the spread with significance. The best is short at 5 bars with net +123.51 pt over 52 observations, but p=0.216 (standard error 155.9 pt): indistinguishable from zero. No SL/TP combination can rescue a signal without an edge.",0.0,False,,1370,,,,,,,,,,,,,,,,,,,,,[],,,,,,,,,,,,
donchian-breakout,XTIUSD,H1,gate,stopped at gate zero,,True,True,True,0.07499984076297975,0.037499920381489873,"spread is 7.5% of one ATR (30 of 400 points), 3.7% of a 2x ATR stop. The spread was measured from 2025-04-02, after this series begins (2020-02-23): for the earlier bars it is an assumption, not a measurement",False,2992,-14.412090126527152,0.6275300776094346,"DOES NOT PASS: no horizon beats the spread with significance. The best is short at 15 bars with net -14.41 pt over 1294 observations, but p=0.628 (standard error 44.3 pt): indistinguishable from zero. No SL/TP combination can rescue a signal without an edge.",0.047326203208556156,False,,38564,,,,,,,,,,,,,,,,,,,,,[],,,,,,,,,,,,
donchian-breakout,XTIUSD,H4,gate,stopped at gate zero,,True,True,True,0.03646448827569436,0.01823224413784718,"spread is 3.6% of one ATR (30 of 823 points), 1.8% of a 2x ATR stop. The spread was measured from 2025-04-02, after this series begins (2020-02-23): for the earlier bars it is an assumption, not a measurement",False,802,140.11835398902815,0.34430359120362053,"DOES NOT PASS: no horizon beats the spread with significance. The best is long at 120 bars with net +140.12 pt over 469 observations, but p=0.344 (standard error 349.4 pt): indistinguishable from zero. No SL/TP combination can rescue a signal without an edge.",0.03830227743271222,False,,10094,,,,,,,,,,,,,,,,,,,,,[],,,,,,,,,,,,
donchian-breakout,XTIUSD,D1,gate,stopped at gate zero,,True,True,True,0.01314985639032265,0.006574928195161325,"spread is 1.3% of one ATR (30 of 2281 points), 0.7% of a 2x ATR stop. The spread was measured from 2025-04-02, after this series begins (2020-02-23): for the earlier bars it is an assumption, not a measurement",False,132,948.6771706586826,0.12025235298105164,"DOES NOT PASS: no horizon beats the spread with significance. The best is long at 15 bars with net +948.68 pt over 80 observations, but p=0.120 (standard error 802.2 pt): indistinguishable from zero. No SL/TP combination can rescue a signal without an edge.",0.0457516339869281,False,,1685,,,,,,,,,,,,,,,,,,,,,[],,,,,,,,,,,,
donchian-breakout,XBRUSD,H1,gate,stopped at gate zero,,True,True,True,0.07355337738489766,0.03677668869244883,"spread is 7.4% of one ATR (30 of 408 points), 3.7% of a 2x ATR stop. The spread was measured from 2025-02-14, after this series begins (2020-02-28): for the earlier bars it is an assumption, not a measurement",False,2749,72.0744013402368,0.14925207143151298,"DOES NOT PASS: no horizon beats the spread with significance. The best is short at 30 bars with net +72.07 pt over 1198 observations, but p=0.149 (standard error 69.3 pt): indistinguishable from zero. No SL/TP combination can rescue a signal without an edge.",0.04110868888196823,False,,35149,,,,,,,,,,,,,,,,,,,,,[],,,,,,,,,,,,
donchian-breakout,XBRUSD,H4,gate,stopped at gate zero,,True,True,True,0.03858196341765645,0.019290981708828224,"spread is 3.9% of one ATR (30 of 778 points), 1.9% of a 2x ATR stop. The spread was measured from 2025-02-14, after this series begins (2020-02-27): for the earlier bars it is an assumption, not a measurement",False,823,52.0355043284153,0.44171964946661957,"DOES NOT PASS: no horizon beats the spread with significance. The best is long at 120 bars with net +52.04 pt over 476 observations, but p=0.442 (standard error 354.7 pt): indistinguishable from zero. No SL/TP combination can rescue a signal without an edge.",0.03691983122362869,False,,10066,,,,,,,,,,,,,,,,,,,,,[],,,,,,,,,,,,
donchian-breakout,XBRUSD,D1,gate,stopped at gate zero,,True,True,True,0.014020380705156456,0.007010190352578228,"spread is 1.4% of one ATR (30 of 2140 points), 0.7% of a 2x ATR stop. The spread was measured from 2025-02-14, after this series begins (2020-02-27): for the earlier bars it is an assumption, not a measurement",False,136,909.700939965584,0.2887042857938411,"DOES NOT PASS: no horizon beats the spread with significance. The best is long at 60 bars with net +909.70 pt over 76 observations, but p=0.289 (standard error 1625.6 pt): indistinguishable from zero. No SL/TP combination can rescue a signal without an edge.",0.02941176470588235,False,,1681,,,,,,,,,,,,,,,,,,,,,[],,,,,,,,,,,,
stochastic-reversal,XAUUSD.r,H1,gate,stopped at gate zero,,True,True,True,0.012728058057192923,0.006364029028596461,"spread is 1.3% of one ATR (7 of 550 points), 0.6% of a 2x ATR stop. The spread was measured from 2025-04-02, after this series begins (2020-02-27): for the earlier bars it is an assumption, not a measurement",False,2684,13.445377691207739,0.46790686999428255,"DOES NOT PASS: no horizon beats the spread with significance. The best is long at 60 bars with net +13.45 pt over 1181 observations, but p=0.468 (standard error 166.9 pt): indistinguishable from zero. No SL/TP combination can rescue a signal without an edge.",0.15645823824737562,False,,38510,,,,,,,,,,,,,,,,,,,,,[],,,,,,,,,,,,
stochastic-reversal,XAUUSD.r,H4,gate,stopped at gate zero,,True,True,True,0.006385539213631889,0.0031927696068159445,"spread is 0.6% of one ATR (7 of 1096 points), 0.3% of a 2x ATR stop. The spread was measured from 2025-04-02, after this series begins (2020-02-27): for the earlier bars it is an assumption, not a measurement",False,699,866.4763001230563,0.15976416690895423,"DOES NOT PASS: no horizon beats the spread with significance. The best is long at 120 bars with net +866.48 pt over 318 observations, but p=0.160 (standard error 869.1 pt): indistinguishable from zero. No SL/TP combination can rescue a signal without an edge.",0.1538208168642951,False,,10076,,,,,,,,,,,,,,,,,,,,,[],,,,,,,,,,,,
stochastic-reversal,XAUUSD.r,D1,gate,stopped at gate zero,,True,True,True,0.002362462220752431,0.0011812311103762156,"spread is 0.2% of one ATR (7 of 2963 points), 0.1% of a 2x ATR stop. The spread was measured from 2025-04-02, after this series begins (2020-02-27): for the earlier bars it is an assumption, not a measurement",False,120,3320.164087290541,0.25371590592511173,"DOES NOT PASS: no horizon beats the spread with significance. The best is long at 120 bars with net +3320.16 pt over 46 observations, but p=0.254 (standard error 4969.0 pt): indistinguishable from zero. No SL/TP combination can rescue a signal without an edge.",0.14285714285714285,False,,1682,,,,,,,,,,,,,,,,,,,,,[],,,,,,,,,,,,
stochastic-reversal,XAGUSD.r,H1,gate,stopped at gate zero,,True,True,True,0.09745965302803648,0.04872982651401824,"spread is 9.7% of one ATR (13 of 133 points), 4.9% of a 2x ATR stop. The spread was measured from 2025-04-03, after this series begins (2020-02-27): for the earlier bars it is an assumption, not a measurement",False,2628,-10.226379932814496,0.5797947789180932,"DOES NOT PASS: no horizon beats the spread with significance. The best is long at 60 bars with net -10.23 pt over 1141 observations, but p=0.580 (standard error 50.8 pt): indistinguishable from zero. No SL/TP combination can rescue a signal without an edge.",0.2457293035479632,True,,38517,,,,,,,,,,,,,,,,,,,,,[],,,,,,,,,,,,
stochastic-reversal,XAGUSD.r,D1,gate,stopped at gate zero,,True,True,True,0.018251616491909286,0.009125808245954643,"spread is 1.8% of one ATR (13 of 712 points), 0.9% of a 2x ATR stop. The spread was measured from 2025-04-03, after this series begins (2020-02-27): for the earlier bars it is an assumption, not a measurement",False,119,802.9341610988442,0.2799187132421812,"DOES NOT PASS: no horizon beats the spread with significance. The best is long at 60 bars with net +802.93 pt over 43 observations, but p=0.280 (standard error 1366.1 pt): indistinguishable from zero. No SL/TP combination can rescue a signal without an edge.",0.3017241379310345,True,,1682,,,,,,,,,,,,,,,,,,,,,[],,,,,,,,,,,,
stochastic-reversal,XAUEUR.r,H1,gate,stopped at gate zero,,True,True,True,0.01997877587435218,0.00998938793717609,"spread is 2.0% of one ATR (10 of 501 points), 1.0% of a 2x ATR stop. The spread was measured from 2025-04-04, after this series begins (2021-06-21): for the earlier bars it is an assumption, not a measurement",False,2173,-2.454480958853395,0.5190715615419154,"DOES NOT PASS: no horizon beats the spread with significance. The best is long at 5 bars with net -2.45 pt over 972 observations, but p=0.519 (standard error 51.3 pt): indistinguishable from zero. No SL/TP combination can rescue a signal without an edge.",0.14550949913644212,False,,30777,,,,,,,,,,,,,,,,,,,,,[],,,,,,,,,,,,
stochastic-reversal,XAUEUR.r,D1,gate,stopped at gate zero,,True,True,True,0.0037239237659102654,0.0018619618829551327,"spread is 0.4% of one ATR (10 of 2685 points), 0.2% of a 2x ATR stop. The spread was measured from 2025-04-04, after this series begins (2021-06-20): for the earlier bars it is an assumption, not a measurement",False,97,789.2624927703891,0.3285295728245242,"DOES NOT PASS: no horizon beats the spread with significance. The best is short at 15 bars with net +789.26 pt over 52 observations, but p=0.329 (standard error 1767.3 pt): indistinguishable from zero. No SL/TP combination can rescue a signal without an edge.",0.12048192771084337,False,,1345,,,,,,,,,,,,,,,,,,,,,[],,,,,,,,,,,,
stochastic-reversal,EURUSD.r,H1,gate,stopped at gate zero,,True,True,True,0.007679899323800575,0.0038399496619002877,"spread is 0.8% of one ATR (1 of 130 points), 0.4% of a 2x ATR stop. The spread was measured from 2025-05-01, after this series begins (2020-01-02): for the earlier bars it is an assumption, not a measurement",False,3039,20.519886516966206,0.24815875185417569,"DOES NOT PASS: no horizon beats the spread with significance. The best is short at 120 bars with net +20.52 pt over 1498 observations, but p=0.248 (standard error 30.2 pt): indistinguishable from zero. No SL/TP combination can rescue a signal without an edge.",0.06831018672337032,False,,41530,,,,,,,,,,,,,,,,,,,,,[],,,,,,,,,,,,
stochastic-reversal,EURUSD.r,D1,gate,stopped at gate zero,,True,True,True,0.0013375010023585125,0.0006687505011792563,"spread is 0.1% of one ATR (1 of 748 points), 0.1% of a 2x ATR stop. The spread was measured from 2025-05-01, after this series begins (2020-01-01): for the earlier bars it is an assumption, not a measurement",False,138,52.48663324979208,0.4589584658193693,"DOES NOT PASS: no horizon beats the spread with significance. The best is short at 60 bars with net +52.49 pt over 63 observations, but p=0.459 (standard error 507.2 pt): indistinguishable from zero. No SL/TP combination can rescue a signal without an edge.",0.014705882352941178,False,,1732,,,,,,,,,,,,,,,,,,,,,[],,,,,,,,,,,,
stochastic-reversal,GBPUSD.r,H1,gate,stopped at gate zero,,True,True,True,0.018020655893110193,0.009010327946555097,"spread is 1.8% of one ATR (3 of 166 points), 0.9% of a 2x ATR stop. The spread was measured from 2025-04-30, after this series begins (2021-05-25): for the earlier bars it is an assumption, not a measurement",False,2371,17.592170405667982,0.28573406070306384,"DOES NOT PASS: no horizon beats the spread with significance. The best is long at 60 bars with net +17.59 pt over 1153 observations, but p=0.286 (standard error 31.1 pt): indistinguishable from zero. No SL/TP combination can rescue a signal without an edge.",0.056864064602960965,False,,32848,,,,,,,,,,,,,,,,,,,,,[],,,,,,,,,,,,
stochastic-reversal,GBPUSD.r,H4,gate,stopped at gate zero,,True,True,True,0.00859340881828639,0.004296704409143195,"spread is 0.9% of one ATR (3 of 349 points), 0.4% of a 2x ATR stop. The spread was measured from 2025-04-30, after this series begins (2021-05-25): for the earlier bars it is an assumption, not a measurement",False,607,202.71414224446852,0.1026640814752886,"DOES NOT PASS: no horizon beats the spread with significance. The best is long at 120 bars with net +202.71 pt over 303 observations, but p=0.103 (standard error 159.7 pt): indistinguishable from zero. No SL/TP combination can rescue a signal without an edge.",0.04390243902439025,False,,8214,,,,,,,,,,,,,,,,,,,,,[],,,,,,,,,,,,
stochastic-reversal,GBPUSD.r,D1,gate,stopped at gate zero,,True,True,True,0.0032331466889170043,0.0016165733444585021,"spread is 0.3% of one ATR (3 of 928 points), 0.2% of a 2x ATR stop. The spread was measured from 2025-04-30, after this series begins (2021-05-25): for the earlier bars it is an assumption, not a measurement",False,106,228.18490902150387,0.21486632938173256,"DOES NOT PASS: no horizon beats the spread with significance. The best is long at 15 bars with net +228.18 pt over 58 observations, but p=0.215 (standard error 286.9 pt): indistinguishable from zero. No SL/TP combination can rescue a signal without an edge.",0.015841584158415842,False,,1370,,,,,,,,,,,,,,,,,,,,,[],,,,,,,,,,,,
stochastic-reversal,USDJPY.r,H1,gate,stopped at gate zero,,True,True,True,0.014470336124596027,0.007235168062298013,"spread is 1.4% of one ATR (3 of 207 points), 0.7% of a 2x ATR stop. The spread was measured from 2025-05-01, after this series begins (2021-05-25): for the earlier bars it is an assumption, not a measurement",False,2327,75.78486820830463,0.06776560683953259,"DOES NOT PASS: no horizon beats the spread with significance. The best is short at 120 bars with net +75.78 pt over 1384 observations, but p=0.068 (standard error 50.7 pt): indistinguishable from zero. No SL/TP combination can rescue a signal without an edge.",0.07032590051457975,False,,32849,,,,,,,,,,,,,,,,,,,,,[],,,,,,,,,,,,
stochastic-reversal,USDJPY.r,H4,gate,stopped at gate zero,,True,True,True,0.006604612117296079,0.0033023060586480396,"spread is 0.7% of one ATR (3 of 454 points), 0.3% of a 2x ATR stop. The spread was measured from 2025-05-01, after this series begins (2021-05-25): for the earlier bars it is an assumption, not a measurement",False,593,154.19046006421883,0.1428925575546699,"DOES NOT PASS: no horizon beats the spread with significance. The best is short at 60 bars with net +154.19 pt over 352 observations, but p=0.143 (standard error 144.2 pt): indistinguishable from zero. No SL/TP combination can rescue a signal without an edge.",0.054533060668029994,False,,8214,,,,,,,,,,,,,,,,,,,,,[],,,,,,,,,,,,
stochastic-reversal,USDJPY.r,D1,gate,stopped at gate zero,,True,True,True,0.0023921618614187517,0.0011960809307093759,"spread is 0.2% of one ATR (3 of 1254 points), 0.1% of a 2x ATR stop. The spread was measured from 2025-05-01, after this series begins (2021-05-25): for the earlier bars it is an assumption, not a measurement",False,100,1250.489257142859,0.18221964243561217,"DOES NOT PASS: no horizon beats the spread with significance. The best is long at 120 bars with net +1250.49 pt over 35 observations, but p=0.182 (standard error 1360.3 pt): indistinguishable from zero. No SL/TP combination can rescue a signal without an edge.",0.0374015748031496,False,,1370,,,,,,,,,,,,,,,,,,,,,[],,,,,,,,,,,,
stochastic-reversal,AUDUSD.r,H4,gate,stopped at gate zero,,True,True,True,0.012199373219038539,0.006099686609519269,"spread is 1.2% of one ATR (3 of 246 points), 0.6% of a 2x ATR stop. The spread was measured from 2025-05-01, after this series begins (2021-05-25): for the earlier bars it is an assumption, not a measurement",False,646,25.041887613800377,0.14415863406380214,"DOES NOT PASS: no horizon beats the spread with significance. The best is short at 5 bars with net +25.04 pt over 332 observations, but p=0.144 (standard error 23.5 pt): indistinguishable from zero. No SL/TP combination can rescue a signal without an edge.",0.030473666777078502,False,,8214,,,,,,,,,,,,,,,,,,,,,[],,,,,,,,,,,,
stochastic-reversal,AUDUSD.r,D1,gate,stopped at gate zero,,True,True,True,0.004762306669942238,0.002381153334971119,"spread is 0.5% of one ATR (3 of 630 points), 0.2% of a 2x ATR stop. The spread was measured from 2025-05-01, after this series begins (2021-05-25): for the earlier bars it is an assumption, not a measurement",False,102,239.77723333333302,0.30581978784409447,"DOES NOT PASS: no horizon beats the spread with significance. The best is long at 120 bars with net +239.78 pt over 48 observations, but p=0.306 (standard error 469.1 pt): indistinguishable from zero. No SL/TP combination can rescue a signal without an edge.",0.005905511811023622,False,,1370,,,,,,,,,,,,,,,,,,,,,[],,,,,,,,,,,,
stochastic-reversal,USDCAD.r,H1,gate,stopped at gate zero,,True,True,True,0.03648764786316221,0.018243823931581107,"spread is 3.6% of one ATR (5 of 137 points), 1.8% of a 2x ATR stop. The spread was measured from 2025-05-01, after this series begins (2021-05-25): for the earlier bars it is an assumption, not a measurement",False,2385,16.67252629174127,0.24206472529372447,"DOES NOT PASS: no horizon beats the spread with significance. The best is short at 60 bars with net +16.67 pt over 1214 observations, but p=0.242 (standard error 23.8 pt): indistinguishable from zero. No SL/TP combination can rescue a signal without an edge.",0.05505279034690799,False,,32849,,,,,,,,,,,,,,,,,,,,,[],,,,,,,,,,,,
stochastic-reversal,USDCAD.r,H4,gate,stopped at gate zero,,True,True,True,0.017307692096939768,0.008653846048469884,"spread is 1.7% of one ATR (5 of 289 points), 0.9% of a 2x ATR stop. The spread was measured from 2025-05-01, after this series begins (2021-05-25): for the earlier bars it is an assumption, not a measurement",False,623,32.693075341630305,0.1267741703941343,"DOES NOT PASS: no horizon beats the spread with significance. The best is long at 5 bars with net +32.69 pt over 292 observations, but p=0.127 (standard error 28.6 pt): indistinguishable from zero. No SL/TP combination can rescue a signal without an edge.",0.041866849691146193,False,,8214,,,,,,,,,,,,,,,,,,,,,[],,,,,,,,,,,,
stochastic-reversal,USDCAD.r,D1,gate,stopped at gate zero,,True,True,True,0.006510206023604206,0.003255103011802103,"spread is 0.7% of one ATR (5 of 768 points), 0.3% of a 2x ATR stop. The spread was measured from 2025-05-01, after this series begins (2021-05-25): for the earlier bars it is an assumption, not a measurement",False,102,438.32880000000205,0.228290749576731,"DOES NOT PASS: no horizon beats the spread with significance. The best is long at 120 bars with net +438.33 pt over 38 observations, but p=0.228 (standard error 582.6 pt): indistinguishable from zero. No SL/TP combination can rescue a signal without an edge.",0.013565891472868217,False,,1370,,,,,,,,,,,,,,,,,,,,,[],,,,,,,,,,,,
stochastic-reversal,XTIUSD,H1,gate,stopped at gate zero,,True,True,True,0.07499984076297975,0.037499920381489873,"spread is 7.5% of one ATR (30 of 400 points), 3.7% of a 2x ATR stop. The spread was measured from 2025-04-02, after this series begins (2020-02-23): for the earlier bars it is an assumption, not a measurement",False,2767,138.51261264434032,0.10579232181662013,"DOES NOT PASS: no horizon beats the spread with significance. The best is short at 120 bars with net +138.51 pt over 1523 observations, but p=0.106 (standard error 110.8 pt): indistinguishable from zero. No SL/TP combination can rescue a signal without an edge.",0.104772184102999,False,,38564,,,,,,,,,,,,,,,,,,,,,[],,,,,,,,,,,,
stochastic-reversal,XTIUSD,D1,gate,stopped at gate zero,,True,True,True,0.01314985639032265,0.006574928195161325,"spread is 1.3% of one ATR (30 of 2281 points), 0.7% of a 2x ATR stop. The spread was measured from 2025-04-02, after this series begins (2020-02-23): for the earlier bars it is an assumption, not a measurement",False,136,754.5547609147613,0.3122327374997669,"DOES NOT PASS: no horizon beats the spread with significance. The best is short at 60 bars with net +754.55 pt over 74 observations, but p=0.312 (standard error 1534.8 pt): indistinguishable from zero. No SL/TP combination can rescue a signal without an edge.",0.06095238095238095,False,,1685,,,,,,,,,,,,,,,,,,,,,[],,,,,,,,,,,,
stochastic-reversal,XBRUSD,H1,gate,stopped at gate zero,,True,True,True,0.07355337738489766,0.03677668869244883,"spread is 7.4% of one ATR (30 of 408 points), 3.7% of a 2x ATR stop. The spread was measured from 2025-02-14, after this series begins (2020-02-28): for the earlier bars it is an assumption, not a measurement",False,2590,124.02279715450405,0.17294859314658617,"DOES NOT PASS: no horizon beats the spread with significance. The best is long at 120 bars with net +124.02 pt over 1154 observations, but p=0.173 (standard error 131.5 pt): indistinguishable from zero. No SL/TP combination can rescue a signal without an edge.",0.09789130807474714,False,,35149,,,,,,,,,,,,,,,,,,,,,[],,,,,,,,,,,,
stochastic-reversal,XBRUSD,D1,gate,stopped at gate zero,,True,True,True,0.014020380705156456,0.007010190352578228,"spread is 1.4% of one ATR (30 of 2140 points), 0.7% of a 2x ATR stop. The spread was measured from 2025-02-14, after this series begins (2020-02-27): for the earlier bars it is an assumption, not a measurement",False,122,55.72469082230437,0.4550500248735678,"DOES NOT PASS: no horizon beats the spread with significance. The best is long at 5 bars with net +55.72 pt over 55 observations, but p=0.455 (standard error 491.2 pt): indistinguishable from zero. No SL/TP combination can rescue a signal without an edge.",0.06857142857142856,False,,1681,,,,,,,,,,,,,,,,,,,,,[],,,,,,,,,,,,
roc-momentum,XAUUSD.r,H1,gate,stopped at gate zero,,True,True,True,0.012728058057192923,0.006364029028596461,"spread is 1.3% of one ATR (7 of 550 points), 0.6% of a 2x ATR stop. The spread was measured from 2025-04-02, after this series begins (2020-02-27): for the earlier bars it is an assumption, not a measurement",False,5202,101.82993035281845,0.2750583379224567,"DOES NOT PASS: no horizon beats the spread with significance. The best is short at 120 bars with net +101.83 pt over 2591 observations, but p=0.275 (standard error 170.4 pt): indistinguishable from zero. No SL/TP combination can rescue a signal without an edge.",0.08630351939027124,False,,38510,,,,,,,,,,,,,,,,,,,,,[],,,,,,,,,,,,
roc-momentum,XAGUSD.r,H1,gate,stopped at gate zero,,True,True,True,0.09745965302803648,0.04872982651401824,"spread is 9.7% of one ATR (13 of 133 points), 4.9% of a 2x ATR stop. The spread was measured from 2025-04-03, after this series begins (2020-02-27): for the earlier bars it is an assumption, not a measurement",False,5288,34.197743875586866,0.2825228843830361,"DOES NOT PASS: no horizon beats the spread with significance. The best is short at 120 bars with net +34.20 pt over 2640 observations, but p=0.283 (standard error 59.4 pt): indistinguishable from zero. No SL/TP combination can rescue a signal without an edge.",0.173629558077759,False,,38517,,,,,,,,,,,,,,,,,,,,,[],,,,,,,,,,,,
roc-momentum,XAGUSD.r,H4,gate,stopped at gate zero,,True,True,True,0.047892780583584524,0.023946390291792262,"spread is 4.8% of one ATR (13 of 271 points), 2.4% of a 2x ATR stop. The spread was measured from 2025-04-03, after this series begins (2020-02-27): for the earlier bars it is an assumption, not a measurement",False,1280,218.353145205469,0.16006526840880897,"DOES NOT PASS: no horizon beats the spread with significance. The best is long at 120 bars with net +218.35 pt over 632 observations, but p=0.160 (standard error 219.5 pt): indistinguishable from zero. No SL/TP combination can rescue a signal without an edge.",0.16839134524929444,False,,10079,,,,,,,,,,,,,,,,,,,,,[],,,,,,,,,,,,
roc-momentum,XAUEUR.r,H1,gate,stopped at gate zero,,True,True,True,0.01997877587435218,0.00998938793717609,"spread is 2.0% of one ATR (10 of 501 points), 1.0% of a 2x ATR stop. The spread was measured from 2025-04-04, after this series begins (2021-06-21): for the earlier bars it is an assumption, not a measurement",False,4216,60.859193099688355,0.3508812559787733,"DOES NOT PASS: no horizon beats the spread with significance. The best is short at 120 bars with net +60.86 pt over 2100 observations, but p=0.351 (standard error 158.9 pt): indistinguishable from zero. No SL/TP combination can rescue a signal without an edge.",0.07891801450083659,False,,30777,,,,,,,,,,,,,,,,,,,,,[],,,,,,,,,,,,
roc-momentum,XAUEUR.r,D1,gate,stopped at gate zero,,True,True,True,0.0037239237659102654,0.0018619618829551327,"spread is 0.4% of one ATR (10 of 2685 points), 0.2% of a 2x ATR stop. The spread was measured from 2025-04-04, after this series begins (2021-06-20): for the earlier bars it is an assumption, not a measurement",False,182,3064.9224685548816,0.0931083635301232,"DOES NOT PASS: no horizon beats the spread with significance. The best is short at 60 bars with net +3064.92 pt over 86 observations, but p=0.093 (standard error 2299.9 pt): indistinguishable from zero. No SL/TP combination can rescue a signal without an edge.",0.07086614173228346,False,,1345,,,,,,,,,,,,,,,,,,,,,[],,,,,,,,,,,,
roc-momentum,EURUSD.r,H1,gate,stopped at gate zero,,True,True,True,0.007679899323800575,0.0038399496619002877,"spread is 0.8% of one ATR (1 of 130 points), 0.4% of a 2x ATR stop. The spread was measured from 2025-05-01, after this series begins (2020-01-02): for the earlier bars it is an assumption, not a measurement",False,5748,7.060120587332047,0.36602714300814077,"DOES NOT PASS: no horizon beats the spread with significance. The best is short at 120 bars with net +7.06 pt over 2871 observations, but p=0.366 (standard error 20.6 pt): indistinguishable from zero. No SL/TP combination can rescue a signal without an edge.",0.026018099547511313,False,,41530,,,,,,,,,,,,,,,,,,,,,[],,,,,,,,,,,,
roc-momentum,EURUSD.r,H4,gate,stopped at gate zero,,True,True,True,0.0036368097491996437,0.0018184048745998218,"spread is 0.4% of one ATR (1 of 275 points), 0.2% of a 2x ATR stop. The spread was measured from 2025-05-01, after this series begins (2020-01-02): for the earlier bars it is an assumption, not a measurement",False,1326,143.96483045449443,0.052891897902926144,"DOES NOT PASS: no horizon beats the spread with significance. The best is short at 120 bars with net +143.96 pt over 650 observations, but p=0.053 (standard error 88.9 pt): indistinguishable from zero. No SL/TP combination can rescue a signal without an edge.",0.006578947368421052,False,,10385,,,,,,,,,,,,,,,,,,,,,[],,,,,,,,,,,,
roc-momentum,EURUSD.r,D1,gate,stopped at gate zero,,True,True,True,0.0013375010023585125,0.0006687505011792563,"spread is 0.1% of one ATR (1 of 748 points), 0.1% of a 2x ATR stop. The spread was measured from 2025-05-01, after this series begins (2020-01-01): for the earlier bars it is an assumption, not a measurement",False,227,418.82868958998023,0.23314197472895581,"DOES NOT PASS: no horizon beats the spread with significance. The best is long at 120 bars with net +418.83 pt over 105 observations, but p=0.233 (standard error 572.8 pt): indistinguishable from zero. No SL/TP combination can rescue a signal without an edge.",0.0,False,,1732,,,,,,,,,,,,,,,,,,,,,[],,,,,,,,,,,,
roc-momentum,GBPUSD.r,H1,gate,stopped at gate zero,,True,True,True,0.018020655893110193,0.009010327946555097,"spread is 1.8% of one ATR (3 of 166 points), 0.9% of a 2x ATR stop. The spread was measured from 2025-04-30, after this series begins (2021-05-25): for the earlier bars it is an assumption, not a measurement",False,4653,13.576203993952014,0.3183203395802163,"DOES NOT PASS: no horizon beats the spread with significance. The best is short at 120 bars with net +13.58 pt over 2318 observations, but p=0.318 (standard error 28.7 pt): indistinguishable from zero. No SL/TP combination can rescue a signal without an edge.",0.029739776951672865,False,,32848,,,,,,,,,,,,,,,,,,,,,[],,,,,,,,,,,,
roc-momentum,GBPUSD.r,H4,gate,stopped at gate zero,,True,True,True,0.00859340881828639,0.004296704409143195,"spread is 0.9% of one ATR (3 of 349 points), 0.4% of a 2x ATR stop. The spread was measured from 2025-04-30, after this series begins (2021-05-25): for the earlier bars it is an assumption, not a measurement",False,1068,147.1973334745315,0.11051355190171619,"DOES NOT PASS: no horizon beats the spread with significance. The best is short at 120 bars with net +147.20 pt over 525 observations, but p=0.111 (standard error 120.1 pt): indistinguishable from zero. No SL/TP combination can rescue a signal without an edge.",0.017761989342806393,False,,8214,,,,,,,,,,,,,,,,,,,,,[],,,,,,,,,,,,
roc-momentum,USDJPY.r,H1,gate,stopped at gate zero,,True,True,True,0.014470336124596027,0.007235168062298013,"spread is 1.4% of one ATR (3 of 207 points), 0.7% of a 2x ATR stop. The spread was measured from 2025-05-01, after this series begins (2021-05-25): for the earlier bars it is an assumption, not a measurement",False,4362,50.69946870181789,0.10728245228431377,"DOES NOT PASS: no horizon beats the spread with significance. The best is long at 120 bars with net +50.70 pt over 2172 observations, but p=0.107 (standard error 40.8 pt): indistinguishable from zero. No SL/TP combination can rescue a signal without an edge.",0.04337180832458902,False,,32849,,,,,,,,,,,,,,,,,,,,,[],,,,,,,,,,,,
roc-momentum,AUDUSD.r,H1,gate,stopped at gate zero,,True,True,True,0.025799096276849957,0.012899548138424978,"spread is 2.6% of one ATR (3 of 116 points), 1.3% of a 2x ATR stop. The spread was measured from 2025-05-01, after this series begins (2021-05-25): for the earlier bars it is an assumption, not a measurement",False,4350,4.408740457350036,0.27338268723713455,"DOES NOT PASS: no horizon beats the spread with significance. The best is long at 15 bars with net +4.41 pt over 2174 observations, but p=0.273 (standard error 7.3 pt): indistinguishable from zero. No SL/TP combination can rescue a signal without an edge.",0.021828103683492497,False,,32849,,,,,,,,,,,,,,,,,,,,,[],,,,,,,,,,,,
roc-momentum,AUDUSD.r,H4,gate,stopped at gate zero,,True,True,True,0.012199373219038539,0.006099686609519269,"spread is 1.2% of one ATR (3 of 246 points), 0.6% of a 2x ATR stop. The spread was measured from 2025-05-01, after this series begins (2021-05-25): for the earlier bars it is an assumption, not a measurement",False,1114,12.285879468893194,0.23881903822463535,"DOES NOT PASS: no horizon beats the spread with significance. The best is long at 5 bars with net +12.29 pt over 557 observations, but p=0.239 (standard error 17.3 pt): indistinguishable from zero. No SL/TP combination can rescue a signal without an edge.",0.006578947368421052,False,,8214,,,,,,,,,,,,,,,,,,,,,[],,,,,,,,,,,,
roc-momentum,USDCAD.r,H1,gate,stopped at gate zero,,True,True,True,0.03648764786316221,0.018243823931581107,"spread is 3.6% of one ATR (5 of 137 points), 1.8% of a 2x ATR stop. The spread was measured from 2025-05-01, after this series begins (2021-05-25): for the earlier bars it is an assumption, not a measurement",False,4597,21.241556901077594,0.09826305054950146,"DOES NOT PASS: no horizon beats the spread with significance. The best is long at 60 bars with net +21.24 pt over 2297 observations, but p=0.098 (standard error 16.4 pt): indistinguishable from zero. No SL/TP combination can rescue a signal without an edge.",0.021849395239953183,False,,32849,,,,,,,,,,,,,,,,,,,,,[],,,,,,,,,,,,
roc-momentum,USDCAD.r,H4,gate,stopped at gate zero,,True,True,True,0.017307692096939768,0.008653846048469884,"spread is 1.7% of one ATR (5 of 289 points), 0.9% of a 2x ATR stop. The spread was measured from 2025-05-01, after this series begins (2021-05-25): for the earlier bars it is an assumption, not a measurement",False,1016,44.34196224922012,0.183527613633794,"DOES NOT PASS: no horizon beats the spread with significance. The best is short at 30 bars with net +44.34 pt over 504 observations, but p=0.184 (standard error 49.1 pt): indistinguishable from zero. No SL/TP combination can rescue a signal without an edge.",0.01383399209486166,False,,8214,,,,,,,,,,,,,,,,,,,,,[],,,,,,,,,,,,
roc-momentum,XTIUSD,H1,gate,stopped at gate zero,,True,True,True,0.07499984076297975,0.037499920381489873,"spread is 7.5% of one ATR (30 of 400 points), 3.7% of a 2x ATR stop. The spread was measured from 2025-04-02, after this series begins (2020-02-23): for the earlier bars it is an assumption, not a measurement",False,5186,52.27995425228903,0.0669063069870004,"DOES NOT PASS: no horizon beats the spread with significance. The best is long at 15 bars with net +52.28 pt over 2596 observations, but p=0.067 (standard error 34.9 pt): indistinguishable from zero. No SL/TP combination can rescue a signal without an edge.",0.049293966623876764,False,,38564,,,,,,,,,,,,,,,,,,,,,[],,,,,,,,,,,,
roc-momentum,XTIUSD,D1,gate,stopped at gate zero,,True,True,True,0.01314985639032265,0.006574928195161325,"spread is 1.3% of one ATR (30 of 2281 points), 0.7% of a 2x ATR stop. The spread was measured from 2025-04-02, after this series begins (2020-02-23): for the earlier bars it is an assumption, not a measurement",False,224,2233.113514376996,0.06280432467205477,"DOES NOT PASS: no horizon beats the spread with significance. The best is short at 120 bars with net +2233.11 pt over 100 observations, but p=0.063 (standard error 1445.7 pt): indistinguishable from zero. No SL/TP combination can rescue a signal without an edge.",0.02912621359223301,False,,1685,,,,,,,,,,,,,,,,,,,,,[],,,,,,,,,,,,
roc-momentum,XBRUSD,H1,gate,stopped at gate zero,,True,True,True,0.07355337738489766,0.03677668869244883,"spread is 7.4% of one ATR (30 of 408 points), 3.7% of a 2x ATR stop. The spread was measured from 2025-02-14, after this series begins (2020-02-28): for the earlier bars it is an assumption, not a measurement",False,4630,98.83039880016287,0.075815052045064,"DOES NOT PASS: no horizon beats the spread with significance. The best is long at 60 bars with net +98.83 pt over 2315 observations, but p=0.076 (standard error 68.9 pt): indistinguishable from zero. No SL/TP combination can rescue a signal without an edge.",0.04255952380952381,False,,35149,,,,,,,,,,,,,,,,,,,,,[],,,,,,,,,,,,
ema-trend-filter,XAUUSD.r,H4,gate,stopped at gate zero,,True,True,True,0.006385539213631889,0.0031927696068159445,"spread is 0.6% of one ATR (7 of 1096 points), 0.3% of a 2x ATR stop. The spread was measured from 2025-04-02, after this series begins (2020-02-27): for the earlier bars it is an assumption, not a measurement",False,406,768.2603584484596,0.21852788537775947,"DOES NOT PASS: no horizon beats the spread with significance. The best is short at 120 bars with net +768.26 pt over 202 observations, but p=0.219 (standard error 986.6 pt): indistinguishable from zero. No SL/TP combination can rescue a signal without an edge.",0.07277628032345014,False,,10076,,,,,,,,,,,,,,,,,,,,,[],,,,,,,,,,,,
ema-trend-filter,XAUUSD.r,D1,gate,stopped at gate zero,,True,True,True,0.002362462220752431,0.0011812311103762156,"spread is 0.2% of one ATR (7 of 2963 points), 0.1% of a 2x ATR stop. The spread was measured from 2025-04-02, after this series begins (2020-02-27): for the earlier bars it is an assumption, not a measurement",False,48,16839.270695318155,1.0039833917563357e-06,"DOES NOT PASS: no horizon beats the spread with significance. The best is short at 120 bars with net +16839.27 pt over 23 observations, but p=0.000 (standard error 2637.8 pt): indistinguishable from zero. No SL/TP combination can rescue a signal without an edge.",0.11764705882352941,False,,1682,,,,,,,,,,,,,,,,,,,,,[],,,,,,,,,,,,
ema-trend-filter,XAGUSD.r,H1,gate,stopped at gate zero,,True,True,True,0.09745965302803648,0.04872982651401824,"spread is 9.7% of one ATR (13 of 133 points), 4.9% of a 2x ATR stop. The spread was measured from 2025-04-03, after this series begins (2020-02-27): for the earlier bars it is an assumption, not a measurement",False,1554,108.265146627381,0.056802835774514615,"DOES NOT PASS: no horizon beats the spread with significance. The best is long at 120 bars with net +108.27 pt over 776 observations, but p=0.057 (standard error 68.3 pt): indistinguishable from zero. No SL/TP combination can rescue a signal without an edge.",0.1998095238095238,False,,38517,,,,,,,,,,,,,,,,,,,,,[],,,,,,,,,,,,
ema-trend-filter,XAGUSD.r,H4,gate,stopped at gate zero,,True,True,True,0.047892780583584524,0.023946390291792262,"spread is 4.8% of one ATR (13 of 271 points), 2.4% of a 2x ATR stop. The spread was measured from 2025-04-03, after this series begins (2020-02-27): for the earlier bars it is an assumption, not a measurement",False,406,202.53213992424304,0.16399367991243008,"DOES NOT PASS: no horizon beats the spread with significance. The best is short at 60 bars with net +202.53 pt over 202 observations, but p=0.164 (standard error 206.5 pt): indistinguishable from zero. No SL/TP combination can rescue a signal without an edge.",0.15604395604395604,False,,10079,,,,,,,,,,,,,,,,,,,,,[],,,,,,,,,,,,
ema-trend-filter,XAUEUR.r,H1,gate,stopped at gate zero,,True,True,True,0.01997877587435218,0.00998938793717609,"spread is 2.0% of one ATR (10 of 501 points), 1.0% of a 2x ATR stop. The spread was measured from 2025-04-04, after this series begins (2021-06-21): for the earlier bars it is an assumption, not a measurement",False,1218,170.00501038108465,0.10804150521583433,"DOES NOT PASS: no horizon beats the spread with significance. The best is short at 30 bars with net +170.01 pt over 609 observations, but p=0.108 (standard error 137.3 pt): indistinguishable from zero. No SL/TP combination can rescue a signal without an edge.",0.07508749602290805,False,,30777,,,,,,,,,,,,,,,,,,,,,[],,,,,,,,,,,,
ema-trend-filter,XAUEUR.r,H4,gate,stopped at gate zero,,True,True,True,0.010087175386279757,0.005043587693139878,"spread is 1.0% of one ATR (10 of 991 points), 0.5% of a 2x ATR stop. The spread was measured from 2025-04-04, after this series begins (2021-06-21): for the earlier bars it is an assumption, not a measurement",False,316,240.6261552177632,0.21630612648334357,"DOES NOT PASS: no horizon beats the spread with significance. The best is long at 30 bars with net +240.63 pt over 157 observations, but p=0.216 (standard error 305.8 pt): indistinguishable from zero. No SL/TP combination can rescue a signal without an edge.",0.07618283881315156,False,,8053,,,,,,,,,,,,,,,,,,,,,[],,,,,,,,,,,,
ema-trend-filter,XAUEUR.r,D1,gate,stopped at gate zero,,True,True,True,0.0037239237659102654,0.0018619618829551327,"spread is 0.4% of one ATR (10 of 2685 points), 0.2% of a 2x ATR stop. The spread was measured from 2025-04-04, after this series begins (2021-06-20): for the earlier bars it is an assumption, not a measurement",False,32,9751.597551020408,1.190586408350569e-07,"DOES NOT PASS: no horizon beats the spread with significance. The best is short at 120 bars with net +9751.60 pt over 15 observations, but p=0.000 (standard error 1052.4 pt): indistinguishable from zero. No SL/TP combination can rescue a signal without an edge.",0.10703363914373089,False,,1345,,,,,,,,,,,,,,,,,,,,,[],,,,,,,,,,,,
ema-trend-filter,EURUSD.r,H4,gate,stopped at gate zero,,True,True,True,0.0036368097491996437,0.0018184048745998218,"spread is 0.4% of one ATR (1 of 275 points), 0.2% of a 2x ATR stop. The spread was measured from 2025-05-01, after this series begins (2020-01-02): for the earlier bars it is an assumption, not a measurement",False,369,190.78001440098296,0.1288666394610365,"DOES NOT PASS: no horizon beats the spread with significance. The best is short at 120 bars with net +190.78 pt over 184 observations, but p=0.129 (standard error 168.0 pt): indistinguishable from zero. No SL/TP combination can rescue a signal without an edge.",0.006305170239596469,False,,10385,,,,,,,,,,,,,,,,,,,,,[],,,,,,,,,,,,
ema-trend-filter,EURUSD.r,D1,gate,stopped at gate zero,,True,True,True,0.0013375010023585125,0.0006687505011792563,"spread is 0.1% of one ATR (1 of 748 points), 0.1% of a 2x ATR stop. The spread was measured from 2025-05-01, after this series begins (2020-01-01): for the earlier bars it is an assumption, not a measurement",False,46,438.0182672791373,0.1876128769219103,"DOES NOT PASS: no horizon beats the spread with significance. The best is long at 30 bars with net +438.02 pt over 22 observations, but p=0.188 (standard error 483.5 pt): indistinguishable from zero. No SL/TP combination can rescue a signal without an edge.",0.0,False,,1732,,,,,,,,,,,,,,,,,,,,,[],,,,,,,,,,,,
ema-trend-filter,GBPUSD.r,H1,gate,stopped at gate zero,,True,True,True,0.018020655893110193,0.009010327946555097,"spread is 1.8% of one ATR (3 of 166 points), 0.9% of a 2x ATR stop. The spread was measured from 2025-04-30, after this series begins (2021-05-25): for the earlier bars it is an assumption, not a measurement",False,1290,78.69011876200545,0.08427255964897795,"DOES NOT PASS: no horizon beats the spread with significance. The best is short at 120 bars with net +78.69 pt over 643 observations, but p=0.084 (standard error 57.1 pt): indistinguishable from zero. No SL/TP combination can rescue a signal without an edge.",0.03053435114503817,False,,32848,,,,,,,,,,,,,,,,,,,,,[],,,,,,,,,,,,
ema-trend-filter,GBPUSD.r,D1,gate,stopped at gate zero,,True,True,True,0.0032331466889170043,0.0016165733444585021,"spread is 0.3% of one ATR (3 of 928 points), 0.2% of a 2x ATR stop. The spread was measured from 2025-04-30, after this series begins (2021-05-25): for the earlier bars it is an assumption, not a measurement",False,51,4257.920299999998,2.268595576060406e-06,"DOES NOT PASS: no horizon beats the spread with significance. The best is long at 120 bars with net +4257.92 pt over 16 observations, but p=0.000 (standard error 611.3 pt): indistinguishable from zero. No SL/TP combination can rescue a signal without an edge.",0.017241379310344827,False,,1370,,,,,,,,,,,,,,,,,,,,,[],,,,,,,,,,,,
ema-trend-filter,USDJPY.r,D1,gate,stopped at gate zero,,True,True,True,0.0023921618614187517,0.0011960809307093759,"spread is 0.2% of one ATR (3 of 1254 points), 0.1% of a 2x ATR stop. The spread was measured from 2025-05-01, after this series begins (2021-05-25): for the earlier bars it is an assumption, not a measurement",False,47,1832.0997091966474,0.03367045397912383,"DOES NOT PASS: no horizon beats the spread with significance. The best is long at 60 bars with net +1832.10 pt over 21 observations, but p=0.034 (standard error 947.1 pt): indistinguishable from zero. No SL/TP combination can rescue a signal without an edge.",0.0,False,,1370,,,,,,,,,,,,,,,,,,,,,[],,,,,,,,,,,,
ema-trend-filter,AUDUSD.r,H1,gate,stopped at gate zero,,True,True,True,0.025799096276849957,0.012899548138424978,"spread is 2.6% of one ATR (3 of 116 points), 1.3% of a 2x ATR stop. The spread was measured from 2025-05-01, after this series begins (2021-05-25): for the earlier bars it is an assumption, not a measurement",False,1226,24.534829676815345,0.11878003673810422,"DOES NOT PASS: no horizon beats the spread with significance. The best is long at 30 bars with net +24.53 pt over 612 observations, but p=0.119 (standard error 20.8 pt): indistinguishable from zero. No SL/TP combination can rescue a signal without an edge.",0.02262879152623977,False,,32849,,,,,,,,,,,,,,,,,,,,,[],,,,,,,,,,,,
ema-trend-filter,AUDUSD.r,H4,gate,stopped at gate zero,,True,True,True,0.012199373219038539,0.006099686609519269,"spread is 1.2% of one ATR (3 of 246 points), 0.6% of a 2x ATR stop. The spread was measured from 2025-05-01, after this series begins (2021-05-25): for the earlier bars it is an assumption, not a measurement",False,351,80.34099357631621,0.1302031281473316,"DOES NOT PASS: no horizon beats the spread with significance. The best is short at 30 bars with net +80.34 pt over 175 observations, but p=0.130 (standard error 71.2 pt): indistinguishable from zero. No SL/TP combination can rescue a signal without an edge.",0.004866180048661801,False,,8214,,,,,,,,,,,,,,,,,,,,,[],,,,,,,,,,,,
ema-trend-filter,AUDUSD.r,D1,gate,stopped at gate zero,,True,True,True,0.004762306669942238,0.002381153334971119,"spread is 0.5% of one ATR (3 of 630 points), 0.2% of a 2x ATR stop. The spread was measured from 2025-05-01, after this series begins (2021-05-25): for the earlier bars it is an assumption, not a measurement",False,85,887.5563999999999,0.06993162693127553,"DOES NOT PASS: no horizon beats the spread with significance. The best is long at 120 bars with net +887.56 pt over 40 observations, but p=0.070 (standard error 588.9 pt): indistinguishable from zero. No SL/TP combination can rescue a signal without an edge.",0.0,False,,1370,,,,,,,,,,,,,,,,,,,,,[],,,,,,,,,,,,
ema-trend-filter,USDCAD.r,H1,gate,stopped at gate zero,,True,True,True,0.03648764786316221,0.018243823931581107,"spread is 3.6% of one ATR (5 of 137 points), 1.8% of a 2x ATR stop. The spread was measured from 2025-05-01, after this series begins (2021-05-25): for the earlier bars it is an assumption, not a measurement",False,1321,28.088703968274963,0.19111803708036035,"DOES NOT PASS: no horizon beats the spread with significance. The best is long at 60 bars with net +28.09 pt over 659 observations, but p=0.191 (standard error 32.1 pt): indistinguishable from zero. No SL/TP combination can rescue a signal without an edge.",0.016452442159383032,False,,32849,,,,,,,,,,,,,,,,,,,,,[],,,,,,,,,,,,
ema-trend-filter,USDCAD.r,H4,gate,stopped at gate zero,,True,True,True,0.017307692096939768,0.008653846048469884,"spread is 1.7% of one ATR (5 of 289 points), 0.9% of a 2x ATR stop. The spread was measured from 2025-05-01, after this series begins (2021-05-25): for the earlier bars it is an assumption, not a measurement",False,347,134.5249297837449,0.12588445150766847,"DOES NOT PASS: no horizon beats the spread with significance. The best is short at 60 bars with net +134.52 pt over 173 observations, but p=0.126 (standard error 117.0 pt): indistinguishable from zero. No SL/TP combination can rescue a signal without an edge.",0.01383399209486166,False,,8214,,,,,,,,,,,,,,,,,,,,,[],,,,,,,,,,,,
ema-trend-filter,USDCAD.r,D1,gate,stopped at gate zero,,True,True,True,0.006510206023604206,0.003255103011802103,"spread is 0.7% of one ATR (5 of 768 points), 0.3% of a 2x ATR stop. The spread was measured from 2025-05-01, after this series begins (2021-05-25): for the earlier bars it is an assumption, not a measurement",False,55,1829.4002285714314,0.020886379388657006,"DOES NOT PASS: no horizon beats the spread with significance. The best is long at 120 bars with net +1829.40 pt over 21 observations, but p=0.021 (standard error 841.0 pt): indistinguishable from zero. No SL/TP combination can rescue a signal without an edge.",0.0,False,,1370,,,,,,,,,,,,,,,,,,,,,[],,,,,,,,,,,,
ema-trend-filter,XTIUSD,H1,gate,stopped at gate zero,,True,True,True,0.07499984076297975,0.037499920381489873,"spread is 7.5% of one ATR (30 of 400 points), 3.7% of a 2x ATR stop. The spread was measured from 2025-04-02, after this series begins (2020-02-23): for the earlier bars it is an assumption, not a measurement",False,1493,69.78670881515754,0.18905915141625507,"DOES NOT PASS: no horizon beats the spread with significance. The best is long at 30 bars with net +69.79 pt over 747 observations, but p=0.189 (standard error 79.1 pt): indistinguishable from zero. No SL/TP combination can rescue a signal without an edge.",0.049652194770928276,False,,38564,,,,,,,,,,,,,,,,,,,,,[],,,,,,,,,,,,
ema-trend-filter,XTIUSD,H4,gate,stopped at gate zero,,True,True,True,0.03646448827569436,0.01823224413784718,"spread is 3.6% of one ATR (30 of 823 points), 1.8% of a 2x ATR stop. The spread was measured from 2025-04-02, after this series begins (2020-02-23): for the earlier bars it is an assumption, not a measurement",False,461,-12.952925624244244,0.5115127760439369,"DOES NOT PASS: no horizon beats the spread with significance. The best is short at 120 bars with net -12.95 pt over 227 observations, but p=0.512 (standard error 448.3 pt): indistinguishable from zero. No SL/TP combination can rescue a signal without an edge.",0.03745743473325767,False,,10094,,,,,,,,,,,,,,,,,,,,,[],,,,,,,,,,,,
ema-trend-filter,XBRUSD,H1,gate,stopped at gate zero,,True,True,True,0.07355337738489766,0.03677668869244883,"spread is 7.4% of one ATR (30 of 408 points), 3.7% of a 2x ATR stop. The spread was measured from 2025-02-14, after this series begins (2020-02-28): for the earlier bars it is an assumption, not a measurement",False,1451,225.17887227299747,0.0688075679233916,"DOES NOT PASS: no horizon beats the spread with significance. The best is short at 120 bars with net +225.18 pt over 724 observations, but p=0.069 (standard error 151.5 pt): indistinguishable from zero. No SL/TP combination can rescue a signal without an edge.",0.041968162083936326,False,,35149,,,,,,,,,,,,,,,,,,,,,[],,,,,,,,,,,,
atr-volatility-breakout,XAUUSD.r,H4,gate,stopped at gate zero,,True,True,True,0.006385539213631889,0.0031927696068159445,"spread is 0.6% of one ATR (7 of 1096 points), 0.3% of a 2x ATR stop. The spread was measured from 2025-04-02, after this series begins (2020-02-27): for the earlier bars it is an assumption, not a measurement",False,503,276.8908556885555,0.3043900864132607,"DOES NOT PASS: no horizon beats the spread with significance. The best is short at 15 bars with net +276.89 pt over 218 observations, but p=0.304 (standard error 540.2 pt): indistinguishable from zero. No SL/TP combination can rescue a signal without an edge.",0.06896551724137931,False,,10076,,,,,,,,,,,,,,,,,,,,,[],,,,,,,,,,,,
atr-volatility-breakout,XAGUSD.r,H1,gate,stopped at gate zero,,True,True,True,0.09745965302803648,0.04872982651401824,"spread is 9.7% of one ATR (13 of 133 points), 4.9% of a 2x ATR stop. The spread was measured from 2025-04-03, after this series begins (2020-02-27): for the earlier bars it is an assumption, not a measurement",False,1860,64.37893115685492,0.14578385560275575,"DOES NOT PASS: no horizon beats the spread with significance. The best is short at 30 bars with net +64.38 pt over 862 observations, but p=0.146 (standard error 61.0 pt): indistinguishable from zero. No SL/TP combination can rescue a signal without an edge.",0.16314829293719052,False,,38517,,,,,,,,,,,,,,,,,,,,,[],,,,,,,,,,,,
atr-volatility-breakout,EURUSD.r,H1,gate,stopped at gate zero,,True,True,True,0.007679899323800575,0.0038399496619002877,"spread is 0.8% of one ATR (1 of 130 points), 0.4% of a 2x ATR stop. The spread was measured from 2025-05-01, after this series begins (2020-01-02): for the earlier bars it is an assumption, not a measurement",False,2234,21.038055875520353,0.2592659774164734,"DOES NOT PASS: no horizon beats the spread with significance. The best is short at 120 bars with net +21.04 pt over 1130 observations, but p=0.259 (standard error 32.6 pt): indistinguishable from zero. No SL/TP combination can rescue a signal without an edge.",0.02447676481021639,False,,41530,,,,,,,,,,,,,,,,,,,,,[],,,,,,,,,,,,
atr-volatility-breakout,EURUSD.r,H4,gate,stopped at gate zero,,True,True,True,0.0036368097491996437,0.0018184048745998218,"spread is 0.4% of one ATR (1 of 275 points), 0.2% of a 2x ATR stop. The spread was measured from 2025-05-01, after this series begins (2020-01-02): for the earlier bars it is an assumption, not a measurement",False,525,56.78985555013455,0.2980866491946903,"DOES NOT PASS: no horizon beats the spread with significance. The best is long at 60 bars with net +56.79 pt over 263 observations, but p=0.298 (standard error 107.0 pt): indistinguishable from zero. No SL/TP combination can rescue a signal without an edge.",0.005698005698005697,False,,10385,,,,,,,,,,,,,,,,,,,,,[],,,,,,,,,,,,
atr-volatility-breakout,EURUSD.r,D1,gate,stopped at gate zero,,True,True,True,0.0013375010023585125,0.0006687505011792563,"spread is 0.1% of one ATR (1 of 748 points), 0.1% of a 2x ATR stop. The spread was measured from 2025-05-01, after this series begins (2020-01-01): for the earlier bars it is an assumption, not a measurement",False,85,40.881903642770865,0.4637251990987802,"DOES NOT PASS: no horizon beats the spread with significance. The best is long at 30 bars with net +40.88 pt over 42 observations, but p=0.464 (standard error 446.2 pt): indistinguishable from zero. No SL/TP combination can rescue a signal without an edge.",0.0,False,,1732,,,,,,,,,,,,,,,,,,,,,[],,,,,,,,,,,,
atr-volatility-breakout,GBPUSD.r,H1,gate,stopped at gate zero,,True,True,True,0.018020655893110193,0.009010327946555097,"spread is 1.8% of one ATR (3 of 166 points), 0.9% of a 2x ATR stop. The spread was measured from 2025-04-30, after this series begins (2021-05-25): for the earlier bars it is an assumption, not a measurement",False,1734,3.5377580247778377,0.4435684642062694,"DOES NOT PASS: no horizon beats the spread with significance. The best is long at 30 bars with net +3.54 pt over 854 observations, but p=0.444 (standard error 24.9 pt): indistinguishable from zero. No SL/TP combination can rescue a signal without an edge.",0.03141614306428226,False,,32848,,,,,,,,,,,,,,,,,,,,,[],,,,,,,,,,,,
atr-volatility-breakout,GBPUSD.r,H4,gate,stopped at gate zero,,True,True,True,0.00859340881828639,0.004296704409143195,"spread is 0.9% of one ATR (3 of 349 points), 0.4% of a 2x ATR stop. The spread was measured from 2025-04-30, after this series begins (2021-05-25): for the earlier bars it is an assumption, not a measurement",False,406,19.22716813933559,0.30162624438238406,"DOES NOT PASS: no horizon beats the spread with significance. The best is short at 5 bars with net +19.23 pt over 215 observations, but p=0.302 (standard error 36.9 pt): indistinguishable from zero. No SL/TP combination can rescue a signal without an edge.",0.016666666666666666,False,,8214,,,,,,,,,,,,,,,,,,,,,[],,,,,,,,,,,,
atr-volatility-breakout,GBPUSD.r,D1,gate,stopped at gate zero,,True,True,True,0.0032331466889170043,0.0016165733444585021,"spread is 0.3% of one ATR (3 of 928 points), 0.2% of a 2x ATR stop. The spread was measured from 2025-04-30, after this series begins (2021-05-25): for the earlier bars it is an assumption, not a measurement",False,73,304.81865671641714,0.25338980578071557,"DOES NOT PASS: no horizon beats the spread with significance. The best is long at 30 bars with net +304.82 pt over 34 observations, but p=0.253 (standard error 454.2 pt): indistinguishable from zero. No SL/TP combination can rescue a signal without an edge.",0.01694915254237288,False,,1370,,,,,,,,,,,,,,,,,,,,,[],,,,,,,,,,,,
atr-volatility-breakout,USDJPY.r,H4,gate,stopped at gate zero,,True,True,True,0.006604612117296079,0.0033023060586480396,"spread is 0.7% of one ATR (3 of 454 points), 0.3% of a 2x ATR stop. The spread was measured from 2025-05-01, after this series begins (2021-05-25): for the earlier bars it is an assumption, not a measurement",False,429,283.7259698542125,0.12769909550445135,"DOES NOT PASS: no horizon beats the spread with significance. The best is long at 120 bars with net +283.73 pt over 228 observations, but p=0.128 (standard error 248.8 pt): indistinguishable from zero. No SL/TP combination can rescue a signal without an edge.",0.03564727954971857,False,,8214,,,,,,,,,,,,,,,,,,,,,[],,,,,,,,,,,,
atr-volatility-breakout,USDJPY.r,D1,gate,stopped at gate zero,,True,True,True,0.0023921618614187517,0.0011960809307093759,"spread is 0.2% of one ATR (3 of 1254 points), 0.1% of a 2x ATR stop. The spread was measured from 2025-05-01, after this series begins (2021-05-25): for the earlier bars it is an assumption, not a measurement",False,53,2590.034552380954,0.041545369437725466,"DOES NOT PASS: no horizon beats the spread with significance. The best is short at 120 bars with net +2590.03 pt over 21 observations, but p=0.042 (standard error 1419.8 pt): indistinguishable from zero. No SL/TP combination can rescue a signal without an edge.",0.0,False,,1370,,,,,,,,,,,,,,,,,,,,,[],,,,,,,,,,,,
atr-volatility-breakout,AUDUSD.r,H1,gate,stopped at gate zero,,True,True,True,0.025799096276849957,0.012899548138424978,"spread is 2.6% of one ATR (3 of 116 points), 1.3% of a 2x ATR stop. The spread was measured from 2025-05-01, after this series begins (2021-05-25): for the earlier bars it is an assumption, not a measurement",False,1683,-3.2951055537847704,0.6718091364619638,"DOES NOT PASS: no horizon beats the spread with significance. The best is short at 5 bars with net -3.30 pt over 846 observations, but p=0.672 (standard error 7.4 pt): indistinguishable from zero. No SL/TP combination can rescue a signal without an edge.",0.02219873150105708,False,,32849,,,,,,,,,,,,,,,,,,,,,[],,,,,,,,,,,,
atr-volatility-breakout,AUDUSD.r,H4,gate,stopped at gate zero,,True,True,True,0.012199373219038539,0.006099686609519269,"spread is 1.2% of one ATR (3 of 246 points), 0.6% of a 2x ATR stop. The spread was measured from 2025-05-01, after this series begins (2021-05-25): for the earlier bars it is an assumption, not a measurement",False,411,1.2542074815067723,0.48201224728499703,"DOES NOT PASS: no horizon beats the spread with significance. The best is short at 5 bars with net +1.25 pt over 204 observations, but p=0.482 (standard error 27.8 pt): indistinguishable from zero. No SL/TP combination can rescue a signal without an edge.",0.004878048780487805,False,,8214,,,,,,,,,,,,,,,,,,,,,[],,,,,,,,,,,,
atr-volatility-breakout,AUDUSD.r,D1,gate,stopped at gate zero,,True,True,True,0.004762306669942238,0.002381153334971119,"spread is 0.5% of one ATR (3 of 630 points), 0.2% of a 2x ATR stop. The spread was measured from 2025-05-01, after this series begins (2021-05-25): for the earlier bars it is an assumption, not a measurement",False,61,189.99359999999984,0.3961133439579245,"DOES NOT PASS: no horizon beats the spread with significance. The best is short at 120 bars with net +189.99 pt over 31 observations, but p=0.396 (standard error 714.9 pt): indistinguishable from zero. No SL/TP combination can rescue a signal without an edge.",0.0,False,,1370,,,,,,,,,,,,,,,,,,,,,[],,,,,,,,,,,,
atr-volatility-breakout,USDCAD.r,H1,gate,stopped at gate zero,,True,True,True,0.03648764786316221,0.018243823931581107,"spread is 3.6% of one ATR (5 of 137 points), 1.8% of a 2x ATR stop. The spread was measured from 2025-05-01, after this series begins (2021-05-25): for the earlier bars it is an assumption, not a measurement",False,1665,-9.13682826381568,0.6203346377358165,"DOES NOT PASS: no horizon beats the spread with significance. The best is short at 60 bars with net -9.14 pt over 762 observations, but p=0.620 (standard error 29.8 pt): indistinguishable from zero. No SL/TP combination can rescue a signal without an edge.",0.016312407315867524,False,,32849,,,,,,,,,,,,,,,,,,,,,[],,,,,,,,,,,,
atr-volatility-breakout,USDCAD.r,D1,gate,stopped at gate zero,,True,True,True,0.006510206023604206,0.003255103011802103,"spread is 0.7% of one ATR (5 of 768 points), 0.3% of a 2x ATR stop. The spread was measured from 2025-05-01, after this series begins (2021-05-25): for the earlier bars it is an assumption, not a measurement",False,71,319.19285082733245,0.04935778879881514,"DOES NOT PASS: no horizon beats the spread with significance. The best is short at 5 bars with net +319.19 pt over 29 observations, but p=0.049 (standard error 186.9 pt): indistinguishable from zero. No SL/TP combination can rescue a signal without an edge.",0.0,False,,1370,,,,,,,,,,,,,,,,,,,,,[],,,,,,,,,,,,
atr-volatility-breakout,XTIUSD,H1,gate,stopped at gate zero,,True,True,True,0.07499984076297975,0.037499920381489873,"spread is 7.5% of one ATR (30 of 400 points), 3.7% of a 2x ATR stop. The spread was measured from 2025-04-02, after this series begins (2020-02-23): for the earlier bars it is an assumption, not a measurement",False,2133,27.873416682455982,0.42365622617677334,"DOES NOT PASS: no horizon beats the spread with significance. The best is short at 120 bars with net +27.87 pt over 989 observations, but p=0.424 (standard error 144.7 pt): indistinguishable from zero. No SL/TP combination can rescue a signal without an edge.",0.0446454625036475,False,,38564,,,,,,,,,,,,,,,,,,,,,[],,,,,,,,,,,,
atr-volatility-breakout,XTIUSD,H4,gate,stopped at gate zero,,True,True,True,0.03646448827569436,0.01823224413784718,"spread is 3.6% of one ATR (30 of 823 points), 1.8% of a 2x ATR stop. The spread was measured from 2025-04-02, after this series begins (2020-02-23): for the earlier bars it is an assumption, not a measurement",False,459,329.76190452901164,0.25216701307585376,"DOES NOT PASS: no horizon beats the spread with significance. The best is long at 120 bars with net +329.76 pt over 246 observations, but p=0.252 (standard error 493.2 pt): indistinguishable from zero. No SL/TP combination can rescue a signal without an edge.",0.03815028901734104,False,,10094,,,,,,,,,,,,,,,,,,,,,[],,,,,,,,,,,,
atr-volatility-breakout,XTIUSD,D1,gate,stopped at gate zero,,True,True,True,0.01314985639032265,0.006574928195161325,"spread is 1.3% of one ATR (30 of 2281 points), 0.7% of a 2x ATR stop. The spread was measured from 2025-04-02, after this series begins (2020-02-23): for the earlier bars it is an assumption, not a measurement",False,78,632.7862922803048,0.3375352805450669,"DOES NOT PASS: no horizon beats the spread with significance. The best is long at 15 bars with net +632.79 pt over 37 observations, but p=0.338 (standard error 1497.2 pt): indistinguishable from zero. No SL/TP combination can rescue a signal without an edge.",0.046242774566473986,False,,1685,,,,,,,,,,,,,,,,,,,,,[],,,,,,,,,,,,
atr-volatility-breakout,XBRUSD,H1,gate,stopped at gate zero,,True,True,True,0.07355337738489766,0.03677668869244883,"spread is 7.4% of one ATR (30 of 408 points), 3.7% of a 2x ATR stop. The spread was measured from 2025-02-14, after this series begins (2020-02-28): for the earlier bars it is an assumption, not a measurement",False,1864,106.49071440831324,0.10421032606101788,"DOES NOT PASS: no horizon beats the spread with significance. The best is short at 30 bars with net +106.49 pt over 864 observations, but p=0.104 (standard error 84.6 pt): indistinguishable from zero. No SL/TP combination can rescue a signal without an edge.",0.041132838840188805,False,,35149,,,,,,,,,,,,,,,,,,,,,[],,,,,,,,,,,,
atr-volatility-breakout,XBRUSD,H4,gate,stopped at gate zero,,True,True,True,0.03858196341765645,0.019290981708828224,"spread is 3.9% of one ATR (30 of 778 points), 1.9% of a 2x ATR stop. The spread was measured from 2025-02-14, after this series begins (2020-02-27): for the earlier bars it is an assumption, not a measurement",False,467,-120.91211434324654,0.8510829000982431,"DOES NOT PASS: no horizon beats the spread with significance. The best is short at 5 bars with net -120.91 pt over 216 observations, but p=0.851 (standard error 115.9 pt): indistinguishable from zero. No SL/TP combination can rescue a signal without an edge.",0.03604651162790697,False,,10066,,,,,,,,,,,,,,,,,,,,,[],,,,,,,,,,,,
atr-volatility-breakout,XBRUSD,D1,gate,stopped at gate zero,,True,True,True,0.014020380705156456,0.007010190352578228,"spread is 1.4% of one ATR (30 of 2140 points), 0.7% of a 2x ATR stop. The spread was measured from 2025-02-14, after this series begins (2020-02-27): for the earlier bars it is an assumption, not a measurement",False,80,1535.9308161265753,0.2696586616411988,"DOES NOT PASS: no horizon beats the spread with significance. The best is long at 60 bars with net +1535.93 pt over 34 observations, but p=0.270 (standard error 2476.1 pt): indistinguishable from zero. No SL/TP combination can rescue a signal without an edge.",0.03658536585365854,False,,1681,,,,,,,,,,,,,,,,,,,,,[],,,,,,,,,,,,
